Feed_Temp_K,Feed_Pressure_Pa,Feed_Benzene_Frac,Num_Stages,Feed_Stage,Reflux_Ratio,Bottoms_Rate_mols,Column_Pressure_Pa
326.3286225265786,130658.73199159108,0.6895446171760666,24,7,1.7751149633299663,59.11499455006179,109658.77574520062
357.7063178586004,134783.6872722913,0.6450567892722695,15,12,3.1827601666086878,52.84036835485768,117801.10833610463
348.55168335243695,115671.56304209049,0.5627616420812933,25,9,1.8847273339236934,56.551680458790514,110832.71704088125
356.6542935794334,118826.50284935065,0.5442190398868125,21,14,2.460919007435284,49.69424379848431,118826.50284935065
356.40574124192483,130611.5846417603,0.479394365181097,25,12,2.213190061985895,54.41925997779876,117769.99548756794
333.9622147954612,113324.53683419144,0.4715169417240971,22,10,3.413490783830241,58.41929432519523,113324.53683419144
359.31278499550433,148787.1220557256,0.4543408623681463,21,11,2.365947339914907,58.975310610588785,105792.90964104522
358.1881584366655,130035.83811716427,0.6789113285510955,18,13,2.5458867784534673,50.83148502354193,107213.13303414361
345.5582959829601,116018.53351796788,0.6693996819226694,19,9,2.9350609135318764,45.39877518763432,116018.53351796788
350.91052506543895,121757.10893356617,0.4689514345181647,22,8,3.4838369662198474,56.49959086560534,112891.55049007923
338.4505643395063,122930.28430467974,0.5907907808016941,22,10,3.0000835395603263,42.423673010472015,115539.20344439741
335.4901985251048,138966.7745342654,0.5047954985432556,16,13,1.5482917397541782,53.45560735145179,110901.68974893965
359.71939667707244,134893.79250288577,0.6356277329361828,22,9,3.1184780948537103,43.626400062001025,104579.4368508053
344.5966784840724,114520.15610327438,0.4586879680854162,19,10,1.2192104066219511,50.066302321718226,114520.15610327438
359.53962507938087,126758.33937206677,0.3193449473792179,23,11,2.170214004814857,56.98409272270047,105959.68670959955
356.81355608886366,107919.32848423916,0.587199951257528,18,11,1.7161797418195142,43.9419188926533,107919.32848423916
340.95819231701154,112826.16688623058,0.3509693319280641,15,9,1.433071161704499,50.23990703840573,112826.16688623058
343.8654113203338,124084.84726325079,0.5797330926365557,16,10,2.9888637344659914,56.03482064465994,119086.40057113199
333.04445021616715,145515.19265134283,0.349379012464695,17,7,1.2968938871236866,55.90489717075344,119012.44509563142
359.99372779674724,124974.78271151727,0.3215978862187143,20,11,1.8942144039923938,55.62202501363958,105628.9583702353
353.1655945703892,116893.36199661321,0.3959387394624936,20,11,3.2632324740803185,50.24772837380309,113011.97344176836
339.50762878260366,108406.33261265088,0.43761703830321375,18,9,1.2681830631853632,42.251422816799405,108406.33261265088
325.7243410930005,148666.54815689535,0.4741495558014186,21,14,2.7018629491410904,40.83700317303456,106320.35789316916
326.4695597792463,114568.44754962418,0.665356448090759,24,8,3.0870344897948874,54.27793484794796,114568.44754962418
336.62140524898723,128514.78386732958,0.39495266060458356,22,8,2.60204502554547,50.304257214685926,114404.87593893246
341.6057708391505,138616.52751134086,0.5117471358179335,17,13,1.5984898879402634,50.55845882355314,108945.66296981741
352.1976742462751,121302.61658553194,0.30323758478869745,21,10,3.167725768767477,43.50276516326841,119871.46830853313
346.8251735592496,108530.0269540523,0.30137656377461075,17,10,2.4439747068410744,47.07922385608012,102033.87051280428
345.7713970232875,135099.40087531338,0.6996172884148075,19,8,3.0030244920707556,44.76060873036452,119476.0463619373
326.3980568455211,142611.83848648707,0.6817056719113035,25,13,1.7009591699967053,45.190717117552296,114084.87966545322
355.46196332835245,118229.90486843025,0.5760210693026455,20,11,3.1329543504622257,44.997640490909156,116472.8572623499
355.5593069842832,142270.6841794387,0.384336836800795,19,11,1.9001417843537245,58.430084602174446,103872.19455912635
329.77758310180275,121650.22841518855,0.30000032975648144,18,12,3.1309381478845566,55.068578839916896,115602.54670591987
355.10780899880086,149896.77372874034,0.6810393365648796,24,9,1.815766930257802,56.47913631940376,105950.86763894818
320.95305710421445,119334.02556862475,0.5406678017969433,18,10,1.9964239292710841,46.416585036864106,112970.84570618652
322.83627748150553,121845.41517685913,0.314150329010017,17,8,2.8526124897384824,58.98500405058067,112656.28902238925
344.13133349378535,124233.81472561491,0.5572257134862231,20,12,2.313169446028568,45.845390047095094,113890.49644012182
350.52658514148186,120089.92497623274,0.6074204336777932,15,7,2.6067392636229485,43.08164446085231,106810.84354994498
341.1263087674339,117480.11807033468,0.5944940711433944,21,12,1.9441539998420105,43.198236403279736,117480.11807033468
329.6102504925924,113722.13851679757,0.5022258167644635,16,10,3.0383208966874715,41.518171822066655,108433.36918244426
350.5046381569746,144561.41481720615,0.41230411575301096,24,14,2.6637743362988964,52.53951269589114,102304.71395622453
337.791580561878,118484.94917598367,0.3846079100188029,19,13,1.642649322955762,46.77925475168913,109322.03553801091
349.5869251503716,111022.69895277485,0.6888371671493656,24,7,1.786782183338401,55.74400218277572,111022.69895277485
350.0839057195344,128367.16528402688,0.5968262728083651,16,13,3.0306693736343506,42.7148024246043,119232.53292028767
325.11588482657476,114191.78839887705,0.6219093642901158,21,10,3.185735698791974,46.94509343271967,103163.31416754157
346.89526422561937,124804.27554831223,0.4593486544648138,24,7,1.707619389295105,52.78096982427023,109362.74561613952
354.1461944916455,143447.20700460998,0.6876834978796995,21,14,3.473438806861809,55.49603896885277,112725.35378910102
354.24285693740165,112922.46152647713,0.5162069970640725,21,13,2.629285866947244,45.799130934124335,101408.39611294853
338.91134189539764,132210.8037824276,0.6373340823857836,18,13,1.492000761582467,59.99550439916284,113566.76617538228
338.80330556293234,138918.9050301629,0.4435096031288487,21,14,2.007507536475959,54.25642002683682,115780.26464706559
328.0926468010158,118090.63572570602,0.4943910968997474,18,11,2.2351038107965135,58.692609038984415,117068.11374197976
350.296027102628,136361.77401617702,0.5874113542780535,24,8,1.7858358040622475,47.64482050251546,117205.81777718902
337.1384159376333,115615.1689036493,0.5853592115044417,19,10,3.235925916455277,55.176671039417755,115615.1689036493
351.2795002164618,132739.73583859878,0.30614713039369457,21,9,2.583251318732769,56.125656791233666,115438.19724073817
343.1160598975402,142447.4307585187,0.604319935559551,25,12,2.8211164056548492,57.362242554000574,105808.59558600621
322.86950616252324,123428.87616310499,0.4533795789623649,19,11,1.6637225124127601,47.786524182701704,116116.59639665941
349.8622073071214,117774.29977919416,0.4020451647800107,19,8,3.0582141770054925,48.987832291789154,109924.42705591975
348.1407011031715,135713.58389051943,0.4722893260598949,16,9,2.2823729972922466,57.242149133012106,117320.94310734356
325.59934487866985,144719.22757817688,0.6411876477461372,25,12,2.380235428933089,46.30905057630882,112149.36924277821
331.34284381509474,112830.99642660662,0.5050024328679357,20,11,2.3953052225445948,49.49453548785213,109651.56393018086
353.61488887920996,110639.77449751759,0.35607174398560126,19,14,3.460660006092949,49.526249202056356,106964.25519718874
350.44925243537256,122145.4880974423,0.6100265120947483,18,13,3.192259850764718,59.59232988662651,114687.27722208132
343.3390703694441,118723.36738499842,0.6130588957644251,20,13,3.225780609568413,45.00976016040488,116072.03851406157
326.5334112673904,117717.34149559058,0.6200789786400979,15,14,2.2607916449210266,50.453184077946204,117717.34149559058
331.6748956881869,141120.44441806176,0.5961953956690353,18,7,1.8444536570653565,45.536522803785715,110393.11173703583
359.00962726800225,144952.10369285545,0.36288370299221423,21,11,3.0895985954875465,45.514483750204015,111870.75751073759
353.64808970719423,120152.86136832435,0.31997870994895156,19,7,2.2377124566680178,48.2475040233264,118456.31468003576
335.05140082841336,133214.53153718877,0.6391431227530744,17,14,1.4628779517317687,58.12383942590513,101837.31753321843
337.4354331503936,119989.93279295412,0.38928738977991684,16,12,3.391253072057454,43.911228364467426,118105.2907694165
337.25001698400894,112112.4895993501,0.3273238440156587,24,11,2.716391885407356,51.14700860914668,112112.4895993501
321.9569448636834,104194.23399202594,0.6341819103076273,24,12,1.6554229406413428,42.283529426087924,104194.23399202594
345.7334691237063,140128.8165939715,0.4039128505549686,16,10,2.1014186088768487,53.8850825479354,113736.47402985915
343.4149491731324,146036.17304263462,0.4077829410160714,22,13,1.278005294642981,46.01273362040565,111160.41036927635
339.0509423025288,120724.53354385926,0.6353169170559865,16,14,2.8423785051555504,48.26142909231847,111008.85403157376
320.6073670711984,139089.75867295312,0.42245211513026937,22,10,1.8823159536203264,53.434783470497685,112936.26585762408
320.9000943839018,132909.19918086275,0.48483577167772907,17,10,3.499295879775624,55.873620973180756,110930.0257835668
352.10273625551434,145892.07127879316,0.566353232744071,22,9,3.295678245256229,58.17739505736037,103700.32563103938
348.86202538612804,141239.4495157912,0.5865408744251257,17,14,2.210520091515362,50.85618667167547,106575.1385242011
320.3361438766522,147907.6256701421,0.46831364222033656,21,7,2.3619395984853337,47.19437975568086,107957.40852875578
332.61722917602117,130882.22079100779,0.4670647578549638,22,10,1.928230887641489,43.989072242762205,119865.11703349419
323.0361656223078,134448.19716088922,0.6553270097894773,17,8,3.3504362120277893,50.4138320875206,113197.72380381767
348.5602308834814,130680.71500274776,0.5733973422292697,24,10,1.6648163031795933,59.52019882027998,115907.24441283422
326.72638253574394,103086.83835312951,0.6403228877150342,16,9,3.1694472743104853,42.879342935539796,101979.81985914541
347.88174366924665,142674.75273822818,0.30055692144176377,17,10,2.4366292945459405,41.91537927673414,108804.24822609423
336.05067888455176,119267.08895987392,0.36390113870434704,21,13,2.2414019745788956,46.11676522293051,119267.08895987392
357.08054864824703,124927.80154817735,0.36525446896195335,22,8,2.01291577480294,57.738182977113226,109339.13950463747
336.0906255281054,116537.9324923276,0.6096156970208039,16,8,2.2976491808028325,49.43466456102198,105327.47007282234
335.87686345889057,119611.40595657492,0.650671630996309,17,13,1.878597065673114,45.20244529505541,107851.12123930948
353.2301889868016,120168.17482737388,0.6093977191523403,22,14,1.4471311841185206,41.435849362214874,112169.5098484447
323.4025664776474,135394.38301745427,0.6681550580745117,16,8,2.9206685801533134,55.667136415991294,102908.81378556472
358.4528745596646,118039.04709826235,0.6689254758203844,20,14,1.5695697145299872,41.377275784989386,118039.04709826235
329.48139767366314,129514.51919604694,0.5721716485679009,24,10,3.345731483644199,54.50425553283799,118611.39680099956
339.3928092844011,126255.4231777016,0.4620941326902383,17,11,1.526100210379593,53.220020993185784,118625.364702858
357.66460248109337,132235.30305259267,0.5133946207398451,23,8,1.7015697800261478,40.168377923682094,107976.36023699681
349.04117795708794,134072.90540506592,0.5579214843893923,18,9,1.3281179400546188,56.740139331815875,112194.01249936232
330.40801718600534,114263.78434849693,0.5725109611838444,24,10,2.039361777145017,49.31685113146837,114263.78434849693
320.26981639341795,113548.04990933846,0.35678313311908516,21,12,1.3501580834065023,52.972970865149996,106719.12671092026
355.72413951670137,141065.9077162023,0.6746395216037058,22,9,2.89471558421974,59.959749074123835,111775.43301734769
329.115774130296,128406.58671304201,0.5076035149081637,21,12,1.8203647313894589,44.644418817580295,107378.14031211952
331.2119349255082,106394.73280232462,0.468753052573994,20,14,2.148740530950687,43.13276793614392,104027.85689224637
357.4783853438127,109302.32206168273,0.6298750830434632,16,11,2.969648835932058,48.845092524421005,109302.32206168273
337.4942823561249,142706.83905337373,0.6875032012783009,21,12,3.222435799960505,54.424598378198965,103932.01458304415
340.1327528013104,109895.24178726289,0.6982099762252036,25,8,2.9907215244550156,46.97525542465036,108718.28034864551
320.65409167072613,132436.3447200588,0.5167851089237256,22,10,1.9031156958551185,47.10221642868819,101964.23876506467
321.40154290205646,111622.80191018654,0.352368511111777,21,12,3.027459090216663,59.54557247212108,109447.29931573382
354.8938122375653,136826.9525011525,0.3955835651299724,15,11,2.111799085439977,52.86733390515409,110990.27884316945
356.0264409381167,136698.55568089802,0.5896621821303616,21,7,1.2597986031856891,55.574592474035676,114238.43678328188
326.9593637193547,122015.71484033219,0.38636920688786,21,11,2.093800561118665,41.234158025542406,108009.35052731149
330.4609195998482,110245.37488041529,0.351903050342318,23,10,2.9485923486716294,52.31078034177617,105138.375441696
330.72107566530536,129331.83512051341,0.34436522070518183,21,13,2.1520980862254704,45.836641397629556,111637.51571542406
321.28084178728676,126135.13295988573,0.3477864995890458,16,12,2.487917196940935,56.196345455342154,113017.6055784971
335.813854327287,136962.4308945947,0.5257841237541153,21,9,1.9867627771466982,57.084888096668585,108669.61340543527
350.00309624325456,113065.8393818059,0.5179270926872044,18,12,3.404749438682229,41.66723250105317,109084.66417155629
352.97994337904174,108853.99063239715,0.3323026041737213,16,8,1.6758248139625134,57.33346532513177,108853.99063239715
329.1404985209496,147890.34280564255,0.5534631969610195,23,8,1.3806038585817013,53.69600390663993,111545.22777032417
357.2810884802777,117624.00795440754,0.6581860619210932,16,11,3.389410048537777,48.16550556272411,117624.00795440754
332.70924131173473,143362.01320710778,0.35035002653305974,20,11,1.22735159485081,57.549112668741316,106662.06576370941
358.59199823327776,119058.02876494253,0.3872604759154089,23,10,2.5330687485528576,55.133618707004274,119058.02876494253
348.451835504262,124862.70076172345,0.4763406962102118,19,7,2.91233089300121,44.06249016511194,116199.99532966632
336.444680714255,114791.22952736157,0.3091443355330236,19,13,2.471664102855657,44.709086529524356,109000.71620212229
343.18398497600145,146999.22129969264,0.6527662583691523,20,11,2.9757926407435873,43.69945742761769,114135.09471034515
343.79603518037294,133863.65146807497,0.6234843680733401,16,10,3.415095518044346,53.72505086018243,117815.66971906932
344.6329992386049,133334.67006837644,0.5781184969529258,16,11,3.4440769321591462,55.65768572775522,114379.66159808796
337.04009733838404,105175.0912381432,0.31198744422486147,16,9,2.9410662769556266,57.594384888072554,105175.0912381432
329.3118280531467,133659.96491791992,0.38553961539301645,19,9,2.7541394160878436,44.9446908500198,114759.2409984972
339.47598259945227,123857.39073955256,0.48403208663670755,18,13,2.621880307523444,46.93125952783603,105774.21074084463
320.3978738202067,139376.86472720664,0.5280095768510888,19,12,3.322771602005651,44.18079223937405,104267.63436298953
322.42847899745686,136371.72289131006,0.6533629767611618,20,12,1.9529776516820112,40.840677031516414,113978.84543714346
332.1295146615091,137820.48666247056,0.6455686115209535,24,12,2.870893137601031,55.52675841677626,108901.02732756227
343.5322811554544,134742.52329083352,0.526022965666615,18,14,2.6396182137051207,53.95430442319724,109844.37500023784
347.86117798590953,133963.4586783495,0.5456546526218631,23,8,3.238591921133299,51.523127728930554,109895.94549210428
348.1159101942049,123168.582089238,0.641691101503248,22,8,2.091917872638419,40.05288174910901,118089.82717887418
348.3765403435901,135518.09401449657,0.5476291339709389,17,12,2.642066731941596,46.48319950066032,112120.83702772776
328.79428311660774,122688.00514793392,0.6274365910464741,25,13,2.761576492191049,59.68738098026468,103397.1491195431
336.3523656065756,133127.9572788674,0.40944403045341304,23,8,1.2387159881881151,58.232563588781545,114740.22838035252
343.03035882864765,140551.0306473803,0.5519622506546644,23,8,1.540093042106378,40.10562538018892,113223.4615762149
329.9317943227516,128139.94689409246,0.3211740071176875,16,12,1.6784459733263053,57.983800826018516,109455.69067701735
359.74436438639293,130498.0074013247,0.3598963006610964,18,12,3.1214197803376607,53.487049229122235,111673.09659739869
327.9493653288869,125649.81720010244,0.44006004429273393,18,10,3.4080703518169964,40.878369469248604,116494.61321849833
357.4265819354554,117314.73912276933,0.35158904340512953,20,11,2.8109771114510314,54.9665887619091,113900.75199396852
353.7606250428726,112415.17779359505,0.339216044334484,17,8,3.0479292132675324,47.57804955506063,112415.17779359505
327.86191304781516,112429.003133382,0.4391851362375514,17,13,2.386463359950444,41.09177488639372,102085.73527964343
329.5636170887194,106776.60437482946,0.6069410301521839,19,11,2.511884756105684,44.538379659494915,102092.02613734276
347.72889542730917,125308.32518874927,0.4269033214778652,25,10,1.8212852364431835,58.56724228174535,108631.52299892726
346.44938488346224,118225.24682654499,0.5792085139941638,21,8,3.38061976980742,53.71899769687472,118225.24682654499
354.1729992344973,134598.90614165232,0.4219209669461682,16,9,2.2064810086710462,54.1278428518677,106162.53201849588
357.3885954646553,122812.52943142281,0.46931395967536915,20,12,2.653695236489428,40.48101377074571,104832.11871833212
323.1232479924376,134564.47692502817,0.40427630871663683,23,8,1.864055316129826,44.45938671884786,112244.91652338255
342.09126273506087,134991.87667895452,0.6676440561887947,24,12,2.659331476454257,40.358585612914666,112361.91770386703
337.2804832249764,138800.05375656317,0.40079069749356067,19,8,1.2145353323234993,57.81740123574578,118145.21561418762
351.812305868301,123370.79242214673,0.3946923449442627,19,12,2.343021031004055,49.05899374839554,111498.25344243737
328.4938840745145,124575.53746418923,0.42422330051175855,19,7,1.6811819867247837,48.533757915704385,101731.84288982864
327.68775583296195,118419.65068905044,0.5335510757469538,15,11,2.0164722887404656,47.66199289020809,118419.65068905044
325.5502570445325,142068.45447970013,0.3235890462975581,23,9,3.221106686562621,59.35628381611207,104476.79095459374
349.2687956641605,130335.99226289915,0.6239394134279476,17,11,1.9608657131302991,52.09605784756813,119723.04262445768
354.71861138697307,122637.32100688329,0.6842533129315582,16,13,1.425961549269699,54.66784283960543,115394.33521316074
353.56400505713015,133017.70541933956,0.510339358378627,16,13,2.0990748300101334,52.29058704029839,105460.50630135633
354.0276884529836,122942.03995369522,0.5343736674854285,17,7,3.257802548995639,50.04768003626181,104150.84664231274
355.38644116708446,102472.705694494,0.4785248733682712,17,12,3.0237289620144963,58.955391399924125,102010.8354826038
320.5690625849579,126833.73671205142,0.6174850184679062,19,8,3.145986880478551,45.93260772193963,117187.48633327057
333.5204518125195,127396.73319337296,0.6866702007308447,23,13,1.2607958177560907,42.49092918735444,116157.95342868904
323.85619993167336,111399.5024446609,0.30965597275906626,21,13,1.8334570823308591,55.356913471246855,111088.77768560403
328.82595139820637,126668.10666042715,0.6214402160066697,17,7,2.246460310441729,59.44001721812718,111817.46671575373
359.15327427262804,126949.73087222564,0.5038750359920026,20,8,1.56435355397847,41.72438519178178,111957.73166460294
350.2124935620599,132975.1633302897,0.5206783618145374,18,9,2.3203709505231336,59.49858630302205,109145.9911484064
345.33862786737143,113927.41389688123,0.4012513033912119,21,14,3.2037390832779558,55.6851603562075,113927.41389688123
358.4341387721027,125541.08106384434,0.4515768700666042,18,14,1.6978180557161031,50.93190928617011,117655.1064641178
333.41785470666565,110641.62275979799,0.3435179455981904,22,14,3.3596858717988356,48.28496391306032,110641.62275979799
343.67034397069307,116114.4110911833,0.36847847904309117,17,14,3.4395223307295213,43.66482921893315,110447.50630397066
326.49607298555634,148210.77918996237,0.6851726000525593,23,7,1.8062845435769534,43.855153620824346,106629.58234300968
337.81810336341107,137016.59257886448,0.47824714350646225,17,10,1.955965235584128,54.0843841210436,107864.76154154101
359.62476431178396,119345.65029745147,0.3149477681982164,20,8,2.7628710649638784,42.904175680780796,110669.54019630216
359.4347141211532,132134.4490588174,0.6736895898810306,24,10,2.95280979454801,45.044837564969825,110548.69447156195
325.66781768114515,119190.17252537429,0.6659471667140512,18,9,2.2743002675282584,55.205191701406264,119190.17252537429
345.6638020534198,147278.7935094983,0.3114440010867605,20,10,2.04298879254512,53.38714217368515,110458.11278184608
321.87317577507815,115699.25256144923,0.3076954783011422,24,8,2.5613613345623705,57.86368014660465,115699.25256144923
344.2500287358472,116263.16454446546,0.4965579849167634,23,12,3.411230860151832,46.871692286060224,105866.37112095598
359.48508297647254,129005.18256279548,0.3386323239068485,16,8,1.7479075674117457,46.077415059860485,111110.90264400425
329.4077527902343,131740.72268484387,0.4373736700651636,20,10,3.040531939915548,49.95059218624791,116580.40667843481
327.2999439815833,130105.15002249845,0.36044009166182117,19,8,1.3075334059532162,42.56439145782313,104790.70688495587
330.36322229258354,121088.84877919596,0.3937367410267452,24,11,3.1421978989073533,52.03635802734535,103062.02273746411
340.7409845408803,121985.92016923768,0.48455228432739816,21,13,1.9728278985115724,58.6086356285702,107905.84495699682
352.13165563046493,148620.09743548633,0.3976148502727985,23,9,1.2660356948313178,46.23066971063923,103591.96864360462
339.60303427301136,140171.71567294188,0.6513423003295853,24,12,2.4951349230506477,46.64398021238487,117015.49481182244
340.6171071156859,146506.78020832618,0.5144889473339509,23,12,1.7196982429103005,45.77935619492234,106427.54237499801
341.6884318618408,142171.83446574782,0.580948681320814,19,12,2.5251105590868064,43.0688447833609,103910.05297487511
354.2899424132355,131112.0504694146,0.43127497307329093,17,9,1.3033717028356548,50.21020105746118,116758.4647354082
351.7697383635448,141014.05927279583,0.4272519166569851,23,11,2.8994882478666417,40.75974866819489,113522.69834771086
348.24203396744144,139188.84023372625,0.6338957711161617,22,9,1.2224952053337539,45.40049095981151,113348.96060240318
326.7743023582301,111896.50022653915,0.4538400780268125,17,8,3.3075592834537897,46.99399642091762,110552.48582297782
333.36939141728425,123767.83708194358,0.31697660693794105,23,11,2.1526235706876586,48.047604805154364,106944.93806452869
322.2786138275681,146768.79758123052,0.6468666684634663,20,9,1.5890682518635508,42.146172171335785,105120.93797941938
343.2255567076174,109374.6588751868,0.39401583068405693,19,14,2.4496850462461977,44.590081082567195,109374.6588751868
322.6829776800215,119013.75157030503,0.4428208345125034,16,11,1.4701706126657685,44.73459063747249,103438.53852989912
330.2403266951919,141861.83710709348,0.40752189136663564,19,10,2.4037897114351625,50.3640948968547,106870.39930300711
335.9102846519422,120913.28951166541,0.467963456956233,16,12,1.976933181186363,52.217966056511926,109897.26239489927
321.68248989614017,127894.62003345139,0.41631507227374276,18,11,2.319735828788197,44.27678529792061,101894.15220499795
353.9016822021202,131290.6278596725,0.41677126321444047,17,8,1.6960994222639605,41.25244140139632,107882.2529775051
341.79173614903306,138714.62637512205,0.6259902041205069,17,9,3.466423955138673,59.22480462333795,106562.53007051109
334.59410945129076,126046.85525964541,0.6136342169249753,24,9,2.1289183613671514,44.40480904827144,117562.18083032135
328.5331989905237,129584.2638319554,0.30943298887792964,17,13,2.2315098591592415,53.529580989068094,107106.64089030486
338.06242843665416,148077.8406497999,0.3369973177826466,20,11,1.6622181734896309,42.019094115611594,104055.96281210211
337.9287580682294,132024.59288014652,0.45907274058480074,25,9,2.7227500469261505,45.324718835087886,108242.16542389354
327.2232486189771,129249.72112348079,0.515231511207102,17,11,3.2003188918827004,59.050369281833014,104995.72518856626
345.42060061228216,106981.9471120553,0.5199276211330689,23,13,1.4011947266456013,54.98101880253103,106981.9471120553
326.4050757544984,140343.8775236089,0.6508127809285054,17,11,2.683569629812073,59.47446821710663,108022.374723378
324.06383446479435,122719.62801397216,0.34163387761848074,24,9,2.705512401223219,50.97847969144117,103583.52154316119
353.36483775592285,145126.50072709323,0.47481847509813324,18,7,1.4959787570824619,49.461359932632384,106472.18824144799
329.6770205350391,147508.71512483407,0.31471951598488596,20,14,1.9689859071831184,47.82386493226973,105843.95146581467
348.29024664957785,126622.49862985656,0.3790368729038879,19,11,2.0096339185314864,57.30289945641941,108460.9628948169
342.17433718344984,110810.59142673583,0.35047159357099333,15,14,1.2533861485470006,41.682567903199846,110810.59142673583
341.0507593942593,128652.53751334356,0.5894878066488585,15,9,2.883903811020862,43.784553254099485,111329.12179714166
321.7284207230792,121173.88652932143,0.5822735295086989,20,7,2.9555118846367403,59.12043677625339,113373.48895422257
358.23079861649387,124470.27046567718,0.5800829867005415,24,11,3.0339432566176914,52.420875810484226,101600.90616962382
347.5892123914399,132423.1958193054,0.48208413320083177,22,10,2.1817794582601775,41.00826394742509,103133.03064836808
328.6881362694448,144831.16834531352,0.31830680076303147,21,9,1.2286336341243378,53.1735026949515,119785.58096250184
331.8449325164084,143669.3046891976,0.5956937450558083,16,12,3.2437121615774602,52.94792746442473,119205.80748033233
320.9853004553262,141203.04363258492,0.5028692221633005,22,8,3.3423865326031157,49.24449840101736,104112.24423028754
336.4038972575823,142956.1497981182,0.5309885716769952,23,11,1.6342463398664875,54.04751343997623,108277.10989029502
334.7918712281319,142239.72351491457,0.6724395776117688,24,10,1.5496266516641106,53.26616934266429,110186.41841383312
320.2116765103257,117197.4096349428,0.6081680051376719,21,10,1.3834388876215178,49.1313794406602,110028.85326090216
331.47483977830245,145646.6358818732,0.6786735787066341,23,11,2.5820358716062968,46.795694422085056,109104.68015140404
339.58715582804103,136005.80333712467,0.6537814570160304,21,9,1.9081856277192581,54.156632860836254,114053.80180030855
342.96852360321674,119926.24839603773,0.44449907089112844,18,13,2.8354619231008305,43.4637875967579,119926.24839603773
359.8107307753604,112061.8193678021,0.561826066851261,21,12,2.93229995771307,54.950925245712206,110308.5719621878
358.2872391787126,113457.80030719267,0.4859451185185212,24,9,2.4077016499155444,50.27829233679594,113457.80030719267
331.0036414624143,128010.23996534194,0.6243380162927754,21,11,3.0330893993654087,43.58485006823858,111175.40641159694
342.8878600863233,127061.8636274731,0.30191867751355894,19,12,2.7119129240308166,46.128097397691306,114362.92316917931
342.3259545417138,117692.52927489436,0.34623894775275854,19,13,2.7511564042884133,58.01227984434148,117692.52927489436
358.27724736740515,116976.58767230749,0.69302500157768,23,12,3.159370451978682,59.88322884936332,116976.58767230749
323.05236831600337,112735.11513103906,0.4487642334478297,22,11,2.253728580126889,43.3250106885852,111505.74266120594
351.60098697530816,119002.74840958926,0.4889094250585748,18,13,1.6541714633079325,49.06741318758983,119002.74840958926
330.8337392362318,110933.84136319389,0.3800520897790822,23,8,3.045037455113481,40.02804678885201,101687.44745616429
349.7090634017893,113510.03260880972,0.5009743455954704,23,9,2.025855553750988,45.09934149484094,109959.20687908339
327.26255718059684,114410.67942822106,0.6384502881636664,23,8,2.750048466737712,51.21825950837334,105494.28113502507
338.4949260440611,132945.1835183588,0.4182583056770984,25,8,1.235400694133715,54.069627815708735,117233.58273791632
325.43614223436197,117153.8693358777,0.4110673324760162,18,8,3.005223734467844,41.30175240175563,117153.8693358777
339.02060727617607,147073.72471270512,0.5072788457868339,17,12,1.5230792164397182,47.26682702717244,102262.6216710645
352.83561253012635,120955.95800991534,0.5730612773403653,21,8,1.558156034043538,56.30423189999571,110430.21935617001
329.196553313547,144354.29227213046,0.5452300714252087,15,9,3.4680140081085353,56.01291272865467,119360.73856466351
342.6796163444371,135878.4400110415,0.6119989941789974,23,8,2.937392003744942,49.11318717186472,112306.91245735649
354.95036265070775,127363.78954934813,0.37527364836145694,24,10,3.319974500649092,43.105618432392,115293.33684519352
344.99649048287137,116001.86131031612,0.4771621368321533,23,7,2.5451373049640758,47.51588183618457,115065.61566080987
332.6777089523055,117125.80118293846,0.35390515943718076,19,13,2.715177138968184,54.32868706150159,117125.80118293846
350.9395971498584,140080.32053714152,0.4516073767066481,18,11,3.0129434123560106,57.42125721354158,105479.26798239243
359.6406060204067,143157.29677124857,0.6918820500530249,16,13,2.1844200243181553,44.3138080290318,104074.07732686131
356.44075062266865,133813.98102256012,0.6035566681979667,17,14,2.866761955189384,56.58401779810325,118356.81183190888
351.2988343404278,122499.38011830712,0.427812206342865,15,11,1.829189136789871,57.14218356657314,113203.24645540716
340.0336783630767,143601.3332944529,0.6915914463759082,23,11,2.8075611908592695,48.605611815533024,106277.26097510451
328.99281062692654,101469.6818084998,0.3191578365913814,16,11,1.225277667922083,44.97160167177438,101469.6818084998
324.8877561292604,108654.96941048988,0.49218607137783005,21,11,3.2319874551226615,45.971716286475704,108098.20238860193
357.00384796378927,138210.04498663385,0.5753390549881545,24,8,1.3560889027207392,58.48621793423379,102206.90081267952
345.23317741579825,114438.08779968014,0.41012512723990724,19,11,2.1745639940941834,52.73272624366976,111948.63470216737
331.29600103991936,129827.8579801973,0.3230894366688016,19,11,1.7461484868279178,58.87989223268844,115350.87255716484
357.27007198804824,127935.60849097121,0.535060695860025,22,8,3.360682604421026,48.57180249146194,103361.35960902277
333.6475731431897,121378.23341474513,0.42043648695372576,23,7,1.2412704243279074,45.9533374688248,106306.12815760703
345.46193728947276,141705.13570537211,0.4443245247593923,25,14,3.3627976157714077,59.0884147989379,115974.39219260088
355.99685491321475,120272.48778202987,0.6940871118380872,16,14,2.0508061175977748,48.89978291904185,115121.81881891839
357.14585735000094,121584.77286783072,0.5696869536156359,24,9,2.192778923352124,53.569246782990675,106762.61700864538
354.1071039002586,145467.41871876485,0.6487188412516977,24,12,2.6243859851494022,45.037794074503395,108650.59221542801
339.75032703319476,116624.04138404068,0.4297988618636619,23,8,2.2914766856167383,41.82681693955048,107803.89855511834
352.6949346171839,131945.87372787445,0.3818535182885205,22,9,1.4526767917141035,57.35695910200309,117980.73626416635
320.69448536024106,107692.16308867895,0.6397872545459815,19,8,2.642550803204581,40.96329752379411,104932.2675335957
331.9764600280359,111133.58473451759,0.4808945615347451,20,8,1.8368786662007228,43.86831130989743,102070.91768304403
323.6339298503343,133746.22682004873,0.30836919302861543,17,11,2.4534167673418485,40.77800680841735,119603.72885974983
330.0566519599237,146468.2594499532,0.5805295815333982,23,12,3.21559735475494,40.70292497327853,116810.67589387085
320.41999929535274,129472.82528159732,0.3238950192609973,21,11,2.6942570214506443,49.647890786731466,104954.68405541714
343.49076224664543,145021.83669707406,0.5123960030374216,18,10,2.3375669407116977,50.587666071057974,109036.46249430814
326.6865311234738,115755.83316694973,0.32504221197133143,22,13,3.328078890796597,50.571718887838664,115755.83316694973
334.08458171314703,130735.60110471603,0.4733377117222438,22,7,3.2533361547555533,51.641164791408784,110662.31150875741
320.7688027512549,117579.77303836352,0.34916934717673737,18,13,3.427520369006867,56.64865579811699,117579.77303836352
327.8081014742068,121898.70284393974,0.5213984318196335,24,14,2.6281947225960947,52.360019287040885,107276.79622001977
328.21842732753476,116541.65949851279,0.4098736778135813,23,10,2.5592297325217586,49.735536252647535,116541.65949851279
339.5485570863759,129960.81812639363,0.6600359966605244,19,12,3.292855090214675,45.30983127127801,102787.9765189913
337.3226031395867,123955.99734502763,0.6540862317705186,24,12,2.878859820985071,48.81906581831092,110279.13000331164
327.75597920482056,117987.58984332337,0.46011036302366765,22,12,2.0179494649375758,55.05761685219555,117987.58984332337
325.9832620345507,115592.99899625439,0.4145605774936444,20,12,3.272445441589241,41.17655706768052,106192.30339416327
338.4077386685091,139705.92438008712,0.31012637277105365,22,9,1.917086841796238,48.50621118423382,106494.38593587113
326.3105811261507,119840.52009851352,0.6007023975698262,18,10,3.070737006003052,40.18896933012553,107558.81219293075
335.7119220560206,137913.10290427637,0.5380220079736115,25,9,3.3568388194408563,56.79518650419261,111345.44890312881
335.3454800429659,105337.16549620945,0.5396731057910167,17,13,2.3242219485536486,54.62232910917388,105100.5929025465
337.37822056184325,134840.98746316927,0.3266675921957873,16,8,2.9276689979278974,58.72253757838379,107540.63834664602
348.33869206658403,123475.2366767821,0.6113926436011126,21,11,1.2514855756339083,47.4374461245277,108450.54914557646
334.39040997752505,118657.73702391634,0.5369809209201609,21,12,2.4303690640536937,57.49581108506568,118657.73702391634
347.0728204297309,108534.20709400823,0.6606181395748103,18,11,2.329649519414647,49.35081991921257,108534.20709400823
354.61445112382665,124264.92024232504,0.30669295193354323,22,12,1.7618504202104694,45.36560495908976,101802.25647518151
346.75116891142875,142758.5589435081,0.5910725324813486,23,11,1.8777004057844238,42.9244444794218,117935.38958226898
347.3632325719837,134404.57702149567,0.6011091992240883,20,11,2.2695008348176566,45.66159478720075,116554.49315554008
320.8108236817168,137525.8890353594,0.511148770609887,16,14,2.4198603601484283,47.167635601339676,118593.25270867601
348.6431037645341,130213.2727668075,0.5940226297080673,23,12,2.9518410839109266,57.856013939151254,108147.85608525871
353.4183823471995,149025.70822829398,0.5530112081274018,15,7,1.6910895707229903,57.881733840412394,101612.4632989503
349.7993774022807,130163.24780412763,0.5157909066349273,24,9,3.315027710755122,48.33114326002319,115591.06203389112
323.66606501764176,115935.55907126899,0.34107158022886663,25,9,3.01849222078704,51.108350483159505,115935.55907126899
355.60041756180175,122393.7803978392,0.5974810981675258,24,9,1.410609359794329,50.081516184073436,112877.71394174194
334.24872890435995,117385.1233636212,0.33992020861204564,21,12,3.2182972783609793,48.91824730083912,103855.27955875531
356.5840841058482,130051.53383388772,0.6019465160608997,18,10,3.32305103531347,53.92340482042679,102707.56656594452
321.46116620239945,137562.72776226635,0.3351105083264179,23,8,1.6224757910060308,55.380625565818335,112539.23196081439
332.16604748306594,132150.16989871222,0.3356190077909298,15,11,2.1669860787516284,54.60714867598707,112458.52103225295
321.4813006525074,118728.55493908348,0.5550620187542646,20,10,1.784145411871592,42.41703096268091,118728.55493908348
358.69578238286033,118280.76412553886,0.34274988783391636,23,9,1.607289285130105,50.913370151690714,118280.76412553886
341.44121834204327,136453.65509307204,0.4259655006853086,21,11,1.3524622440016225,48.96189598984242,106506.61250374731
351.5622552291734,130243.04456647435,0.3129552995095224,21,7,1.5466074996254764,59.971831227838074,117115.219361575
325.7641229602852,124004.16171145596,0.5402110345647888,20,7,2.8563071498747945,56.161677784734096,116085.4853855655
326.2039639068567,149121.1802544318,0.43036695428073946,21,14,1.278563503845424,40.23674834770557,105673.95664275241
342.22506276472024,143982.17274589292,0.6446415047700318,22,9,2.4449255544729978,55.11362954618761,110350.95486349234
321.55229966606146,143043.15981926635,0.3741770621138901,17,10,1.4360472799566737,52.89892045898829,110515.91184910422
357.6188458718779,116637.84879575277,0.43194619993540295,20,9,1.2954742299404949,58.479292466338634,116637.84879575277
338.9209361571141,103706.42201741695,0.6435055613313553,20,10,2.046072814510194,44.79790976758513,103034.88203737524
349.80660858391366,147343.97557403042,0.5058478672234203,18,13,2.155837511699623,45.4589411397923,110200.98796316824
335.77606988887845,133890.5574574713,0.42359061355744837,17,14,2.1790101512006204,41.212472365081055,116373.42999098574
346.85528747874656,141464.39904740555,0.603858562666079,25,9,1.5910946415560674,46.330962181743935,111662.40730367044
349.1412892859868,118384.37812630436,0.4576114187972927,17,7,2.8024262314413355,54.45046585038888,112454.1126320702
345.833174132468,118206.58121675646,0.5327775684991861,19,9,3.276026172995758,45.288023108019864,115316.0580776204
338.11264743432554,117402.57122146671,0.5703192234917202,18,9,2.257929368038573,45.248307746415655,117402.57122146671
335.52100732282713,116107.42123406536,0.34584035676078095,21,12,1.4864268422969784,52.57064455559431,116107.42123406536
353.0521771160574,119982.79245361939,0.5764237909937204,15,14,1.2485074007525288,45.10315776258199,119982.79245361939
353.95090167356966,128323.35938831326,0.43967012926848004,22,11,2.689250711208709,40.21902146687409,103748.95607100426
340.23311779453445,118700.17560545082,0.5847296389531593,25,8,1.756558880727849,41.19735238871481,104972.24722723581
353.4849534641114,149156.61985739053,0.4606325050227241,21,8,1.9217712273349579,43.39632600546551,114280.76065719433
346.5166361219419,128473.43154959157,0.576906317980907,24,13,2.787322066020134,56.511414202668576,116341.55697283312
333.27935485319006,124175.73213543056,0.5316159393149518,22,13,3.268881953577563,54.750531491888324,114209.15944901347
342.36414543330795,138603.66398228245,0.475746148866221,20,10,1.8679432195062002,51.13216342438944,102515.49902729063
336.6943131052464,144929.06053663045,0.6079626733369938,17,8,1.9116066558105045,52.40261568779586,111842.944979193
356.6238905723776,143962.95613588236,0.4657093908298058,15,8,2.4052153200699817,46.803257273359705,102772.85079046941
328.3690917868878,119766.95908594991,0.3656603492964491,24,12,1.359783398540625,56.42593456075963,119766.95908594991
349.02645180785817,116500.28906284884,0.6166393225491626,19,14,2.2221669913560547,42.30599171221053,110299.34299009501
329.73907016723683,143310.13461400612,0.45631830441004523,22,11,3.3784384621268773,47.70586221699809,109685.07413573666
334.81805442860764,118747.89597662553,0.6159891155056584,20,12,3.050356524982034,52.76398155882586,118747.89597662553
329.0504485856096,135795.60791669053,0.6503991734556707,24,8,1.3010831083302035,50.42986074534515,107401.82659875497
329.02087546957415,117399.67637633641,0.3780446770110473,22,13,2.8266981192239684,56.106387239646054,103678.16797894117
325.80039216417504,139760.77032161842,0.306843864914946,24,12,1.4045662639325236,46.42827669315868,113749.73751025181
323.2029521056695,136242.63056831877,0.35413518231688756,24,12,2.2041622743806215,47.22125684786443,118131.76736700283
346.04881375269764,148741.60004365127,0.4979674824105579,19,9,1.4205154289440751,42.547601134688094,116664.36725614007
321.1537063162656,146793.7670309182,0.615009727958806,24,11,1.386245034885153,56.20011566101095,103510.06081059965
353.3473215622153,146603.45205344105,0.39629434553333465,16,8,3.3015675914957896,50.646953161047485,102688.44069819941
357.7380159961863,119238.52588313894,0.4511576029861813,16,10,2.1301305145570986,56.87116582481165,119238.52588313894
341.28589541719623,144179.30529511248,0.5779443011636796,17,14,3.0083900573785884,57.00011970858711,118473.37749661868
335.2277840743944,116403.56070077121,0.6050437254499836,18,8,3.194536857904892,53.63981224195592,116403.56070077121
323.24751830830826,111496.40778819428,0.38502668002112295,16,8,1.5427374263694125,46.509193160656146,105735.06239366015
348.4350557213888,144309.58432262435,0.6493702126573742,21,12,2.7033526458777137,50.88789600361909,111983.69552693325
341.9137111931792,131115.50046602663,0.6901514260761674,24,7,2.0411271023824398,41.595202743300334,115333.36428050404
345.4999039736597,147113.87820578227,0.5883972438473729,23,10,2.024429799317878,46.450977426776106,109816.20846686032
336.5773844464717,111185.75173855618,0.5654537836929656,16,8,2.0311807323723627,56.52594094796782,111185.75173855618
354.81111747904157,109190.63510041917,0.4174506639893079,16,9,2.465504089444523,50.95632941713362,109190.63510041917
354.6735570998645,143416.2416734793,0.5125747018121352,19,8,1.95013998876963,58.90661203779915,104869.93329951743
324.4892743830549,124024.71548906996,0.558957982799194,20,7,2.6327847310133783,55.930904008918205,114001.06101220436
354.4044874392159,123324.26394471279,0.5920967555196555,16,14,1.5633509846763736,56.8356864868065,113554.06948262548
341.02495830375966,114838.33826436105,0.5546416863397521,24,12,2.8342177431235727,57.66602483030946,107579.48501776617
341.5057239702877,138290.98159596266,0.3640983231407072,19,12,1.8528643208704503,56.62642847281923,118015.14526554386
354.9744207893786,115951.29770728412,0.5981802979259059,19,8,2.786270233514391,49.77302528546057,115951.29770728412
328.6609288020206,147804.4764131703,0.4192717972632822,18,13,3.059658828128506,53.34242617939522,116377.76250602074
340.4717803104813,126800.61548368922,0.37566276075286786,23,10,2.372726052075743,52.47030711115891,107358.98376229857
337.72088659786283,124378.0890240397,0.34391361891433087,16,9,1.600732253752613,44.895442255605,119518.71243915401
354.34065460176635,112942.70499872109,0.48309552930096045,15,12,2.838828419379009,40.88779257201236,112942.70499872109
333.92881057227027,106523.54993273717,0.5300515272515618,20,9,2.0656351703267952,55.019112340711104,106523.54993273717
357.8151169884324,107203.14352661822,0.5497642557260145,17,13,1.3374404931051593,55.81254286837363,106199.44253077707
324.3743141250121,148434.34863021295,0.6986140618478359,17,10,1.7513744507346618,55.47992895520659,102335.37244825548
328.04308525285427,146925.25143823685,0.3311057165644943,23,14,3.1824673360893567,52.440254297661355,114430.95475761282
323.49825012479454,113860.47734633421,0.640579971539957,25,11,1.7595250931758382,42.66596573675901,113860.47734633421
327.57983186095873,117984.57907285738,0.4237814747300565,22,12,3.3872335252128467,43.88442047137303,102803.12573004265
336.30576777613686,136764.2078974984,0.38799220122518696,20,10,2.5733676349572523,48.11096079377075,113791.71919980782
325.2828894244193,104939.10163802547,0.4548691126919416,23,13,1.317483460367629,41.95655098849081,103327.40573080568
344.1913076908909,125438.2390858523,0.37616123920937156,24,10,1.514634643287486,52.91112645069091,114613.35142021181
321.35670914198806,144211.67620950268,0.6413760489596414,23,10,2.5049310266038294,47.6351515367265,112268.76898428387
336.6453142888444,115235.09038353455,0.4870621968425624,20,9,2.7438297052449103,58.32094551166813,115235.09038353455
338.23685754623614,145859.66027154276,0.5270545773637018,24,8,2.670101794566359,56.767127679630704,109163.6630048393
326.06113475613245,145551.18586986492,0.46406723599131816,23,10,2.366664605811677,50.32145181760998,109410.56489664922
327.0086670997667,133089.20421731655,0.47285972433281065,24,9,2.5035608918172674,47.28639567143024,113413.30639859916
355.51810570115225,118304.80958235546,0.5298271086847277,22,11,2.569269039364409,48.55141345370156,118304.80958235546
352.246342776429,117470.33127960553,0.49976101359829006,23,7,2.899808915299192,49.29737445223757,117470.33127960553
358.72636636930355,138247.8355890618,0.5353889122481859,19,9,1.615615891388832,57.797278522566124,104850.53003581581
348.07120704753953,119050.2890538544,0.5632480415775407,21,7,1.5747672222342095,45.34865962682585,110371.55655001866
358.79339365039993,146733.22463109245,0.5552242926456556,22,12,2.1773839306127796,54.90364796327401,104390.06375687431
324.53658670692255,121382.5502573985,0.5935693896153984,24,11,1.971794221229493,53.048251005519425,119888.78320883453
327.3959338056632,111968.9996593546,0.35843764560022123,17,14,1.9581087477071564,49.21683414203227,110113.12096300418
348.88211408460035,138062.65390395757,0.38288009850452837,19,7,1.5976233031744504,41.14901992027213,111924.88820807463
339.78728941757004,114476.68113518914,0.5751831101437607,19,11,1.8897113159825691,46.56980336843395,101916.34204829192
347.9783641283662,133416.87030775374,0.6800733735907193,19,9,1.40638735859689,40.64145916191449,115385.4001124922
355.828471511416,121487.33024945276,0.34472585212715445,18,10,2.31763607156903,40.808759076275834,117899.18177630007
338.6588102626832,135772.8042981256,0.4469305238584689,16,9,3.395658138000936,57.05278205340318,116218.27969150175
331.91522397813725,134268.77084355196,0.4248260921890785,20,11,3.226772775005494,53.2900990509602,102654.05485102464
343.3738672759108,146582.8757608696,0.3836329613025912,21,13,2.515068488576283,54.39964825663661,108344.95920699548
338.17937184186763,121240.45068416136,0.5489970609277536,21,12,2.483565763439833,52.939601144262,108924.44909253785
337.1766348517169,128971.59265471912,0.4427910792940808,16,8,3.286069455715121,46.9078537034188,108596.9246620133
343.57251214280734,148253.33560946962,0.6923537352906276,24,10,3.3702354721745094,55.97800983479628,107040.62793966697
344.03220222126964,138145.5438127221,0.33389894862012626,24,12,1.4216184003192458,51.87663568475578,102984.6483794772
323.461931652174,119811.4362088797,0.5445099012707928,18,14,1.4073128284731204,57.50644776729997,119811.4362088797
345.2735399950438,136758.31564315283,0.5064974530445931,18,11,3.2076329667198955,56.85409959400961,113598.58580008526
325.92687822127084,107782.54085948228,0.3558578300338596,18,13,2.7259253991742938,53.604335267578996,107782.54085948228
354.72693220241024,117015.83982177237,0.6978093623256094,17,10,1.8912153897193447,55.42635558905564,102609.87243584909
357.90584448288524,137935.88537832475,0.5568071693943376,21,12,3.102904072087041,41.74321873950022,113615.4157800733
347.9244448050523,146362.54796193627,0.49498486284298415,15,11,1.669109991224155,44.11782639845727,119683.67702995504
330.0156771583481,115959.16755483004,0.4214389785146434,19,7,3.336366923023644,43.45200213631723,106922.03081051589
334.41387196692705,123050.05488192607,0.4436845323197979,23,11,1.7317793058944404,40.60158376951651,116920.86847963152
328.34390589020745,137256.24882403848,0.5582181763052154,22,8,2.269495626889693,47.8488509009274,104135.98657168954
337.68324978277934,117478.35272145396,0.6853818006159704,24,8,2.3743005012431677,55.822644082344375,108568.29274147944
325.3529696731534,119558.18436250807,0.45041435590527235,21,12,1.5111272177443393,43.28578671517061,119558.18436250807
349.2878490989567,129406.57480503952,0.45671668831289314,24,8,3.0558317367916397,54.87461929570591,114720.10036135276
333.8975564801679,128185.38191282103,0.6263198835081509,24,11,1.505836882231198,46.275298288529754,115106.8120374902
350.96149389583894,118360.12624313288,0.3157322931600903,18,14,1.7287118164765647,58.319007711347545,108397.24644762736
321.59853612892744,149378.08905502385,0.41040150769083816,22,10,1.611004323308947,40.989712288418,108846.72549506775
320.13744994286577,145575.82174431262,0.366172651166618,18,8,3.2554867989827025,54.645540889378715,104105.59612278485
346.3433827714087,112430.14021214373,0.6663497529944522,18,12,3.150854655421999,50.79249921859052,112430.14021214373
327.0407760777178,147650.06569832773,0.6269856596206045,17,9,2.455244731884825,47.498091508080684,112513.47480181654
354.87030797871193,121465.18894133724,0.3699662878920964,18,10,1.887602472200118,48.830797428788735,111604.20000444356
357.9530640892359,138822.45266312716,0.6253251149518025,23,10,2.54850770054109,47.727301450179084,108073.70964508793
333.71686919511484,116800.66880278607,0.4058650076297731,23,12,3.0753428303357246,56.94157906417692,116800.66880278607
336.17342241150556,136477.22913407307,0.4925641616464382,22,11,2.1376430495323113,51.69969846736862,114858.79888143796
359.5749161535757,108790.1974432572,0.39058829235004094,19,14,1.8978058835131693,50.87865153549587,108790.1974432572
326.8514822229266,111415.31476467717,0.4772611565634548,23,10,2.828655328355937,49.23321734361511,111415.31476467717
352.43747468674974,102776.28468258724,0.66233196570853,22,10,1.8376724097821673,54.71818066584823,102588.26435672065
338.5826733857276,111853.78664711816,0.3152976468149602,19,9,1.2851845948951854,59.30671611737007,110482.47853984067
354.0772577456489,135167.53734946746,0.37019712063137716,20,11,2.4748582012026095,59.60182286375152,111137.26637451953
331.49828289194795,134473.74736671662,0.5773691955454877,19,8,3.109550348156588,45.0766923865415,113303.1109777932
349.33882823619774,143714.52319118514,0.3403362825109471,18,14,3.17931792518994,57.767691535658265,106536.75069690506
326.0353356800262,125238.62768087297,0.6948269582760892,16,9,2.2664805122203253,50.101011367588235,102917.8864699234
344.2220229963484,113356.29077707016,0.4337423994604419,20,12,2.351002403111624,56.93843078408194,113356.29077707016
323.5698790924561,141660.60530963662,0.34547413827448886,16,12,1.8113105583524187,43.3550149386199,111711.16566332243
324.0244010714213,116598.45945973997,0.6935448367025171,18,11,2.4692301205392138,56.56671669242655,116598.45945973997
340.961403877433,117268.35268150269,0.38561617144489047,15,8,1.6311090610681735,53.01086569693111,117268.35268150269
320.51186040951575,141975.32390405872,0.6647544666305306,24,10,1.4403453569250022,56.41794910496987,114964.08233435373
344.3793058535812,128806.22547308497,0.37798336519020065,18,8,1.5551334673938424,56.328564791193806,104736.25106235137
327.11106014373166,109709.30813332536,0.6229786158975732,20,11,1.741044308833229,52.65108941623067,109709.30813332536
341.5621215551687,121928.82626814542,0.6277067943725743,16,12,3.487712385398061,59.38435751156339,110739.2433893477
358.132536274249,125210.55204279852,0.6699644964965122,24,10,3.313295276119984,41.782308633834205,113056.5955367004
334.98963789523157,145296.1601597167,0.6020111295705384,15,10,1.5203092743862072,41.81313722411149,102738.96673391487
353.8326584611774,140439.12100989127,0.3620941888895537,22,12,1.2842380842284151,50.035664163118355,102119.21395626228
331.0587597463105,112044.36873715516,0.3346142716732929,19,9,1.2183350318915758,49.031552514160225,112044.36873715516
354.56682431321906,129423.71128125377,0.5170682460732321,22,10,1.3636627427875334,55.95671225398144,112369.01875847443
352.7841511593695,111746.40417625075,0.3134578528413885,18,13,1.3435959611583497,43.80650672834919,111746.40417625075
354.37845136740157,111171.84364531658,0.5541116467602045,24,8,2.7912087602450226,54.21601835952094,105696.26949937733
350.12893288472407,138671.9094054436,0.5191664367965151,19,9,1.613954781046564,46.14898075841632,111221.0161188407
344.7622152169475,113591.65147381365,0.6086996387458504,19,8,2.7650107442073715,45.491641439793,113591.65147381365
320.1116962406535,131651.50770057374,0.670026941152598,21,9,1.9315654544809346,40.58500916099949,114992.73656515052
358.33738166554184,114556.34722494666,0.3718476813433284,17,10,3.0997597211916226,44.03248285597367,114556.34722494666
341.6643065802467,120377.82586452877,0.5965427922924869,17,11,1.6770803102812555,47.886610687500884,116433.74913137041
339.91201468685153,145944.09125947463,0.4913086849835556,15,12,1.9050976907435853,46.04159752777961,107617.80426592869
337.00516424252737,137730.29920198876,0.4045661999547397,16,11,2.464553392451318,57.6122945023831,104458.84067144485
324.58129659122034,141883.31846952823,0.48820646001541224,24,13,2.3703330710429884,45.141994667685566,112907.17753055523
356.1559482802879,127951.45804769857,0.5861615632147306,21,8,2.7725817977778027,52.698967047271495,112699.55660616225
320.0428826640366,129113.91923626489,0.3573202380293654,21,12,2.633351829556257,42.75987527230282,107139.9048684342
343.242099743617,122095.88237505927,0.6755863747626091,22,8,2.845139172749932,53.55014865286063,109251.83378245003
329.4617349014445,109479.3975477338,0.5137348225127412,22,7,2.3761581982697577,44.473629764463475,107342.1728193956
346.1154332597744,129130.83188734297,0.44074299629905794,18,12,2.944890817819334,59.432809041551884,105006.37124152336
326.5744255050803,137763.01560430095,0.546952827937722,18,9,2.1457639326701416,53.854155239651476,111456.58117614285
332.8261985797641,117185.76902626338,0.5513196351521263,15,12,2.7967686236626124,54.73259677435419,109220.60565498768
355.78233406428035,117579.04984938589,0.39933806718625936,17,10,1.8080313506255794,46.734317374730736,112489.89041889634
359.9384566705939,139259.26325250827,0.5712858291039848,18,11,2.3898337470757336,57.261130035260294,117606.65221105087
355.15195551720075,141322.4234548863,0.5211314655146031,19,8,2.5002354031331206,50.473874246395276,118991.08701077223
324.78374066710666,117061.56644808411,0.3775086611292597,20,9,2.7338250249545535,57.57139112316933,115768.14241615238
340.38591104103836,125812.88269901817,0.6630166289914072,23,10,2.4891883964166244,47.034385692532425,109601.76715137479
331.1039274814239,146197.75550347395,0.6496535017976175,16,13,2.8486610525490095,47.21510779514243,111380.28812623084
340.8798416509303,117806.41798230355,0.43945975552856265,15,13,2.9080167159819874,56.969968054392496,104354.46136598973
347.2034928053986,130434.38530450947,0.6909872595442114,18,8,3.266202107613859,54.31130278520403,112632.07528794918
349.72459634310667,139217.11251634342,0.3324873386754284,20,13,1.4602567667021134,52.16811754023351,102251.80579868857
359.3404675222551,123637.6345940042,0.3551982228268591,24,14,1.3047265873892313,42.350367337299446,105383.02691742263
356.3981723886097,119732.74948704222,0.3986739977512716,16,8,1.9141092897580596,42.6246116006673,110856.7801940083
336.93310524784494,141430.94163058006,0.48366267482092373,16,9,1.4843872252573214,58.20043594698798,114285.93213966319
355.26466394830857,108927.3843134839,0.5559991015689543,17,8,1.8696975725961158,57.625484176070046,108927.3843134839
334.14357600098043,110568.4477097543,0.3834848425472971,24,13,3.4505650845581934,45.87144192087915,106622.55552868107
330.1609431117411,138083.6925774714,0.5926017804265428,20,13,2.126133596323167,46.59016043698538,104408.19443114813
324.4778624583316,115634.4216523087,0.6284690681816819,22,7,3.310796562938777,49.362309370767754,115634.4216523087
328.75546421586705,139572.5790650151,0.3471465037174468,22,10,3.2978056418626682,44.74919493202013,106154.83480053516
334.1998060127522,125486.4252915948,0.664970893087475,22,8,2.825354465432608,48.09124388031911,101396.24659240292
345.17282415513597,108351.97834292776,0.629351875204711,22,7,1.2703036295043462,57.91969248133165,108351.97834292776
329.23213923181436,118949.05977517107,0.5409097045809051,25,14,3.3989120508334985,47.69596603566018,118949.05977517107
337.97588845749567,118542.5160750247,0.5567899839047261,22,8,2.2075624579654214,55.400195391291206,115987.24078479371
326.98442490194134,119118.96943482533,0.38096844357690207,19,10,2.782562203298964,41.128696722179846,119118.96943482533
355.58055661409037,110815.59902641058,0.48747795349810663,16,8,1.7044153756048508,56.72934095019836,110815.59902641058
332.43180203253695,148537.65500121145,0.5052116991759705,23,9,2.8537346585697323,51.073397344979796,111890.94123199538
348.5179244340386,103087.57800998846,0.5229046608896277,17,9,1.4174280510117572,42.108124345194945,103087.57800998846
350.6958445577611,115008.33122284604,0.31360303351458524,24,12,1.4780085366831035,51.54765999440274,115008.33122284604
332.3838680305344,125604.12825506994,0.5372101595393096,22,8,2.3551220740079755,59.37100699448187,112767.1675061653
351.14278315247066,115091.48577671475,0.652360176212569,25,14,2.5635653465049266,46.37566140917122,109763.56943257495
347.28752411762974,140290.565434642,0.47026413779536136,18,13,1.4440904963277177,42.37941116109327,101563.33003612139
337.89990003674785,128758.11974741422,0.6431187740206037,25,10,2.3400380905102365,52.070588014083526,106724.80221556746
321.25162841213336,116211.75731641895,0.5837742058468818,23,13,3.241448343141464,43.564949100978254,103961.8106533077
336.55405202537975,131538.82615215133,0.6443722705045687,17,7,2.360930162375551,58.19657465881001,112787.02821209934
352.00585220822364,135902.04815428396,0.6125690522153162,18,7,2.9417480421674767,44.62509640904087,106791.66096826422
357.2135605494436,139398.07724404326,0.32969357894372875,20,13,2.5906550419042746,51.94746907876915,107762.1420339352
359.17239805104833,113897.19768699848,0.47761373307884336,19,11,2.5724198655660135,44.66737131607924,112850.17011860138
339.8019090166027,108321.56469108786,0.6729217549540367,20,13,3.4813653904901942,58.535215417162135,103890.81541154067
352.9242692132673,119168.16350310056,0.5435058687387376,21,8,3.2611966716904712,53.58960392547346,118559.6549435616
338.792426034131,136154.00639835626,0.48532704643398494,24,13,2.433605276593054,47.99489055403203,106238.4327545877
355.21099050031637,120054.28981887322,0.4361068659902697,23,12,1.372492728144362,55.25189310898253,105691.47074344035
342.4144437189969,149473.6442106215,0.5420848182027052,21,13,2.9723863320788224,43.54494426468243,102234.99220650223
330.69349829384515,134920.39940151293,0.5223161287859156,24,8,1.2115431662984504,41.544304565535924,110136.81257650099
339.6604581375343,111576.70686333883,0.3590570162164327,22,9,2.3881461424530053,44.28231977357308,110572.89078643352
350.7962622863182,119659.31823745772,0.5080566199167805,25,10,1.5814669243252468,51.77670797071327,119659.31823745772
346.65843082543995,119672.1028371921,0.5027404389371714,16,7,1.5527813864145783,59.62350221299042,119672.1028371921
325.39883466512833,107642.33503204044,0.6282612449553924,18,7,3.3272574221366,42.969314860423985,105276.09213873389
329.3666041783692,122292.13506357145,0.5242603172607383,20,9,1.7142105401907508,57.025980830184494,102750.2341405256
337.53427171888,115026.70788485136,0.6710248840365565,18,9,2.056007354360921,41.62209130494675,115026.70788485136
343.99623590103255,115210.76679568976,0.6672037995509297,21,10,3.4493724317598025,53.199209861817224,109280.27601329061
349.67562351012265,110148.34677756317,0.3405687773974947,16,12,3.4859038535590754,46.89945118852708,110148.34677756317
323.37702967118975,129756.01758841687,0.6590508840659475,21,13,2.234135617680935,53.67594447669671,107837.2586642284
348.0082310374575,118782.49912469124,0.42291976927458913,24,13,3.228993343991333,42.17706599636578,118782.49912469124
341.09025365259396,142311.9656702211,0.4346206520441974,19,14,1.627382777166461,47.35539379670373,118648.16115915703
330.6482530874543,109076.28130442604,0.3581670321775653,16,14,3.407062585183936,45.802067871309376,101930.71775578508
336.779786124975,145038.9256688372,0.4291160417654427,22,9,2.0203583053549883,44.845372431131736,107682.19962402151
346.53445643325557,117934.90483324105,0.6120784495840572,19,10,1.4121217613873815,51.47296232885195,104645.09501231121
343.8374645504391,112298.5314326095,0.5668860552430937,23,9,2.6917403570642646,49.17107846958989,112298.5314326095
340.0960730570734,140047.45450439336,0.3263998069639789,24,10,2.4978799383608887,52.1147466983226,119389.81782965237
337.8620103845483,137364.8538074967,0.4644061465815241,23,7,3.165407271923117,42.77985475804904,109535.29713552841
349.42690794647007,129281.8311438105,0.39665309771810286,25,13,2.6358104629261057,53.24313600078425,104325.41016848123
346.0319832534828,113833.80348950642,0.563789025320274,20,9,2.3088616958365584,56.8985924518865,113833.80348950642
357.48931212604316,106113.06359371197,0.6348983552707548,25,13,2.422009530116852,59.78838429329282,102962.77580132263
350.24813599755254,107701.50938743145,0.5819163218320407,21,13,3.065107145310477,47.058810724741214,107701.50938743145
327.9686734706421,122882.67665507086,0.6012573136943198,24,8,2.55621047663122,47.5553845837159,103843.61748491788
335.9284867622294,120875.20819392412,0.5999027062015605,22,10,3.1873996433740315,58.670905746247186,117383.17648629658
351.1887837964827,115791.07207304299,0.6143822235284262,22,8,2.777865163035062,54.934749939218285,101371.72176652281
342.2737570947112,107321.14793236513,0.5601304215605512,16,10,2.9832287820085384,47.771814271523155,107321.14793236513
333.8723662057751,111092.1655014286,0.43859828206718854,16,11,2.0679605743369205,47.30190178976591,111092.1655014286
327.6616236790022,104624.85283849743,0.44959120176159384,21,12,3.1981128228656104,55.77284560349245,104624.85283849743
350.62694820957427,114946.47742629208,0.3529384248049623,17,10,2.914925708813704,51.815514881443185,114946.47742629208
355.05858049135867,140575.12605195565,0.3498467741598493,23,10,1.329075713101985,40.312716609635906,101788.5955077084
324.6589678184155,112864.61421194128,0.4898963256915887,17,7,2.42582570905436,54.81534041249001,107188.87791659182
328.8574594094601,125701.62542943837,0.6633149716934679,18,10,1.5362639485842606,42.84386938736602,104174.5718645697
322.49010355033363,118454.46244345176,0.4944000480773264,18,14,3.090714339811839,58.291666936941276,107523.59752113695
328.4501294482242,144526.83165685667,0.5746040384579663,20,13,3.010897135746407,47.088270996449495,109863.39933666827
357.58192975912937,128543.266099414,0.38837272629829855,24,10,1.8236330047828209,42.26450288995272,106004.87307571467
329.8964520479492,127636.25982925939,0.33792635815329486,18,10,2.8621962548884774,50.98454328172586,105364.31312518702
332.90242629134497,139328.97733822215,0.4910220417498471,19,9,3.208908311775361,43.14323652731776,117067.93879570001
332.9403061754486,134711.23754779823,0.49852513606502025,22,12,1.9911631953281157,51.3895212278001,103002.85150865409
339.1580198778983,131612.81132028453,0.6329692062441559,24,13,2.07905959568581,45.55751837565172,106331.68370885692
337.56383844389626,129050.04811448684,0.30363327337977997,18,13,1.669531082894952,45.165892741869875,106903.43182652956
348.17257660849714,108271.91360922891,0.3532534346125508,19,10,1.855877617807124,56.07754996042652,107639.39546432754
357.1890662402423,129909.7586362365,0.6110896168185425,19,13,1.6840312149523395,52.00060593464815,119583.07279505454
337.4518710075296,123234.55835479399,0.3341509618530785,21,10,1.811806020907886,53.12985049677627,119123.66270802816
356.4967202005482,108305.44535506151,0.44822563188251024,23,7,1.3347801745130345,59.15612889992536,108305.44535506151
335.0122729899019,148853.87545340165,0.6313331928725299,17,11,2.7359558447862162,46.66124867787222,103203.5960678374
354.49939493877264,117105.40338870371,0.5856084055041998,18,9,1.5307580264069418,51.331551235462534,105256.97506910529
330.1051743207982,141184.85814143418,0.3282015913481966,25,11,1.6238255604228347,43.27550893047233,103401.34090009534
355.2892948497281,126378.51483647236,0.35760007310126457,21,9,1.9954730531812053,53.769823274021384,106107.03238310151
320.1727532983569,123873.42625952355,0.5585285465091525,17,13,1.3459829013269498,49.57286315445772,111579.0424929778
326.19969513976866,120674.8553995189,0.6422162816081852,24,12,1.8721891987153705,47.74020769699389,110027.37593092895
332.35318090848546,133584.6347126746,0.6168955240942033,25,11,1.210585721673722,57.75403465858321,112557.41279482949
343.95138183143354,109295.884771892,0.6562300830605783,21,13,1.4727371013167434,50.14437513225904,109295.884771892
332.55774223992586,116746.25851637512,0.6000309388626304,21,11,1.8622823993500943,44.559200035888274,113804.1255323773
338.8543912800028,143790.370933091,0.40552989639496306,21,10,2.0003403992299496,40.41614101551655,110053.20204426972
330.9718805956636,109239.96050117472,0.4935329802632975,19,11,3.2862819362836087,49.09546755691592,102367.81823239871
322.5347019346183,146433.2699726211,0.4583305955882586,22,13,2.566669081402998,54.479146459078926,117754.42209090629
350.16006180063204,127548.11027375594,0.6798792694738188,23,11,2.0515876039355527,56.390751512480115,115087.00471681141
358.89584688401624,141504.35215766678,0.3122944393581894,25,8,1.5673292092222364,41.05012139945742,108181.72003001573
330.5096515081359,122762.97575363968,0.6427642572705075,21,10,1.4369823354214994,43.421808720378834,114442.15237919346
329.70830679345283,135030.14467086972,0.5689183124625476,15,7,1.7986087898942005,45.683168008401665,118339.70681083896
346.38084926893606,110494.4446817194,0.603132992586039,23,12,2.4188661275987586,46.71297312945251,105193.12736072087
329.84943607328194,128241.94164075615,0.5785431947427244,25,8,2.8866585465607795,42.18193260388769,116312.74831661201
335.26575130426045,125369.65472402403,0.5903674294869456,18,8,3.375650402362208,58.82669067601766,116259.35060535866
347.7703340783657,148362.82059991697,0.5605589610185504,18,11,3.429946995172725,41.49038278259435,104346.72985701516
352.6111286003645,133279.92905147164,0.568765997793494,22,12,3.4213343665636042,58.24506900660484,111295.73391848155
342.6078857307398,123613.6490492936,0.6597441193214446,16,14,3.1005305346473824,48.94463127718586,105403.83610296782
352.74514209464667,113215.8965240714,0.6483906005537969,16,13,1.4655078478510786,49.907285830384915,105415.33278846033
344.82907874835905,111065.02738507159,0.3650396974756186,20,7,2.959220751588301,48.034947678797664,110268.71761028326
339.7106771636726,134330.9791222459,0.38719177593188875,23,10,1.9391307129289244,49.32390629700954,109416.23211352309
327.7770415809389,112590.33444940676,0.4672100801923048,21,13,3.4719431543759116,42.07152157791798,112590.33444940676
320.75009174366323,130291.27938513752,0.5356590181997257,21,9,2.891911200413309,51.566597206127824,111823.20486422261
320.8705898891352,145970.6762223074,0.4956099030487431,23,13,2.9671213748233325,42.441645923270386,106099.74695110238
357.8735048696473,143565.80163149646,0.30854270669407663,20,8,3.112740651099559,50.80151026170723,114697.70979734964
335.1586940242323,147204.90329887893,0.3302978235137492,20,13,2.4109218054574386,59.51313845615142,107589.32858098287
327.60949596325185,116349.74014323454,0.6881852711927008,23,9,3.3970428536932866,54.563725401742246,105897.44627066609
333.4767079909012,144694.3624355776,0.6613018323048687,23,8,2.6738148586712325,46.84153503105814,110412.28728414241
326.27093202231475,128689.09384255408,0.42522505490214424,21,14,3.117745714375295,59.02445068490876,102841.14773496018
352.57912642025497,124716.7294452135,0.4371648953384108,20,11,2.6657442591836844,58.51426324589164,109581.72968039846
350.5640262871831,144050.5831714207,0.4467548944553034,17,10,3.340865644322479,59.73224502052213,103778.18166964645
330.5481796479015,133710.02133241866,0.682890785502893,19,7,2.7466363641451625,45.12960536299127,117042.89836811475
336.1413419985259,125061.80218355647,0.6899447116672535,16,7,2.1107403695336067,59.76361710610582,106053.76154115003
348.70606709091817,147754.69813583398,0.6945857569919802,21,11,1.2560087777096753,48.71249951491007,109572.83763002891
351.916628545928,139514.45414320857,0.3633634726640289,20,10,2.965664216925867,51.273558865570564,116950.07120325454
331.6280978139673,141813.78448513034,0.33730548168843555,22,12,3.4892441155510427,50.00121561181423,110506.97395919361
335.60148078904825,127132.285556486,0.4554773610928903,19,12,2.594191789052725,43.658020664893094,107621.1107481997
356.9668434483282,135264.70674564838,0.37948549493448414,19,9,3.367075239122669,51.18255267526812,116864.93638423165
345.0131512485593,108774.16474148045,0.4260594635178042,18,13,1.9350396856333223,56.34092779823892,103536.03228335132
352.203284481717,104218.14218083877,0.48019168500277687,20,11,3.005811579667492,52.82586057133875,101663.8181931161
339.9443768270128,116568.3062994448,0.5448262350844079,21,12,1.9413643762223054,44.600038383853544,108324.05498019098
345.88824174434683,117619.25942233826,0.49069291677331495,22,12,2.863141269724917,57.939065623182344,105601.35081323874
330.90315980512173,147135.52516995612,0.45252283391648634,16,10,2.1174968584610157,45.88439298547193,116149.33144570288
332.5932330647794,149941.12167416766,0.4418484089159699,19,11,2.5872268428089624,43.41722951528645,113765.46583703975
353.98641278661944,116122.85657186947,0.38238889570334356,15,9,1.768935593177102,55.600307946511286,113941.40349204597
335.73532976358206,116774.88181510591,0.44781985045925493,15,12,3.2014208424684316,49.018482123915305,107192.3297255675
343.15570836508596,143881.29093152413,0.399677538084788,16,8,2.3457164201530594,51.4827982747396,119448.5646945413
325.47269180581804,132534.81654611285,0.4490077641079987,19,12,3.2340706529156256,47.136857692985686,108219.03878928475
322.9981156306364,126540.37866401703,0.3930344314499282,21,10,3.0819420366566144,58.886952261952324,112085.65665024392
349.9312292461459,141614.85872843536,0.633482592635118,16,13,2.075361653558471,48.46868470405772,118381.10784853496
342.5854947520507,132368.81564667769,0.6317478236205292,15,12,1.75840387373936,48.41541345333529,112071.98420952352
347.0813360416309,147524.01526717143,0.6624821863017454,15,12,2.0705333580701293,42.527846770739785,104484.41770129724
322.91099831757947,120803.74073499918,0.30525529209099683,17,12,3.1503584077552436,58.102337344496604,101421.84657642356
352.48789756100183,118436.23280689152,0.6044144207371567,20,10,2.9172944407047208,45.61489605178772,118436.23280689152
333.5017423142057,145212.635262687,0.39273725459950537,23,11,3.2115317719518615,56.8025408961408,108138.39021078724
334.74828252013344,110911.19726879073,0.43839188199935664,24,13,1.4425099140869921,46.243385504944186,110911.19726879073
356.7250363440849,116441.61807121761,0.5472948023798387,16,11,2.27795036896183,41.568555089012676,101867.7808742454
342.7433371989013,106375.02429112128,0.618356420664602,17,8,1.5794904762038153,59.91566290570383,103235.17245389211
340.43245182184626,122450.0821073039,0.6822142994261507,16,8,2.9044046157924033,47.86199806205838,115136.45830396313
349.88066542326754,141342.0308234513,0.656689994604448,22,8,1.424051190889231,57.13020309909379,103141.87942357635
342.13456248101346,143753.7289417467,0.4988965894355951,17,12,3.453911859336536,41.604056920464295,102376.0954337012
351.3490404033342,149034.96418687125,0.46978741473975616,21,7,3.2815374082266597,44.827353346683594,105751.98067786705
331.3710400636286,143265.95261819093,0.3799539020228787,19,10,1.619791959301712,40.09711740926662,104907.70404652003
331.748141230858,107002.72622793674,0.553989017348984,21,14,2.5661214400016243,53.99385710681507,107002.72622793674
322.01623932375634,114093.05702747572,0.5320012382945852,17,12,1.3625166001594016,46.82642065340885,106820.40662604169
348.74196855573473,115154.77933529599,0.5016915194858057,23,13,2.903471040252083,49.195196528144436,115154.77933529599
326.9119716534385,116180.34515197513,0.5628234352729449,21,9,2.006973236672265,52.353722675572754,116180.34515197513
321.8124963837498,105057.82813030078,0.6777710060460265,15,8,1.3758150608624609,51.70057217461137,105057.82813030078
351.4691208260488,132808.1507086672,0.6437492715851494,19,11,2.2511820527897943,52.99137456797338,107467.16152358644
358.3689911619086,146133.1750819497,0.5597522368795493,21,14,2.3145347463751493,57.4670130675776,116851.30940860743
331.8179688569448,132520.3890751143,0.42219107843052284,22,9,3.4643083265936605,55.98778454736317,102412.0798387551
338.03908770947066,137847.81827247742,0.4628358473421853,19,11,3.177893921255952,47.363563763707425,119619.70445168598
356.22322821200777,140376.7447145908,0.6132114766745647,20,13,2.8972830967328695,42.89839009431496,105926.30725926948
332.48993122033147,115409.02841985179,0.44099745848319116,16,12,1.308723518699284,52.500964418607666,110707.90953116852
342.54703083360994,115033.05544949188,0.4199931694258464,17,8,2.9752365291570464,58.37853369428039,110333.52349259227
330.5847914583236,123011.18708843164,0.6061895056585808,24,7,1.492583901845541,55.79986096837819,118538.68868282155
348.22416562602336,127686.20866929114,0.5389752479502845,21,8,1.5191787372201402,56.44353916122836,103627.37176675623
332.24187283183755,115911.40194400979,0.4069606662606724,20,11,1.48837647744065,53.40099396721007,115911.40194400979
353.1462666861761,115266.6109548438,0.5286865751682484,15,12,2.426411947134432,59.185659516635795,112050.80891913173
322.1934599751133,131477.78209674457,0.4155232645947597,20,9,3.4365840591201184,47.60749005800389,109185.81517110938
338.15842651414636,139913.74943967076,0.4324052713249626,24,9,2.7753326656996222,57.383536494132215,107414.85719147326
338.3267769844183,108997.11913274718,0.6579489313839133,17,8,2.8184191631028237,40.26344472602824,106685.30539000791
320.5583662047562,130417.99980937352,0.5461556432914123,15,9,2.66939519937491,55.088889520748445,115841.03111106047
344.4568798886772,144448.31769082934,0.5681451815052627,18,11,2.8695563652504728,43.49271628892664,114105.55417977576
325.13583806150274,112615.88243080462,0.6194852118817998,17,13,2.768396397840407,58.05416648953013,112615.88243080462
341.99211375717124,139647.30549165516,0.5511808844248737,18,13,2.610338691630452,43.717815728586324,102558.76781189973
325.2465581027207,135630.82200710583,0.6735192974432977,23,8,2.6572782070325207,53.90151546858149,102638.4208577159
351.48246495097294,136563.64377793786,0.690767989900263,20,10,2.2211080956302145,55.15588219461278,104248.71108660391
352.3840823562454,116060.31947088023,0.3255469739928158,21,14,1.313813934706551,56.2979116711456,115828.54119310918
345.06246570443676,126448.02072507475,0.38052119274773677,24,9,2.122827397281278,57.52128784366165,101651.38929999535
351.09173682983044,114714.411615857,0.3592127524674627,17,10,2.358192454892406,46.19907923082515,104434.37281032768
328.13088863752796,148476.75429366715,0.367368520530255,22,13,1.2735793071141108,43.04914099891167,110694.55291067512
323.1195011012352,114881.70807524197,0.370980259462503,16,10,2.978674295154571,45.23484839070456,114881.70807524197
349.22571316420397,148311.1630361815,0.3968555116255614,24,11,3.1089190642934343,53.517352540851014,104668.33566320219
322.3846176383262,119829.2201235545,0.3785018720153483,16,12,2.5771416122394886,41.52387522578395,119829.2201235545
322.62996176561563,116273.48785449154,0.6937877022803484,16,8,1.6350787700884897,57.44841257607681,114893.15113441847
337.1018352786609,117906.43512480662,0.6059115993120425,24,13,2.8329966668788154,52.130698142060595,113437.24993271012
338.38348135902015,132829.52665657888,0.5694313723014692,18,14,1.7668389867262333,42.82599939619462,109499.60334605999
353.4593448836666,136585.4112965582,0.6518201817492749,16,8,2.1323190951506543,57.68042136031458,116783.82755003945
339.9832757405866,149658.9777940653,0.5253458932253223,22,9,2.3545089672989175,55.277556663908584,103342.60340379013
358.0497781165028,145772.6880993062,0.583251096058607,24,10,2.117976799451921,48.239852602699315,119716.97064791061
321.05491880190766,133163.2209179622,0.5187397242940786,25,10,3.0432995169719033,55.31911259780877,116605.47291248069
338.68649037320046,115179.29614943602,0.45594007215078364,16,7,1.5072178048184202,56.70229832147095,108176.19212957048
344.51442266140583,106919.12381962061,0.3200111194842985,23,11,2.1611668143377165,55.2965894801895,102449.69810318429
331.76006616201033,139841.65726810758,0.3603343298596763,17,10,2.5296043713483254,51.844076047802005,113177.17438426192
322.35553433322383,119084.29678186473,0.5928760013986253,20,8,3.2453230046334847,42.39025191468295,119084.29678186473
339.84250501621426,118932.55924577736,0.44131458608155394,25,9,2.882107470958415,58.93010893755885,118932.55924577736
324.8039631574249,109741.6351270244,0.3910068491504022,19,8,3.478409981237598,48.15632331272713,109741.6351270244
341.2766925479637,147614.00087197823,0.31655081519086475,20,11,1.5411241734960301,45.62324984132668,115875.86810513811
328.6396349391931,134300.39643582664,0.4789551849626502,24,14,2.290179464598254,56.275967558212734,113670.73135987297
345.1329325992293,115361.71870320331,0.3738606415453685,22,13,2.875962644472125,53.063538200214595,101750.25740391783
334.86373448352913,118906.52549618244,0.6250338592338363,18,9,2.4766980154751903,46.28604320849949,118906.52549618244
346.18624370933327,118751.88489575431,0.636361080865218,23,13,2.1579827420182305,42.12547767620782,118751.88489575431
356.1672663734561,130550.7878232807,0.6546485096424658,17,10,2.3979518641371618,57.22742035041041,116279.39422907833
321.3883102069251,110784.34435632656,0.6160022739057568,21,12,1.2752882516256876,53.30052450362845,110784.34435632656
326.61160099641245,124322.39458848069,0.3705534214459141,16,10,3.3321450096771636,58.8596287342061,103010.6865624892
342.47841576364505,132703.48303130598,0.6846380334940488,16,9,2.7223281978694134,47.90290657900131,101574.89499372199
343.45457643019455,108697.14578931063,0.6302758925418819,22,12,3.289656270114669,50.726026923551984,108697.14578931063
347.32138491749186,136938.17602037374,0.5041035507016691,22,11,3.350662999169164,41.98220740487474,101510.88402121051
337.6401492395611,131334.65093574653,0.44976605758196536,20,12,2.6606990436635787,57.9719583600922,108504.89816247791
340.04801596614953,148177.55512327366,0.39890930734306895,24,9,1.6528299775519328,47.47782512063173,114584.75266635853
325.1912070780756,118586.66725350269,0.342360222013128,19,9,1.4568440462404526,40.43794277576191,107092.43036943296
356.06849066610243,127475.63184679768,0.5386355474205414,20,12,1.993167531800467,46.608908332629724,115038.24712780723
353.1182591009012,113361.73436770603,0.5826449372278841,22,13,2.4575221827200835,56.22787500430333,103311.03440659963
350.33537332017517,112364.65298320228,0.30222893896976866,23,8,3.096183200590985,43.372923826573455,103505.9239547152
351.9524110841194,116959.8905656925,0.4528306300615279,17,13,2.2838378755111233,52.14364439428825,116959.8905656925
340.67608431300476,121776.27461026066,0.36788110931340817,22,11,3.454279213116325,58.088042802647706,104280.95388797835
344.73635625374885,137304.0689877469,0.6327868529896497,17,8,2.5430587334280492,41.337347315183806,104552.78614403347
324.2573671854964,133486.64092549952,0.41256653336856375,20,8,3.2940804651584115,53.08806416185037,102471.56927919338
338.61976762272764,147394.48357778168,0.3109565197631881,24,9,2.616582646014687,49.60612147828968,112266.83563800216
338.27981373467446,149191.24145496468,0.47052887205503924,20,11,3.1738906115822245,40.904109493973436,113480.15761957025
334.7164007172368,106071.90890543992,0.5182560635693999,19,8,1.289534084606737,44.13726468956397,103253.90354092298
358.5518938289854,115660.60033359908,0.5237536195576766,25,7,1.685915495870184,59.66932631595702,115660.60033359908
323.8945742990081,119171.0011238424,0.5099719787282095,18,9,1.6026366585566831,45.577467130496196,119171.0011238424
324.21480965330255,109050.33985520751,0.37703823299973815,16,11,3.384920040918729,48.49335399389254,109050.33985520751
352.64958772283995,118321.0536128114,0.4308656905183615,17,11,2.273355375809656,41.076163593262265,118321.0536128114
324.31960351071007,123125.3084251406,0.40023233786112894,19,11,2.8596853755933336,46.169613249604886,119498.98171011457
355.91762213517995,127292.3249410673,0.6962017046498974,16,12,1.290729565547737,49.82649602071322,109558.48580947268
334.49942829139616,126511.57913318354,0.5480155094474926,22,10,2.7314159851377195,49.55184495599026,102437.14800295165
323.3597271832073,140019.5481839488,0.36135709266273097,18,9,3.37738965788607,47.24064368191372,111695.39219358297
359.10656813953216,119689.74269682285,0.33125785369111393,25,10,1.5847098217474134,53.328271341652716,105992.47202217483
338.9917356441694,118233.10764727504,0.36934285149955737,16,10,1.467400000157577,56.91270523469502,118233.10764727504
330.3164240135498,127833.10424680801,0.3888520006754385,22,12,2.2302839977031472,54.494472891454265,119537.12025869847
359.27250808133823,149338.0939072657,0.4717396609724111,18,13,1.7243415835758726,42.33634400992275,118576.89786442799
333.30835779659026,116243.29726004288,0.5814836929053873,23,7,2.650792748326791,52.80037643762967,116243.29726004288
321.2261741050754,114329.92392549761,0.4994543273438484,25,8,1.8179996861642986,59.208311874706745,114329.92392549761
346.30735355242734,127255.21956148045,0.3726024226207986,20,9,1.3154185539942487,54.22676324725509,115726.62851307291
355.00461673819484,129636.80172122121,0.6474220957356124,24,11,2.599750895826638,41.40707459776914,104694.31365041902
355.87439845562733,113187.84391171664,0.5506017825743175,23,10,2.808030641217276,48.86317289314537,111530.05325810282
335.3994857939528,136108.11336519234,0.43517191441174735,22,13,2.3485879419420765,43.30770302508993,107822.61603185344
358.9692324019991,118400.17501115508,0.5089539292306121,23,13,1.2471219168406773,50.295310871781645,118400.17501115508
321.60499782890184,140842.9845357829,0.3026506247000932,18,11,1.735765792129785,44.925539403806404,104040.25478069979
343.30773517721417,120500.55379070056,0.360985920057074,20,11,1.9239987235183547,40.94963563891373,119409.06167260336
343.7527791962567,128281.67640296498,0.5990181806816743,22,13,2.9862229080431613,51.35895822422636,107731.99806910068
346.705858689843,133392.73801078805,0.3545398132431044,23,13,3.0809395275650022,44.367179338592486,110214.89134718859
355.1965643174594,105265.2380073166,0.32690977964588724,24,13,2.6472741642492013,55.447490297578206,104299.52899015066
347.5068944357508,136186.99024093096,0.4088634335953773,16,8,2.3044833657590926,51.60760695436832,101862.65590904742
330.77474913165764,105747.03388367071,0.5113070908111383,15,10,2.683400471237559,57.711952904779594,103176.90859259006
359.23687000432295,106960.33864840498,0.3030283733647332,16,10,2.3267156336253567,53.21486505037433,104012.65401372856
332.1102076505883,138359.5556099314,0.30404616970405335,15,13,2.102484326944425,42.641838138159116,107658.83156422389
358.87190506288186,138412.7201155431,0.5523365573539101,20,14,2.6873667656391005,54.841286544779194,113292.89536143982
358.8093760656986,135954.05685865885,0.6638213206834422,17,12,1.5267278798176054,56.0974574469507,103287.18040480932
325.0343116812456,113881.33207959861,0.44608248869782513,23,10,3.1282398060772882,57.28016647984784,104506.62571354953
353.28173195709434,110759.93289172689,0.37303702306530945,24,10,1.3948659271827766,58.27563152458852,110759.93289172689
355.92349580498785,107096.44629172186,0.6465528273465604,23,8,3.346904288822862,40.145416653786114,105646.53901840751
325.49450717943245,131057.81752598759,0.48948946575300134,15,9,1.6068683478117851,48.01026828465124,107720.32076828353
328.0197596581246,149850.72967924766,0.44504277689974114,17,11,1.575036299491389,52.55779956458691,115713.16531048909
339.21046079898923,123227.47577617108,0.37205901714685724,20,12,1.459161323443537,40.38433071886564,118489.86870260545
346.2304571325869,137070.92844362196,0.529305041889967,19,9,3.163331001607481,51.82157668180359,109726.3910602852
327.4829586854926,107276.97026546785,0.3059362486690586,23,11,3.0616771812096335,57.21185151532369,103055.6155977453
357.76927858695456,107591.24021785999,0.6369772286603312,17,9,1.245144012262249,51.237766621147955,101941.99643098371
335.28406623611767,123543.64496506649,0.4754972580458972,16,12,3.4940733780297046,57.64200013229379,114489.38095725689
345.37597955972996,144884.49750861895,0.5276324334294773,17,12,3.1537539083740307,51.04167293842764,112798.62079013092
335.476430711718,125862.06269418138,0.687009971092462,18,11,1.744725341190564,54.899265096674014,107288.29936581911
352.0445231950391,120418.5134754516,0.5494110093555904,20,13,2.480953762594649,49.27363674682275,117337.67299561271
345.68150773032676,128610.58351321892,0.6611587263454339,21,11,2.11479094759617,51.512688675599065,111313.78424676401
322.23044604170565,116813.66263070582,0.6246045586104247,22,11,3.248800348997049,56.0579938150388,111907.36986354977
347.0044577714753,123401.06044070951,0.43062886059491445,16,8,2.0723855369787483,48.426002684139036,113852.88160809137
341.85969686666215,137468.56777396018,0.3765712816109969,15,8,1.2627354620573674,57.83496515401158,105066.84388593586
349.5520656991538,140249.46878037552,0.5649004854698576,25,13,1.7784113856100474,43.838360097611776,117453.99413032105
356.32440314925145,133526.79756398543,0.5789022253331568,18,13,1.39267753158743,48.749388359117624,116728.17578284685
330.92696486531895,129698.24142996827,0.4080567900866428,15,13,1.6289914547155955,59.32128064687559,107475.18242249252
358.9350120700833,105428.4625275043,0.542562432498596,16,11,1.3400854199195014,58.0650140465894,103107.64926591424
327.8982412264187,135649.49497210176,0.5718578291979641,21,13,1.7366471157771235,42.73552529630251,106418.18199804386
323.7865020836465,127767.52118520456,0.5992251900152529,20,8,3.491437546906388,50.62249622684181,113161.95994635562
354.7903885912632,141551.34196745604,0.4367707380636664,17,12,3.3380112114458944,54.343707189618954,109833.48681156468
334.0108046054305,115422.15469789175,0.6364365886656409,21,14,2.995233291989371,49.382517862840714,115422.15469789175
323.8098249687131,120314.43750740937,0.401722124469158,25,9,1.2929387420242393,48.45882237853125,115812.81186400379
320.0182487557798,146337.1968581917,0.4709784511999088,18,10,1.7083637257910576,48.20938621926206,107502.13155722604
330.3458491967718,134193.78259762554,0.6267795252582335,22,12,1.331304597094308,40.68996963067944,116648.57736906799
340.49444769680076,119672.11722054452,0.3290656629986774,22,10,2.653446068194209,51.63473812841421,114465.96280152262
348.6197041887147,111786.18167398425,0.6548987610941777,24,9,1.584017978634908,48.62329940599278,106377.37344057277
323.3048758493264,118706.52658414019,0.5070977867816184,23,9,2.9817831857516897,54.559505620234,118706.52658414019
334.0750853810284,131001.66445791195,0.4190023492696202,15,13,1.9295367969712047,40.724854459502794,107249.97659495748
348.78301841786407,134650.5721488232,0.32057307731379375,20,7,1.2015279121125573,40.366836323871716,102165.6430782727
341.43062296257136,146069.98365151594,0.5841164090002793,23,13,2.0018956238271963,43.757425913020235,108379.01849963014
344.89416324755246,118926.31694210465,0.5917951467849096,19,9,1.2344771788197755,47.381085837929504,108032.8005205277
355.70137052303846,138471.7461955151,0.31264240083513506,17,10,3.1900867961675887,40.32182928307059,101481.56120725986
340.1787667290486,114154.78068143157,0.307256642043412,25,10,1.644643151936687,58.63443895629344,114154.78068143157
341.3689260577306,113432.70587060976,0.6954020331075061,23,14,3.426318978708837,54.37494002769719,108571.71753745941
352.31370159884386,115871.58376148704,0.4209594527174446,22,12,1.232112438503958,41.35733757606454,101439.01530387696
333.5818435760707,113648.14466895211,0.4503456307941919,15,11,1.9469967998331228,47.58812028272301,113648.14466895211
355.43867439055197,125131.38264325641,0.3815479955838802,20,11,2.183495385749023,48.31572505275119,114313.67305997232
320.4603843389958,112335.26399410842,0.543936627607991,23,14,1.4321480207644046,53.03666931011602,112335.26399410842
327.1342328224326,119205.17646092143,0.6104902650086186,21,8,1.3663830870420646,53.837850096669,102687.46968370733
339.27215523000893,119949.24833736118,0.575748630009805,20,9,1.7642784840628036,40.577826489264574,119949.24833736118
346.56281379760554,112963.09569895298,0.6712949616962081,23,13,1.6733314119973797,52.390602294309694,102532.21017939315
350.86079765349297,143129.61553598306,0.4283073648700553,18,9,2.1873415254976374,59.64624455827716,117170.21531554234
342.3179404972328,117781.99721888112,0.36708721558816604,24,12,1.919524167342758,52.71766689481588,117781.99721888112
341.7318897211249,114688.80336150067,0.4834892989327245,19,12,2.6040070199744334,51.894635090226,105441.29408618147
347.6983014546675,137424.41019112658,0.33602502938472717,17,7,2.085252952138296,42.058059530716406,106047.41124266289
331.14491395587345,142581.5508180111,0.5464824516839137,25,7,2.523658122076027,58.74471973953266,111994.47722123045
336.21288481186355,144276.25282425145,0.5487109568165935,20,14,1.2032431015341252,48.596546967244834,114210.78819515019
356.92812444441813,144638.4088419261,0.4178049187017425,24,7,3.4571347027808166,43.97449491121136,112188.24424189402
346.7689166703791,149542.4604127048,0.4293511954074241,17,8,3.4631870939489815,42.23106459869045,105845.57015286993
324.6983252689116,122563.35083351174,0.6764663032183099,20,9,1.3221894292854566,43.77730512994337,106070.68988581529
341.2082153243613,132051.96682645983,0.6720240641501654,24,8,1.4540706181940932,49.9937863266651,119367.62811639273
345.2882597096129,120236.85438314264,0.5525702803234203,22,10,1.638981092088482,48.064414105112874,103758.05345632198
355.64705754758927,111016.15079191036,0.567526415508451,21,8,2.8403898348396357,49.406165453500996,105340.78520535082
334.4674382470835,116883.87038240998,0.4456074525564544,16,13,2.2236039448351406,49.75265697958979,116883.87038240998
333.1319470037138,142823.00209701652,0.5107181860996418,20,9,2.6089970708652617,42.20748513087869,114826.31939742644
346.9653666367062,149802.85605293675,0.6741420932151138,21,12,3.4352502641661173,58.34336556140622,106593.561086627
336.4944931924321,147994.57144434922,0.33178679970846164,18,11,2.3073129179304086,58.54482025403376,115179.65627972718
335.08684615704334,121193.04359680315,0.46197036449330153,19,14,3.1360395572742146,42.46113474839483,107033.06722191883
354.5230820378786,148121.3875900251,0.6958096213644572,17,12,2.5090819397557436,55.37902480253142,116910.09463396887
348.92671796017595,119448.36441401871,0.32224135186932906,15,11,2.6198443097891317,50.77028919781182,117533.6938795004
358.011440396167,130821.9355932384,0.5275235725363512,15,12,2.7402631142845384,43.17359894166685,111268.35981651262
326.6687568751084,114005.07924011866,0.48146721727075836,22,12,3.0205856493273013,44.49277208718016,108737.87980068561
322.95307886986035,118770.79907282164,0.6491639433285442,19,8,2.1982468728531273,43.20943880659132,102626.32377264675
339.0844257284534,115735.01105313346,0.49038995686028275,21,8,1.4282626989037255,52.22090810030119,102038.4464804823
356.5477533005545,121562.75859875024,0.683392411838479,17,8,1.5092130155422239,59.06796366827438,104662.78132411386
335.41718889837875,149978.7649511532,0.5149270159945011,21,11,2.7917995482925395,59.92859014931153,108873.03240958948
353.68224851498064,119793.35174680107,0.5129813368172378,24,14,1.3126980772309471,54.02005063436494,106460.54676229693
354.4678048735916,134006.82520077925,0.37458413893773257,25,11,2.2867083657150165,43.01061677558226,114646.37506056887
322.5873072022927,125026.09900895969,0.5227047329016984,19,9,2.1409901423392164,45.583714438186746,113145.52988879936
352.44586527217257,117661.5629271735,0.5915657327770234,21,9,1.9249716197042654,54.58746765090457,111482.82555350507
349.478591228276,132575.05928098393,0.30093530143424774,20,13,2.924844616115478,56.36351429011753,113272.07908101934
330.1478638261384,141965.8196273871,0.5885573905058958,18,11,3.2720881599699654,41.393554891821736,103987.6681946105
356.8455554500134,121714.45357639226,0.30466844985534797,23,13,1.397203820876566,49.66901938837739,117879.39805569669
332.3189048090876,118138.24721755399,0.32457148186842605,22,8,1.9812892850522175,40.54296207817268,114352.56600189433
334.3404620612847,127108.99028172274,0.6862795257124357,20,12,3.3922071023678786,57.18459437025365,115862.25686104933
345.9414860179728,115562.34776195066,0.3259407515062799,25,8,1.378715684766489,51.738923564742606,115562.34776195066
359.76694474241384,115262.51304326892,0.42662022477928896,19,10,3.4767991418858077,45.90727405502484,115262.51304326892
342.7810220747913,140627.1302480322,0.34640581318446,18,11,1.6181329201192303,54.532836882729,119299.79761989812
331.68072252639575,122211.76196162181,0.34860530982571186,19,8,1.874907560212638,51.408400546814896,108109.79488369815
349.5112611816735,125733.51218331423,0.4352907198306162,23,12,1.4976402715587163,59.71644659847284,117958.35536966665
331.587960231229,126725.22717333517,0.40283472027299994,17,13,3.094422077038123,51.37737445288704,115444.44895363819
357.9630185473532,124646.96154560012,0.4575559540393419,22,10,3.354856597196214,52.609882505202435,108995.20329221111
349.38414803964713,127197.87936410881,0.41179268031928074,21,7,3.1567223268248688,41.033892161297274,110092.68656578149
332.44097648757094,120534.26167523809,0.3383651710389853,17,9,1.6484854542349274,59.871305546006894,103424.7014369861
340.90042016555367,138891.30143426132,0.40510899059288197,24,10,3.3042683876773955,45.42526166484758,113127.35076459135
324.7545549654736,111827.60317948434,0.42841618196078807,15,9,2.719796257273745,48.18330848976468,107301.91275066604
325.68095803474523,140795.2068661181,0.6207675168781807,18,10,2.756075376019286,43.24403644013528,114491.69650326711
336.72035165415383,139137.59874999366,0.4570642795121567,17,9,1.797465727717174,41.92150177097231,101332.90730335878
334.6659211901568,138460.8667927803,0.6814343776847227,23,7,3.4448540313887523,49.153498985882464,117866.28746527455
352.89541984405037,118267.46885661551,0.6760971698886691,20,8,2.8497628479245183,55.88677849460015,108751.76997878679
356.7990711630629,118068.14666662778,0.5977832325848143,23,13,2.0029922059243574,43.22271568235746,118068.14666662778
347.1995231281994,109766.56842751161,0.5416517691581317,20,11,2.4003269224061894,54.78286322800594,109766.56842751161
331.2681969434893,116468.86130329364,0.6290928781650924,17,12,2.9259797957071765,40.45082627377419,116468.86130329364
354.20586909378176,127708.5528779549,0.355530906606496,25,8,1.6395645986015528,56.25215044633213,105559.24920289895
333.63726187637155,136311.43376067252,0.655617396232303,22,9,2.539624956211741,43.73493323749712,104523.893399897
330.23916693166433,119552.56429562625,0.41684419003956535,15,13,1.6925980631599158,44.019924113012976,109062.04909879003
324.0972278139338,109507.070666518,0.4635672079742268,19,13,1.8649114761489691,50.18100341871687,109507.070666518
325.06537064133977,107388.54818017442,0.5503699027634346,18,14,1.827796603824285,49.63422981888783,104750.02361088278
325.8975014441142,111575.6628549236,0.652920154082646,22,10,1.5031888337213006,58.65118639282701,111575.6628549236
347.1243910978704,108979.93339844824,0.6323745629116055,19,9,3.0787479863341534,59.827586358577605,108979.93339844824
350.3994836320238,131388.61099907247,0.46483143743418864,20,8,3.2127863183659517,42.81701990246108,104383.7362104716
329.96882886656584,113239.74495388157,0.5234864586165913,23,13,1.3246804817923727,46.037848496276794,113239.74495388157
336.96793848638663,112543.83927492348,0.4134607157994548,20,8,3.0723017784300817,55.322607789318326,109995.22745027431
328.95609717294235,114867.38174958347,0.3914987750567346,22,11,2.3272806307003258,44.68115324025216,105230.65050276567
348.98564375020675,110886.01788873025,0.6666306481861703,25,9,1.5588154418671298,43.53004573187274,110886.01788873025
347.6204770856568,144144.04703201161,0.6184459930356376,19,9,3.3727749247992227,40.003618749518026,112662.41586335181
356.29540779092736,144479.17834809795,0.526425251525605,22,12,3.2772029004989687,47.53545672319754,108495.42204740328
325.22306121211915,114021.18418460325,0.670661178820448,22,10,1.8468692891963778,57.40973907409401,114021.18418460325
351.0226012388081,102693.17399015275,0.32790633742761355,17,12,1.7244311725725523,59.56322605457878,101531.86838734803
323.93746578881627,140945.3508912241,0.5314479009429433,20,11,2.048368870276232,59.29461204099073,112987.07269913929
338.7554555486786,135473.51734826207,0.3866884915255906,18,10,2.550146570200247,52.58222970070635,111058.49476347519
339.42629127852194,136653.20563104554,0.3355542699997072,24,14,1.830360239004373,57.9447418355246,115203.94786805424
355.33325680142315,146840.45688977398,0.44723054203173446,19,10,2.8131149220156098,45.27252691408648,114923.9289412996
322.78802888075296,118055.31869284595,0.31743535524983185,24,12,2.5975203882562456,54.68386400347684,118055.31869284595
323.99873761204367,114648.76804926725,0.6479655892202412,23,12,3.259543632463993,41.4787962324472,105918.74116975366
353.7253241158688,114535.93262331682,0.3413782697410661,18,11,2.822832708074808,46.38108209790332,114535.93262331682
343.69207026712485,111662.91888183146,0.3391225620279208,16,14,2.392259479262963,53.74792913077749,101519.02113307627
351.05701422720153,146205.60317867916,0.6587370420153853,22,12,2.170887258820704,58.767357119154966,115486.77719210176
327.3392078679096,145708.5636437761,0.6345217658163792,22,14,2.082089783693081,49.591400382854175,106886.91597156112
337.2346143185901,108373.92347221501,0.6572690413362475,20,10,1.51529584262873,40.296657995197684,104925.28271949137
341.5538896460239,119885.7308626623,0.38858601749992755,18,11,3.1728596402255764,50.517968417112186,116323.59640762069
357.35346617725736,140506.78673466784,0.36816818476952645,20,13,1.720719150688472,41.77099676209117,107156.64011543199
351.3963245511991,131240.34550381577,0.6989729277003986,22,13,3.0244937360325,41.707681179824334,107450.16154559665
342.00252683279035,118989.83199700568,0.43332685163107126,15,9,3.280384997977718,52.32139035135755,116749.13849253523
349.6372058591278,114063.19600518997,0.5378208036896481,18,13,3.05280333069537,49.444127979846655,114063.19600518997
328.18724215289546,137649.14752811973,0.345087593393953,24,12,2.4585605729179916,46.696666058835156,118157.74596335285
351.52026011901387,126925.12286913599,0.47652688596400644,19,14,2.1339841877775307,41.293367813421256,104719.53439645431
342.9228610633313,138005.43384615827,0.5739927959289419,20,14,2.552568968007799,59.40178518823793,119046.6326421158
322.72012803279523,117356.82494244911,0.4596931153961431,16,9,1.8418693494800356,41.88165316126365,117356.82494244911
337.61806411478653,146965.47200712204,0.37511682756072745,16,11,1.9863987446167917,42.03845664851908,114835.69051324842
324.62761865216766,131407.69306873585,0.5035461638933083,20,8,2.0777582127886474,40.47197634907258,109624.05674650044
343.05647081805245,148915.21944065287,0.6825717653491491,19,9,2.5171619676613273,48.92036234280919,110944.67282858847
339.3581792918108,117732.27895173064,0.5339588618229651,20,13,2.962654017445324,58.1468170248822,117732.27895173064
342.4998653596337,116050.32434810992,0.4245576143917567,25,12,2.1206488024611487,58.581688536566034,116050.32434810992
342.6979832345501,147684.7061066972,0.6966279585229317,24,11,1.8041175373953826,49.702927704053465,109791.85162284116
345.8737047979571,133608.83522897438,0.5218732823319786,24,13,1.594797382006818,46.74461112171412,101771.39969622422
333.80089657976765,118200.94733586081,0.6222930417862659,23,10,2.2477014363776044,44.349185796089586,118200.94733586081
350.67763721691233,126434.95169724025,0.4963206951390686,20,8,2.5382657094237207,48.124755282681825,108763.39518046947
323.73098023840345,109972.87611253187,0.6226211742774974,21,8,1.739041017523038,51.59314187805292,109972.87611253187
344.31573749027467,139452.1761354575,0.41153158696676834,21,9,2.5201884703629487,53.64948300385602,105319.67816471194
340.28640362522725,132644.70142842908,0.6773079873211006,25,13,2.794089646538416,49.501146069422816,105163.46724968989
341.9506582629838,108018.73919182685,0.43574564688936424,21,11,2.910618844892963,59.268568759904724,105537.4451450656
336.8673229272364,120644.75685093421,0.48240440477469415,25,8,3.2501308712049797,59.258319637120294,119151.11036898172
346.4276179698396,131808.5104819258,0.38263589561568295,17,12,2.2799139132127118,49.844008302577464,111256.87276587795
322.64939141018573,114600.6157214764,0.36467371037664575,22,12,2.4008977389146695,49.960232165783,105084.27747008657
333.02521076295903,145362.258946841,0.5937164713860725,19,12,2.708826477045657,46.21154352903572,105615.08462425183
338.5591753930229,134122.65836848074,0.48867676512492497,18,8,1.4797954602688417,45.75186980953372,114909.98654452918
329.55082525397796,122423.82792669423,0.6669168475594449,23,12,3.1048887415299378,44.56686986664434,103565.77833413985
329.27441099088287,118060.84290443512,0.6972539537360983,19,9,2.613711055930331,47.93346511502277,103612.0912233237
343.6141969758331,122321.39256807856,0.5984821984274136,24,9,3.402978297498854,51.298454049082466,108608.56169208112
339.19357365152496,147466.17539623854,0.5094781538956361,17,11,2.7421183567503737,46.347780195897926,108052.05099845238
323.7189027263797,112115.10326899156,0.5013507441413643,19,13,2.1072994194074743,46.46018079093731,102318.31749356585
340.78357538779636,142901.29931159777,0.5345505122642846,15,13,1.6502379356213774,46.62347700193892,112496.72152846742
353.8590160604308,137244.14136737608,0.5002753651144218,19,11,2.140397443806847,41.86266795820335,118689.73729650174
350.8214809342296,117510.73943745924,0.6053665000297195,15,11,1.5010711240998027,44.505240854204715,117510.73943745924
349.1085562786913,107752.06177274669,0.6595878172523135,18,14,1.8956045790936906,55.712275908061045,102868.48754813366
344.1076251271771,111356.7711386369,0.44528188191407336,20,13,2.262971863256692,54.83100535206512,111356.7711386369
329.8192602778789,131875.2294480309,0.6394256412427365,16,11,1.6894167245889253,41.45299154288492,118290.15827796751
356.1034533670862,115509.73480108549,0.6461235830572114,17,13,1.8017116611509838,48.73512574016618,115509.73480108549
331.16536383790657,107316.81627072472,0.595594007115379,17,13,2.43926902390795,51.66813019237353,102941.35579713028
358.63521600828847,141761.02820196768,0.5708463048972403,21,12,2.9610735183663084,45.651730992385076,117098.00072680906
335.5744541934239,129200.41499777429,0.3179836286150147,16,12,1.8591848519043435,51.99817575120481,109947.19881470816
326.085967981641,113259.27433360669,0.38964320046481105,18,10,1.5350895489631828,47.807433764018654,103650.12944352865
351.7562980026746,126002.01199336909,0.676888110350458,24,10,2.055014558092067,53.81257399851758,110978.00328171141
345.99481796154663,116939.92377237829,0.5647386079147624,18,10,2.8152399420440353,53.46853327775433,112690.12865455545
347.41797717721164,124599.5769782059,0.5365321852855156,16,10,1.3413662099195742,51.92476992105908,104882.45152070197
336.0046382011436,121011.45227294616,0.5328700562633021,18,14,3.306465297858007,52.49322094154776,104565.07545405564
321.0869567914712,149418.82182411492,0.5249402958972449,20,10,1.7945028244469547,55.55127801663295,105569.28881556232
328.2563383757614,136076.8421707487,0.5706941587857617,19,11,2.1962095394033563,52.19411717420753,119749.36481035649
327.44537871125357,106709.99765892809,0.5200737524753158,24,10,1.2057965293758373,48.790137351115476,106234.07821839579
325.8785190098572,128869.16861033268,0.4819639666776549,22,7,3.036967548421774,56.68063670783151,115479.081609109
346.92141388058565,112022.06898048086,0.5851825464424582,18,13,2.3831414543414255,43.60097610459562,104231.00699769746
324.4190434009987,114366.17161146412,0.48616269846148197,23,14,1.2429962556064968,44.25966075827862,106131.01407588323
334.91349139440746,115113.80491774563,0.517399529244853,23,8,3.4184318112218612,51.459791762640364,101820.95012982724
328.4271901671398,128060.91343068302,0.6717752953722277,24,9,2.227423737243018,52.05448586785036,118258.58018969695
322.12567221151244,149731.612032287,0.5877577844031725,25,13,2.7574164225654183,53.979404707643724,117285.10763455555
346.63376708716527,140729.89952196568,0.6191384389108798,21,11,1.9822160652571927,44.4301281713076,113723.09308977514
332.0791476312486,116296.81183995325,0.41879027314309647,17,9,1.7298077927721016,59.01148547296164,116296.81183995325
340.5597790755806,117840.91913832088,0.5949976006648876,23,10,2.08576391798176,55.184711603462304,117840.91913832088
342.05714090071046,115247.30863157276,0.46373740557580534,21,13,1.5327050466153003,43.026487849876005,115247.30863157276
321.02386448437005,139946.92461005272,0.6858314804638797,21,8,2.8040767619770657,51.748910625567085,106839.14055116166
359.0679897259956,126094.16107652766,0.46547981310772285,17,9,1.3738715148814942,59.751592161309716,112576.43053057716
334.60185075173035,112839.63976498623,0.5615389358310365,23,9,3.3315979311001422,50.7172910746909,112839.63976498623
321.7949878163167,149661.18962206243,0.5656922238658726,22,9,1.6589398216088536,51.798198791523006,108816.91112712398
332.7989547881011,125784.93435706537,0.5890182280580574,17,10,2.1899197979412395,54.76194588476582,116036.92700351102
356.2408991126364,110735.25224868197,0.47374738973580066,24,7,3.122911720732203,58.80322395407342,110735.25224868197
344.43120426309065,102833.12333291826,0.32183425782654324,19,11,1.5868451444656435,50.38966180655899,102833.12333291826
332.72761667359873,135112.32196663533,0.3712936568313674,23,13,3.4961817597732834,52.750706942956164,110076.52185404905
351.7119826768163,131598.3350919758,0.48790118874267874,15,12,1.9628306910439917,51.967981510428714,104770.4977167384
338.2809179960255,124106.98475041051,0.5060764136290882,18,11,2.3434479494871496,48.38785262796723,118510.32624588121
330.8756509762103,112012.31124022297,0.3475788874999666,17,9,1.4822746242656846,59.848012853448054,112012.31124022297
341.34779733382703,123725.77833179629,0.5414854416044773,17,13,2.250446619533244,45.71501175994865,118816.54289552743
327.5581875470657,118175.90159444792,0.3732091300438717,16,12,3.3661235268904335,40.933395144804926,118175.90159444792
340.2752373339915,129850.84580700877,0.40110169095921067,22,9,2.6781918174814825,46.54014884401093,118796.37891202226
330.6069923689422,145158.35185841462,0.46250341837617803,16,7,1.368225137584649,52.62197358486675,113656.26212047016
349.19150374097524,135399.19250506404,0.4865350980017426,17,8,2.5935576746263993,48.36933184970712,107937.22503935866
335.9928456701114,102547.81080409721,0.4971389841313847,19,10,2.2996420453392736,48.35416489975479,102547.81080409721
327.4258883376534,109238.13414927477,0.5086501328830232,24,8,2.529218263472483,58.70128753577123,109238.13414927477
332.8485694485772,131925.94217571823,0.44232242382577064,22,12,2.7694841023888253,40.0764454998512,106741.25863422258
327.16303824957566,142403.0973458313,0.43226363598758144,19,7,1.5712177200750896,50.13627898367555,119972.82537204961
347.5575245068556,139586.99591146637,0.3900744299611381,24,9,1.2079049480592732,49.807410568802766,116511.99719147917
343.9093355161108,121057.97436888203,0.3242576044002061,19,10,2.698643985806642,44.15989081247114,102487.62846678909
351.8597581015255,119418.69719381067,0.39330995113588113,15,7,2.738248822617061,54.11393537398524,116705.11053653306
351.4222262668205,124403.35383156761,0.6179247964096678,23,13,1.4140183923162204,53.145697904560976,107066.97996112815
326.8260798082703,127570.8203145009,0.3627626336782195,17,8,2.297015909363617,53.7961354815144,119331.38155513373
359.4568058138399,130963.10573976018,0.6066006710784355,20,13,2.679332434772477,46.098774592607775,114028.7925598018
341.1782836765203,110813.70811056021,0.6643679185526004,24,13,2.727806504073645,51.17202512656024,106387.55337024249
323.16370095680503,122160.78550283451,0.4747908460780798,16,9,2.2157046510301512,47.96730031028565,119431.25873719575
347.463075469837,107975.0542488987,0.3285993140139151,21,13,2.4919236376090517,54.29237020803204,105523.74341729168
342.8208943777725,117263.79240883907,0.4202773898691211,15,9,2.473860260286478,50.170439973137704,113036.83856193826
358.50636985394806,146684.68528362413,0.3667488348223949,21,12,2.930015095131596,41.65208436960819,116994.16910133333
321.1695393968704,142124.703516306,0.5192342260181237,21,12,1.9379604887208104,49.88202955417416,102158.78975039473
332.02549146620873,125084.78672519987,0.49287938617057836,19,7,3.1450774406630275,58.45960814421544,117302.65892410517
344.5244044504515,119288.25513097909,0.40278191328147017,20,7,3.4328802970943757,47.140202092546765,119288.25513097909
352.8661921370407,130866.93285073552,0.3366200526930323,24,7,3.0661933347167984,45.989815309481195,104807.19396353846
358.0946962506166,143491.08359799694,0.5291184165700795,22,8,2.335082321889501,57.11081644165685,109121.16922023904
340.71592110388116,116969.09474663092,0.6305313383682456,25,11,2.034357038196278,56.6184428793302,103950.56688799725
333.1709261828903,118812.17955449501,0.5640149700120932,15,9,2.9185549100239836,41.11328663460129,113689.21367627087
353.01945439772743,139037.76571723484,0.4609756273045529,21,9,2.0368820699916697,51.91583415808451,106366.84918489652
336.2729275638828,137168.33204181644,0.3919849391330322,16,10,1.8489428319972085,41.97478996862472,118891.66109371792
349.99019992884257,119912.23599165148,0.46132844941160417,19,10,3.1399176077671345,40.2502297864803,119912.23599165148
323.52315552887853,119284.7701135046,0.5740047872159875,19,12,2.5788858303970503,47.95598447796231,102290.22788870796
328.59315183118895,128891.69921128475,0.6925009530177961,15,13,2.6968920645411307,51.003544354696096,113950.8752813298
321.9131451359996,119309.82206182554,0.43291863805331005,19,11,1.321049497630471,41.851974054343,119309.82206182554
345.5629495029339,148022.0796828504,0.35248558505066285,17,13,1.9664580556178013,49.92500327406013,108270.09152037816
345.6296666027791,142872.86996752964,0.3163225575069682,22,8,3.1368055012847176,56.67029932161262,113507.39524335269
344.92881122509783,126301.62664566656,0.5830745403862565,21,9,2.104754228193084,40.51548894982836,103268.93154762313
334.5563113131177,137107.68533949344,0.5244090578845501,18,10,1.9085013532724602,42.09825312963128,114805.25787163012
326.1232161703853,149276.91855411092,0.5004387553604411,16,13,2.2429262182339036,42.7968846207586,119833.48397608804
333.08681308985354,134162.88573615663,0.41585375486821097,16,7,2.4324877401837575,44.21895103175562,102189.70112298692
351.9816996348264,135318.22034319543,0.3294318980636512,20,7,2.218511281991897,44.3380588471954,105028.00673704788
353.2672134907049,148716.70990406486,0.5429515081014974,16,10,1.358226961226192,55.73965847483652,106669.29098526303
332.2108086521635,112199.19843377282,0.4955905288341329,20,9,1.3996698295861378,44.09949061566531,103810.54125002715
333.7749613501874,140976.49369614018,0.688594343778675,23,10,1.949791561947423,54.16860302667584,115185.55434762283
324.97077381777575,139807.33250964092,0.4063585389469418,16,9,2.507840787945403,40.132987585680574,103719.21939383048
335.19975347178655,118631.92503292105,0.3617240593774267,19,12,1.7715056630003911,44.04337444888159,103800.40410560925
324.9510917102185,144102.17629369342,0.43405450345627006,18,13,2.7807872081636757,46.5348653896682,107232.9177003335
333.34744855021944,145757.27764001064,0.4799492854825524,20,13,1.85435131479105,50.69046927308083,101699.44680149843
322.11481530143664,111231.7097103144,0.6144718188740542,20,13,2.088198463717428,55.580269749770764,111231.7097103144
324.1712426948279,143228.774162275,0.33359260950130976,16,10,2.992880567885386,56.15670784219114,117644.33089215672
336.8028022871762,131771.12962165137,0.5620513122837238,20,7,2.8741140169149824,52.26930436192417,103476.84479865093
334.9435629751228,142535.261636638,0.3224894442758995,22,13,2.062420683250458,50.66867143865821,114629.18611030899
346.261165582769,129734.88147208607,0.4975842030658916,20,13,1.3887271076858605,51.0853524142618,106996.74658681771
346.1580501270646,137600.4588959148,0.49830434499264936,25,10,2.7999407308938,50.60120184607307,108201.62152826221
353.55762352062845,120794.10030566051,0.6758282658596014,20,7,2.880306554494675,41.274842533038644,110608.99108751786
359.90408699188407,148563.46797703084,0.40661175958526175,17,11,2.536130170362206,48.67640640133608,118844.0932517161
342.861871527805,123694.37107467206,0.46612567358188983,19,11,2.4944667774110427,57.16983440230842,103227.04375835565
357.0510122295519,119103.17239390053,0.6310013009691771,18,8,1.7738265754800184,44.909253893392446,102876.20740535425
358.66962624290795,116682.4815811201,0.5305113705040028,18,7,2.165030760050799,55.85623643438101,116680.24418632378
347.81382644763505,111421.03958744628,0.46660240134230246,17,8,3.160422240492869,53.877273446234014,111042.43469386121
340.3409423314172,131177.076705095,0.5594566684675162,22,12,2.332462606374622,45.46911645649257,113489.441291798
351.2334066351621,115474.86145572834,0.3982004801661278,17,13,2.030048437125666,53.1098221693241,112387.5421024582
340.5981038379096,117860.39648617787,0.4148086042306823,19,10,3.016672721350117,42.98080948459251,114777.43225287132
322.3078124059189,111397.55289472568,0.4084608033746594,19,8,1.3476471273350326,49.8773432388397,111397.55289472568
324.32451762869124,126189.83837336596,0.3923834516450221,20,8,1.3867226702839992,48.68571962410704,113097.60724593015
321.64511869447256,120560.64249569208,0.6153400212471822,17,13,2.4150604640129503,42.50648940734655,103457.73416247834
331.9477019065282,145256.26825569672,0.36906251867167955,16,13,2.1452152655796386,40.63029328471445,119637.86564816633
359.3785329686127,117408.80348054865,0.4544407251503205,25,10,2.302147009358012,44.16260390966208,117408.80348054865
351.67934835662567,113012.9568287843,0.5361405121908942,24,13,2.521402379150614,47.45044867689705,106020.7605102271
328.31957252495954,105714.5696097378,0.69925199559714,24,12,3.317875899908956,42.942979645379246,105714.5696097378
331.5325078257718,135230.48414617387,0.6794077417966905,22,14,2.6183516141797796,48.65375932208485,111444.67438923162
324.8477102081478,124752.05401290666,0.6806774901370364,22,7,1.752927342614572,44.232029231492184,114147.17647314239
333.7202800125829,138557.1172157852,0.5608002462141666,25,9,1.7813725515875476,40.79062965363559,115521.32430247382
333.2246513802723,102836.6933039501,0.5141275390742485,21,10,2.1947229930928187,54.19632478712573,102393.12390301721
350.7349839358574,135565.31563092876,0.4724220283347507,18,11,3.084350529658265,55.03529196007402,110239.71624132039
321.98126363861036,136870.49707479688,0.3306783526287844,18,9,1.4740156879520012,42.69812309566207,111797.4622114874
328.91800125355525,112745.34913199944,0.67826536486326,23,11,2.2925949615646033,51.30369495781363,112745.34913199944
347.2422366646104,149250.31734342026,0.33303089657243434,24,12,1.2824112715619354,59.80476885456103,113082.97225050541
334.3141054675284,107482.28696035456,0.3428604065336095,22,7,2.447971078922513,43.937877681499394,101351.86109644841
322.07616330833883,110298.25518410261,0.5562896210970123,23,9,2.163290135541444,50.750433101377354,101633.50268913226
339.3079398055687,117241.32036466865,0.34805524541563393,16,14,1.9789523304028442,44.394675971187,117241.32036466865
334.2212292195914,149599.64294269576,0.6379971057056102,23,11,2.096818086377831,44.87799158721697,119489.20067230074
344.34624461962767,142480.26476928013,0.35689170950977533,17,11,3.1268964026944364,42.58785570533522,115295.06128146073
344.7108339790573,143833.76730352867,0.5678670549043601,16,9,3.4402145049455077,49.78620768656026,116431.94109980851
357.5592736225028,114530.53647397453,0.5664185407597907,18,10,2.2025125371541523,50.34359828075567,103661.57307634073
344.85799119835616,111630.11077539035,0.6839462647920517,22,9,1.790975090227652,40.67036323866593,111630.11077539035
331.41188628262006,144774.54668030166,0.6208212712985788,16,8,2.9459494672732234,48.76156215322197,114183.13444712329
322.44315167143253,113611.25755165053,0.4033660817407769,21,13,2.0645320262712823,55.51664331796781,105221.22509328615
344.05988812653817,140869.21611965258,0.48057168375497006,17,13,1.9640536444564765,44.81638925214202,114669.33724740705
324.1491585914097,132315.26423954422,0.4130136856392316,15,11,2.674538621641116,58.795505837503235,107127.63198686577
335.6591126745071,142061.95041531444,0.63822979981036,17,8,2.48275825850392,51.24931591542776,106272.57003748491
344.6565603043122,119961.99752951205,0.4136281970698467,18,14,1.7920586399091527,58.02824036166528,117673.36152999387
325.6220344016662,125908.15473254492,0.491996962113626,18,9,2.4419715794950347,58.39693601447578,111739.57059598733
348.83631179692975,125392.12546268322,0.6968072178433073,16,14,2.889015306972141,55.23448995318242,104610.09754566489
352.55998868558106,126245.63139930688,0.49384506197040545,16,7,2.7083880192955734,57.06305918444614,110169.52102682895
341.80740950086704,126986.96990782936,0.30496080071381004,25,12,2.775571627533637,42.60324962479197,117539.23563537508
320.287404423572,146268.52118656522,0.6088804621174625,23,10,3.0679732733558245,50.53302730695882,112226.94630844762
356.8982681033867,147244.72153351016,0.31864262397338217,23,12,1.4487782340937927,54.007050627468786,110603.3496236509
340.8341829884391,127425.4263258153,0.4141812180797074,23,11,3.4235387667208848,45.723083236405444,116832.38069947677
347.6424655315984,124500.54627459761,0.3105822385840001,18,12,1.8395089834844733,52.67241709552093,117916.7994915636
350.424014720882,119496.80732648975,0.4521800659255234,21,7,3.1156648021234763,51.422011362640404,113398.44767609879
332.98274158764144,118966.2696220595,0.5392004380527372,18,8,2.377687498665952,53.360018972479324,118966.2696220595
356.70371234629215,109470.26325195866,0.6568482797905701,16,14,2.996779870055304,40.52268551873315,109470.26325195866
359.84175795902297,145417.5661443683,0.6685428387199077,25,10,2.058927352495011,52.25789261495151,115681.63960477294
336.90767366738544,140701.4218294554,0.6456266103966527,25,13,2.5849063344568015,47.412566916499344,118870.47635600966
352.3298678220251,117426.7630771759,0.6196856712708843,15,7,1.7118020068716227,51.034088278117515,117426.7630771759
350.0550258284399,117689.81977119907,0.39756789949490956,17,8,2.2584711505253283,59.163288813329885,102139.21889931244
329.35062719470653,147851.37670033707,0.6027840731792725,23,12,2.6466767365766213,47.33394635735358,108527.21672972731
345.082876724686,142997.0259253808,0.6750436801263109,22,12,2.4131580098770207,47.00630461961728,105297.96651335081
336.380907895294,148968.89086677993,0.6618543047258112,24,12,2.0230566888801884,50.48211478744968,104213.30713866999
