Feed_Temp_K,Feed_Pressure_Pa,Feed_Benzene_Frac,Num_Stages,Feed_Stage,Reflux_Ratio,Bottoms_Rate_mols,Column_Pressure_Pa,feed_vapor_fraction,distillate_benzene_purity_mole_fraction,bottoms_toluene_purity_mole_fraction,condenser_duty_kW,reboiler_duty_kW,distillate_molar_flow_mol_s,distillate_volumetric_flow_m3_s,distillate_component_2_mole_fraction,distillate_mass_flow_kg_s,distillate_temperature_K,distillate_mass_enthalpy,distillate_pressure_Pa,distillate_component_1_mole_fraction,bottoms_mass_enthalpy,bottoms_pressure_Pa,bottoms_volumetric_flow_m3_s,bottoms_component_1_mole_fraction,bottoms_molar_flow_mol_s,bottoms_mass_flow_kg_s,bottoms_component_2_mole_fraction,bottoms_temperature_K
326.3286225265786,130658.73199159108,0.6895446171760666,24,7,1.7751149633299663,59.11499455006179,109658.77574520062,0.0,0.9938025611543256,0.5208857109059836,3.430009031624168,-3.9659426144795447,40.88500544993826,0.0039339122185248,0.0061974388456742,3.197157094034356,355.56988746738364,-322.17249885134095,109658.77574520062,0.9938025611543256,-289.20864685246,109658.77574520062,0.0063365383182131,0.4791142890940162,59.11499455006179,5.049489942782084,0.5208857109059836,368.5307614849502
357.7063178586004,134783.6872722913,0.6450567892722695,15,12,3.182760166608688,52.84036835485768,117801.10833610463,0.0,0.9997421421050524,0.6714972225618163,5.9336399885642415,-6.090597043565003,47.159631645141886,0.0045469575090922,0.0002578578949474,3.683896171638307,357.8692193855952,-318.175047185831,117801.10833610463,0.9997421421050524,-272.81863792699056,117801.10833610463,0.0058658323729641,0.3285027774381837,52.84036835485816,4.625152117377844,0.6714972225618163,375.97459371163785
348.5516833524369,115671.56304209048,0.5627616420812933,25,9,1.8847273339236932,56.551680458790514,110832.71704088124,0.0,0.9949553881819352,0.7692902409386814,3.7860346831918066,-4.095540284717672,43.448319541199325,0.004181565737599,0.0050446118180646,3.3969025309519982,355.9038808438546,-321.599219382646,110832.71704088124,0.9949553881819352,-268.7905963484903,110832.71704088124,0.0063892735218466,0.2307097590613185,56.55168045880066,5.027577786927897,0.7692902409386814,377.3179453791937
356.6542935794334,118826.50284935064,0.5442190398868125,21,14,2.460919007435284,49.69424379848431,118826.50284935064,0.0,0.9997663037430472,0.9169339597791788,5.23476520586026,-5.492096781022805,50.305756201499165,0.0048522405375369,0.0002336962569528,3.9296400798266338,358.1644829443722,-317.6448896264808,118826.50284935064,0.9997663037430472,-250.2524356667683,118826.50284935064,0.0058141834069688,0.0830660402208211,49.6942437985008,4.520849185904767,0.9169339597791788,385.8128999117256
356.40574124192483,130611.5846417603,0.479394365181097,25,12,2.213190061985895,54.41925997779876,117769.99548756794,0.0,0.9987496381003516,0.9556096698558576,4.406616005460027,-4.7036714734461675,45.58074002217572,0.0043956012210957,0.0012503618996483,3.5611948810117933,357.88116080213763,-318.1333413834649,117769.99548756794,0.9987496381003516,-247.0114028839544,117769.99548756794,0.0064174311791893,0.0443903301441423,54.419259977824325,4.980221298117658,0.9556096698558576,387.19389400316425
333.9622147954612,113324.53683419144,0.4715169417240971,22,10,3.413490783830241,58.41929432519523,113324.53683419144,0.0,0.999393846937596,0.9042064298394136,5.531827450074441,-6.138644714441617,41.58070567482039,0.00400213986215,0.0006061530624042,3.2482989587494013,356.5610118391799,-320.5140057606618,113324.53683419144,0.999393846937596,-254.86202426924888,113324.53683419144,0.0068000789763797,0.0957935701605864,58.419294325179614,5.304166559288819,0.9042064298394136,383.53908922878
359.3127849955044,148787.1220557256,0.4543408623681463,21,11,2.365947339914907,58.97531061058879,105792.90964104522,0.0,0.9982380484187042,0.9240075157325341,4.178042280431602,-4.375769039387702,41.02468938941252,0.0039372058368539,0.0017619515812956,3.205527864882973,354.2761712051693,-324.5682803678272,105792.90964104522,0.9982380484187042,-257.7255164421025,105792.90964104522,0.0068706646724965,0.0759924842674657,58.975310610587485,5.371029835448586,0.9240075157325341,381.92070124236005
358.1881584366655,130035.83811716428,0.6789113285510955,18,13,2.545886778453468,50.83148502354193,107213.1330341436,0.0,0.9998960062545736,0.631572221665226,5.269690992465457,-5.351307135254688,49.16851497645808,0.0047199673192517,0.0001039937454264,3.8407148958915776,354.6867702046292,-323.870950391974,107213.1330341436,0.9998960062545736,-282.35647214603983,107213.1330341436,0.0055701055853468,0.368427778334774,50.83148502354184,4.420847018914266,0.631572221665226,371.25710419763845
345.5582959829601,116018.53351796788,0.6693996819226694,19,9,2.9350609135318764,45.39877518763432,116018.53351796788,0.0,0.999345111683174,0.7274265432719071,6.468815397597216,-6.790862241852917,54.6012248123659,0.0052611478087214,0.0006548883168259,4.265503695003907,357.35853762628017,-319.0837587717031,116018.53351796788,0.999345111683174,-269.23138178573174,116018.53351796788,0.0050955635951141,0.2725734567280929,45.398775187634016,4.0093998165501175,0.7274265432719071,377.4119860182324
350.91052506543895,121757.10893356617,0.4689514345181647,22,8,3.4838369662198474,56.49959086560534,112891.55049007924,0.0,0.9978396127450108,0.9382524369917508,5.882604976872465,-6.242002449088664,43.500409134382174,0.0041875559276141,0.002160387254989,3.399215185319957,356.4642266236548,-320.65562744700287,112891.55049007924,0.9978396127450108,-251.77495388482865,112891.55049007924,0.0066236939443418,0.0617475630082492,56.4995908656178,5.156848864490225,0.9382524369917508,384.88103817403754
338.4505643395063,122930.28430467974,0.5907907808016941,22,10,3.0000835395603263,42.423673010472015,115539.2034443974,0.0,0.9995355830724036,0.9639472397602362,6.935206981282241,-7.428573203447409,57.576326989515,0.0055465228972964,0.0004644169275962,4.4977679044862375,357.2138842832979,-319.34710414313315,115539.2034443974,0.9995355830724036,-247.52619928783196,115539.2034443974,0.0050070271351325,0.0360527602397636,42.42367301048505,3.887397089705244,0.9639472397602362,386.8727742980932
335.4901985251048,138966.7745342654,0.5047954985432556,16,13,1.5482917397541782,53.45560735145179,110901.68974893964,0.0,0.8937217806250819,0.8338469466831882,3.656039579188268,-4.189340361112837,46.544392648549085,0.0045767786886791,0.106278219374918,3.705052855437729,358.1190660731346,-315.6196827625707,110901.68974893964,0.8937217806250819,-263.0001168970923,110901.68974893964,0.0061228980181462,0.1661530533168116,53.45560735145094,4.800734195371132,0.8338469466831882,379.8476842611812
359.71939667707244,134893.79250288577,0.6356277329361828,22,9,3.1184780948537103,43.62640006200103,104579.4368508053,0.0,0.9994284862312408,0.8344719794914813,7.027013851132604,-7.111584339475333,56.37359993800204,0.0054060845856194,0.0005715137687592,4.403897531305345,353.86737799028566,-325.31930631336246,104579.4368508053,0.9994284862312408,-266.97115928390093,104579.4368508053,0.0049833925104878,0.1655280205085186,43.626400061997806,3.9183765084421087,0.8344719794914813,377.7749910897263
344.5966784840724,114520.15610327438,0.4586879680854162,19,10,1.2192104066219511,50.06630232171823,114520.15610327438,0.0,0.8859291700648259,0.9674216510803316,3.415038695741164,-3.8777878853741248,49.93369767827929,0.0049254909790707,0.114070829935174,3.9803081564205818,359.3895463463203,-313.17605897998624,114520.15610327438,0.8859291700648259,-247.80077942130103,114520.15610327438,0.0059108511255872,0.0325783489196684,50.06630232172072,4.590152036952713,0.9674216510803316,386.7083092474687
359.53962507938087,126758.33937206677,0.3193449473792179,23,11,2.170214004814857,56.98409272270047,105959.68670959955,0.0,0.7406560867933049,0.9986925968196634,4.3222012936947705,-4.58161619043255,43.01590727729974,0.0043588706958238,0.259343913206695,3.516531094573217,360.169731356766,-309.0558384459579,105959.68670959955,0.7406560867933049,-250.02890866124204,105959.68670959955,0.0067472650424617,0.0013074031803365,56.98409272270042,5.249379840880799,0.9986925968196634,385.3517090829111
356.81355608886366,107919.32848423916,0.587199951257528,18,11,1.7161797418195142,43.9419188926533,107919.32848423916,0.0,0.9945400823410682,0.9324566018012712,4.606060399706166,-4.787399790119888,56.05808110733288,0.0053890734785253,0.0054599176589317,4.383093015728462,355.01813007777014,-323.17192192709274,107919.32848423916,0.9945400823410682,-255.51097454021848,107919.32848423916,0.0051335874583818,0.0675433981987288,43.941918892667175,4.00710868784061,0.9324566018012712,383.00240695020375
340.95819231701154,112826.16688623058,0.3509693319280641,15,9,1.433071161704499,50.23990703840573,112826.16688623058,0.0,0.6820083103886567,0.9769080729707496,3.8571366578875534,-4.414064578540854,49.76009296159448,0.0051195220719088,0.3179916896113432,4.1087993057478425,363.82089518661326,-301.34339138678126,112826.16688623058,0.6820083103886567,-247.8811341943492,112826.16688623058,0.0059391078106232,0.0230919270292503,50.2399070384056,4.612753402099273,0.9769080729707496,386.60097832356473
343.8654113203338,124084.8472632508,0.5797330926365557,16,10,2.9888637344659914,56.03482064465994,119086.400571132,0.0,0.9993022274641497,0.7494627904311643,5.27278456618162,-5.680614466041256,43.96517935534021,0.0042415145672735,0.0006977725358503,3.4346313588211697,358.24893926233136,-317.4835483497496,119086.400571132,0.9993022274641497,-265.5388521660036,119086.400571132,0.006326919057704,0.2505372095688355,56.03482064465974,4.966043801194327,0.7494627904311643,379.1680888600605
333.04445021616715,145515.19265134283,0.349379012464695,17,7,1.2968938871236866,55.90489717075344,119012.44509563142,0.0,0.7753428786604417,0.9866008646482995,3.1741157655946575,-3.8935328188417224,44.09510282924696,0.0044601422691846,0.2246571213395582,3.58330092907182,363.3218691777717,-303.93758856858585,119012.44509563142,0.7753428786604417,-243.05026863385996,119012.44509563142,0.0066406199347757,0.0133991353517001,55.90489717075302,5.1404824546834496,0.9866008646482995,388.9925095275634
359.99372779674724,124974.78271151728,0.3215978862187143,20,11,1.8942144039923936,55.62202501363958,105628.9583702353,0.0,0.7172002289166881,0.9940330327291448,4.085504400527809,-4.331429969528835,44.37797498636051,0.0045183541237428,0.2827997710833119,3.642480124658805,360.64853160436337,-307.765620186904,105628.9583702353,0.7172002289166881,-250.7357357682058,105628.9583702353,0.0065783099569196,0.0059669672708551,55.62202501363952,5.120270705855536,0.9940330327291448,385.02206447038566
353.1655945703892,116893.3619966132,0.3959387394624936,20,11,3.2632324740803185,50.24772837380309,113011.97344176836,0.0,0.7942288219017715,0.9984240906365393,6.6452294453925385,-7.002105652042445,49.75227162619692,0.005000157923346,0.2057711780982284,4.029839867886709,361.07149105126626,-308.393076030822,113011.97344176836,0.7942288219017715,-245.5139030836736,113011.97344176836,0.005968356160256,0.0015759093634607,50.247728373803085,4.628636095757585,0.9984240906365393,387.6583539576056
339.50762878260366,108406.33261265088,0.4376170383032137,18,9,1.2681830631853632,42.251422816799405,108406.33261265088,0.0,0.7539745261645001,0.9947753780292448,4.138436967383313,-4.647665114576284,57.74857718320063,0.0058416363790747,0.2460254738354998,4.710132096713452,360.6213877988045,-308.4751449029222,108406.33261265088,0.7539745261645001,-248.84090343636723,108406.33261265088,0.0050041966190532,0.0052246219707551,42.25142281679934,3.889883425957188,0.9947753780292448,385.9864907806078
325.7243410930005,148666.54815689535,0.4741495558014186,21,14,2.7018629491410904,40.83700317303456,106320.35789316916,0.0,0.7982910993792774,0.9954535889963676,6.878447453648482,-7.559255254686185,59.16299682696526,0.0059240505082066,0.2017089006207225,4.788719701895971,358.88732671895576,-312.43049790640606,106320.35789316916,0.7982910993792774,-250.13148732027088,106320.35789316916,0.0048327536957176,0.0045464110036322,40.83700317303458,3.76005315631301,0.9954535889963676,385.32164202119424
326.4695597792463,114568.44754962418,0.665356448090759,24,8,3.087034489794888,54.27793484794796,114568.44754962418,0.0,0.9988777355470148,0.6155916402510305,5.630313138448577,-6.207157355020469,45.72206515205191,0.0044034530683282,0.0011222644529851,3.5721543734974617,356.94146672221734,-319.8220604082092,114568.44754962418,0.9988777355470148,-279.16350563894184,114568.44754962418,0.0059469868918544,0.3844083597489695,54.277934847948,4.708420416379996,0.6155916402510305,373.0831608002768
336.62140524898723,128514.78386732958,0.3949526606045835,22,8,2.60204502554547,50.304257214685926,114404.87593893246,0.0,0.7945921372524649,0.9998525057571962,5.604364335507478,-6.221054002276723,49.69574278531408,0.0049969746627123,0.2054078627475351,4.025007885475131,361.4849609802497,-307.64712082983965,114404.87593893246,0.7945921372524649,-244.48922857707788,114404.87593893246,0.0059806124765984,0.0001474942428037,50.304257214685926,4.634851210553893,0.9998525057571962,388.16983146736794
341.6057708391505,138616.52751134086,0.5117471358179335,17,13,1.5984898879402634,50.55845882355314,108945.6629698174,0.0,0.9183565531897172,0.885879625746927,3.945272297901014,-4.38437912651135,0.0816434468102828,0.0048324608072892,0.9183565531897172,49.44154117644733,-318.1657494739595,3.9185891760543656,356.969560649516,108945.6629698174,0.114120374253073,108945.6629698174,4.577447098166408,0.0058505557396894,0.885879625746927,50.55845882355269,381.3414481990298,-259.37903175550326
352.1976742462751,121302.61658553194,0.3032375847886974,21,10,3.167725768767477,43.50276516326841,119871.46830853312,0.0,0.5365911463182992,0.9998197247006124,7.609651537792589,-8.04927817022937,0.4634088536817007,0.0060095359614294,0.5365911463182992,56.49723483673147,-287.4658273177556,4.780337592923193,369.9683555005032,119871.46830853312,0.0001802752993875,119871.46830853312,4.0081664796346645,0.0051842329058915,0.9998197247006124,43.50276516326841,389.87256118180807,-241.13431133608464
346.8251735592496,108530.0269540523,0.3013765637746107,17,10,2.4439747068410744,47.07922385608012,102033.87051280428,0.0,0.5663797872385465,0.9965080468388372,5.920449598871583,-6.352546564484215,0.4336202127614534,0.0055514472521462,0.5663797872385465,52.9207761439198,-300.0015615076547,4.4556146282933,363.4740284723066,102033.87051280428,0.0034919531611627,102033.87051280428,4.3354998221391545,0.0055615615905555,0.9965080468388372,47.0792238560801,383.9050441587968,-252.8799251143529
345.7713970232875,135099.40087531338,0.6996172884148075,19,8,3.003024492070756,44.76060873036452,119476.0463619373,0.0,0.9989884034967564,0.6698387719452576,6.647739845587468,-6.962675497316998,0.0010115965032436,0.0053303618608911,0.9989884034967564,55.23939126963554,-317.2643305800408,4.3156342980504006,358.3672556008903,119476.0463619373,0.3301612280547421,119476.0463619373,3.91688421579898,0.0049706555003139,0.6698387719452576,44.76060873036454,376.4272696055332,-271.98197953193994
326.3980568455211,142611.83848648707,0.6817056719113035,25,13,1.7009591699967053,45.190717117552296,114084.87966545322,0.0,0.9994850731385456,0.7037111173547745,4.460753907319969,-5.0354814132185,0.0005149268614543,0.0052769187171506,0.9994850731385456,54.8092828824476,-320.11405697103845,4.281649804280179,356.7853940431048,114084.87966545322,0.2962888826452255,114084.87966545322,3.975992599662393,0.0050427398500287,0.7037111173547745,45.1907171175525,375.95289386072415,-272.37089113168963
355.46196332835245,118229.90486843024,0.5760210693026455,20,11,3.1329543504622257,44.99764049090916,116472.8572623499,0.0,0.999705863276326,0.9418652710126388,6.842115954672645,-7.093508969738095,0.0002941367236739,0.0053003574462839,0.999705863276326,55.00235950907422,-318.866311340273,4.296562430767474,357.48382269898,116472.85726234992,0.0581347289873613,116472.85726234992,4.109319432185552,0.0052876784670123,0.9418652710126388,44.99764049092583,386.1756910559763,-249.19596678579623
355.5593069842832,142270.6841794387,0.384336836800795,19,11,1.9001417843537245,58.430084602174446,103872.19455912636,0.0,0.8907399282934666,0.9759421840816082,3.7304740017150255,-4.013836897966038,0.1092600717065334,0.0040779608313918,0.8907399282934666,41.569915397826165,-319.4134712464495,3.310810397459558,355.97549178071574,103872.19455912636,0.0240578159183917,103872.19455912636,5.363939079370252,0.0068776997805747,0.9759421840816082,58.4300846021737,383.5874018004977,-253.77702233576903
329.77758310180275,121650.22841518855,0.3000003297564814,18,12,3.1309381478845566,55.068578839916896,115602.54670591989,0.0,0.6580535853813319,0.9921416133465984,5.924705986484063,-6.699683533267577,0.341946414618668,0.0046513247769915,0.6580535853813319,44.93142116008317,-298.2039043780073,3.7251824502400384,365.29896628469993,115602.54670591989,0.0078583866534014,115602.54670591989,5.067862387224057,0.0065394981964001,0.9921416133465984,55.068578839916846,388.1881256797794,-244.5580664930247
355.10780899880086,149896.77372874034,0.6810393365648796,24,9,1.815766930257802,56.47913631940376,105950.86763894818,0.0,0.997395364797907,0.5627336471684841,3.708183790290036,-3.822801554141624,0.0026046352020929,0.0041777974659875,0.997395364797907,43.52086368059624,-324.4315075272599,3.4010847382458333,354.34344653531974,105950.86763894818,0.4372663528315157,105950.86763894818,4.857492306967408,0.0060971120914903,0.5627336471684841,56.47913631940373,368.61626390274,-288.37990575865257
320.95305710421445,119334.02556862475,0.5406678017969433,18,10,1.996423929271084,46.416585036864106,112970.84570618652,0.0,0.9902924846525242,0.9783799898490048,4.850097721288448,-5.610827263353817,0.0097075153474757,0.0051666486389912,0.9902924846525242,53.58341496314832,-320.1755307801647,4.192795232881672,356.6468148793613,112970.84570618652,0.0216200101509951,112970.84570618652,4.262675208917622,0.0054892386716897,0.9783799898490048,46.416585036851664,386.71499575057373,-247.6376268078086
322.83627748150553,121845.41517685913,0.314150329010017,17,8,2.8526124897384824,58.98500405058067,112656.28902238925,0.0,0.7616708073368323,0.9970313162453802,4.976816676101176,-5.839087147073853,0.2383291926631675,0.0041496957062947,0.7616708073368323,41.0149959494193,-306.5523762628019,3.3408677125400814,361.75391340042813,112656.28902238925,0.0029686837546197,112656.28902238925,5.432329501121044,0.0070029271830629,0.9970313162453802,58.985004050580635,387.4789340427187,-245.8851598145444
344.13133349378535,124233.81472561492,0.5572257134862231,20,12,2.313169446028568,45.84539004709509,113890.49644012182,0.0,0.9990692304956854,0.9646994637074168,5.407451886555113,-5.829408987222874,0.0009307695043146,0.0052139381303177,0.9990692304956854,54.154609952878396,-320.19336542522785,4.230823244615283,356.7363887138304,113890.49644012182,0.0353005362925832,113890.49644012182,4.201422093331844,0.0054078393037144,0.9646994637074168,45.84539004712157,386.384485827965,-248.4723742454061
350.52658514148186,120089.92497623274,0.6074204336777932,15,7,2.6067392636229485,43.08164446085231,106810.84354994498,0.0,0.9957868045539884,0.90567918110269,6.211679169824154,-6.4676386474528655,0.0042131954460113,0.0054677617405404,0.9957868045539884,56.91835553914032,-323.8589064605215,4.449361171624247,354.6467817367621,106810.84354994498,0.0943208188973098,106810.84354994498,3.9124780902937,0.0050016731769415,0.90567918110269,43.08164446085978,381.4717558958325,-258.84944414151465
341.1263087674339,117480.11807033468,0.5944940711433944,21,12,1.9441539998420103,43.198236403279736,117480.11807033468,0.0,0.9989738030694468,0.9373600975784852,5.032046507238082,-5.489739411676006,0.0010261969305529,0.0054768133700162,0.9989738030694468,56.80176359670872,-318.2973203312505,4.437707876845938,357.7924231083273,117480.11807033468,0.0626399024215148,117480.11807033468,3.942262663818143,0.0050735090376049,0.9373600975784852,43.19823640329132,386.29035773845663,-249.03409011153795
329.6102504925924,113722.13851679755,0.5022258167644635,16,10,3.0383208966874715,41.518171822066655,108433.36918244426,0.0,0.8525223679542199,0.99119626371133,7.3424464001341825,-7.96695879402968,0.14747763204578,0.0057947380205677,0.8525223679542199,58.48182817793328,-314.525461734685,4.689099199474952,358.28878054645094,108433.36918244426,0.0088037362886697,108433.36918244426,3.8202922386079257,0.0049135884419704,0.99119626371133,41.518171822066634,385.8286183673281,-249.19828210807225
350.5046381569746,144561.41481720615,0.4123041157530109,24,14,2.6637743362988964,52.53951269589114,102304.71395622451,0.0,0.866728908610122,0.998191166852634,5.40816214182082,-5.747388326423885,0.1332710913898779,0.0046762084267104,0.866728908610122,47.46048730410865,-318.9038483076358,3.7959457284932814,356.0039131516711,102304.71395622451,0.001808833147366,102304.71395622451,4.8395751928086375,0.0062096661890004,0.998191166852634,52.53951269589116,384.0778907686184,-252.52058605181816
337.791580561878,118484.94917598368,0.3846079100188029,19,13,1.642649322955762,46.77925475168913,109322.03553801092,0.0,0.7074030799170746,0.9826360658788758,4.472199094121393,-5.03949177079768,0.2925969200829252,0.0054384803759182,0.7074030799170746,53.22074524831091,-304.989328170912,4.375595569028428,362.07547038884576,109322.03553801092,0.0173639341211241,109322.03553801092,4.2987736845124935,0.0055281809042003,0.9826360658788758,46.779254751689,385.72545185483386,-249.51642154976048
349.5869251503716,111022.69895277484,0.6888371671493656,24,7,1.786782183338401,55.74400218277572,111022.69895277484,0.0,0.9934233466141724,0.5529783603643059,3.7263818904284456,-3.9426292040851862,0.0065766533858275,0.0042610212419302,0.9934233466141724,44.25599781722439,-321.4075646962508,3.4609999487383667,355.9937252870593,111022.69895277484,0.4470216396356941,111022.69895277484,4.786639399225079,0.0060189480640765,0.5529783603643059,55.744002182775695,369.9552622035114,-286.0322354625871
350.0839057195344,128367.16528402688,0.5968262728083651,16,13,3.03066937363435,42.7148024246043,119232.53292028767,0.0,0.9774105131360384,0.9135786024040315,6.974351997429296,-7.301323617231456,0.0225894868639616,0.0055526829493613,0.9774105131360384,57.28519757539558,-316.12457361563906,4.492803201040662,358.75687020472435,119232.53292028767,0.0864213975959683,119232.53292028767,3.8838960559682176,0.0049948554309631,0.9135786024040315,42.714802424604315,385.7925221148494,-250.33922780197923
325.1158848265748,114191.78839887703,0.6219093642901158,21,10,3.185735698791974,46.94509343271967,103163.31416754155,0.0,0.9997182185059682,0.8050705817492304,6.7254679974017995,-7.3074635634452845,0.0002817814940318,0.0050844040757442,0.9997182185059682,53.054906567282075,-326.1397803261001,4.14442606898782,353.40872540232533,103163.31416754155,0.1949294182507695,103163.31416754155,4.1970901640063705,0.005325634762923,0.8050705817492304,46.94509343271792,376.1337427548047,-270.5306795639576
346.89526422561937,124804.27554831225,0.4593486544648138,24,7,1.707619389295105,52.78096982427023,109362.74561613952,0.0,0.9654532476123387,0.9934237772557336,3.888740498420169,-4.303734553204194,0.0345467523876611,0.0045702341462648,0.9654532476123387,47.21903017572472,-320.6930844285004,3.711246403363484,356.07850313824,109362.74561613952,0.0065762227442664,109362.74561613952,4.858287072313561,0.0062521853533876,0.9934237772557336,52.78096982427533,386.2392420381221,-248.3645843237383
354.1461944916455,143447.20700460998,0.6876834978796995,21,14,3.473438806861809,55.49603896885277,112725.35378910102,0.0,0.9999836922781729,0.5627595236363035,6.00202125830906,-6.1607532586752285,1.6307721827376298e-05,0.0042819174819738,0.9999836922781729,44.50396103114714,-320.86882300505965,3.476296463344146,356.36946614228685,112725.35378910102,0.4372404763636964,112725.35378910102,4.772961089203404,0.0060088517288043,0.5627595236363035,55.49603896885276,370.80103725653737,-284.29128550397746
354.24285693740165,112922.46152647711,0.5162069970640725,21,13,2.629285866947244,45.799130934124335,101408.39611294853,0.0,0.9480890416956148,0.9949027483729984,6.027058815330944,-6.2551708954854455,0.0519109583043852,0.0052473626199467,0.9480890416956148,54.200869065875565,-324.19094505348494,4.273195093223233,353.9250897984436,101408.39611294853,0.0050972516270015,101408.39611294853,4.216585516481896,0.0054068435020234,0.9949027483729984,45.799130934124285,383.6120631068434,-253.471849696829
338.91134189539764,132210.8037824276,0.6373340823857836,18,13,1.492000761582467,59.99550439916284,113566.76617538228,0.0,0.9980707320082076,0.6032020687376066,3.0055806497763498,-3.41532482612301,0.0019292679917924,0.0038518941315205,0.9980707320082076,40.00449560083722,-320.30801100538844,3.1259073233538253,356.66102495458694,113566.76617538228,0.3967979312623933,113566.76617538228,5.193973289981013,0.0065535896625244,0.6032020687376066,59.99550439916277,372.3630890725579,-280.71556701316706
338.80330556293234,138918.9050301629,0.4435096031288487,21,14,2.007507536475959,54.25642002683682,115780.2646470656,0.0,0.9367203120926711,0.9723162751348916,4.19652139809386,-4.767473750367092,0.0632796879073287,0.0044662485130231,0.9367203120926711,45.743579973163165,-315.53344388928485,3.6137171208568057,358.63347125736715,115780.2646470656,0.0276837248651082,115780.2646470656,4.97803314272806,0.0064158757614512,0.9723162751348916,54.25642002683675,387.32949875440426,-246.51561768880777
328.0926468010158,118090.63572570602,0.4943910968997474,18,11,2.235103810796513,58.692609038984415,117068.11374197976,0.0,0.9981329356892856,0.8601383987047008,4.022510966165593,-4.711590967992563,0.0018670643107144,0.0039829086629712,0.9981329356892856,41.30739096101548,-318.46324726433505,3.2276780940556757,357.69048410595406,117068.11374197976,0.1398616012952992,117068.11374197976,5.2927027843580206,0.0067787897871991,0.8601383987047008,58.692609038984514,382.8716784173865,-256.78086486487973
350.296027102628,136361.77401617702,0.5874113542780535,24,8,1.7858358040622475,47.64482050251546,117205.81777718902,0.0,0.9919916166430826,0.8571673435498078,4.395873004113094,-4.709144320137022,0.0080083833569173,0.0050550309102778,0.9919916166430826,52.35517949747286,-318.03304055329346,4.095440477616242,357.8603898392112,117205.81777718902,0.1428326564501921,117205.81777718902,4.294464699603465,0.0054996449446297,0.8571673435498078,47.64482050252722,382.79258358213167,-256.97664614491146
337.1384159376333,115615.1689036493,0.5853592115044417,19,10,3.235925916455277,55.17667103941776,115615.1689036493,0.0,0.9995691249415521,0.7511284173969599,5.717167049024879,-6.203747034430207,0.0004308750584477,0.0043180844701426,0.9995691249415521,44.82332896058278,-319.30902555172355,3.501503599138645,357.23549833384504,115615.1689036493,0.2488715826030401,115615.1689036493,4.891280034611745,0.0062230159469275,0.7511284173969599,55.1766710394172,378.1580992795571,-267.45091909240364
351.2795002164618,132739.73583859878,0.3061471303936945,21,9,2.583251318732769,56.12565679123367,115438.19724073815,0.0,0.6969727837447816,0.999367670327419,4.99236440517156,-5.437813986002664,0.3030272162552182,0.0045047619864745,0.6969727837447816,43.87434320876636,-300.8567461834458,3.613590875297472,364.2297312053274,115438.19724073815,0.000632329672581,115438.19724073815,5.1708320969316315,0.0066750362927651,0.999367670327419,56.125656791233645,388.47408047509623,-243.8972469811324
343.1160598975402,142447.4307585187,0.604319935559551,25,12,2.821116405654849,57.362242554000574,105808.5955860062,0.0,0.9998437323101012,0.6896756782642112,4.92776813338923,-5.263052389610089,0.0001562676898987,0.0040906456356344,0.9998437323101012,42.637757445999675,-324.65140737168457,3.3306071454013675,354.24773255401465,105808.5955860062,0.3103243217357886,105808.5955860062,5.035581058106601,0.0063587464134514,0.6896756782642112,57.362242554000254,372.7749267925385,-278.6092724886604
322.86950616252324,123428.876163105,0.4533795789623649,19,11,1.66372251241276,47.7865241827017,116116.5963966594,0.0,0.8577260199898878,0.9884255843443845,4.304955918620709,-5.097016205503985,0.142273980010112,0.0051844755408252,0.8577260199898878,52.21347581729852,-310.6070792180636,4.182688862069935,360.5091575202124,116116.5963966594,0.0115744156556154,116116.5963966594,4.395217191082283,0.0056714305311421,0.9884255843443845,47.78652418270151,388.17698849051834,-244.63059658777348
349.8622073071214,117774.29977919416,0.4020451647800107,19,8,3.0582141770054925,48.987832291789154,109924.42705591976,0.0,0.7876633147790251,0.9995079723727056,6.501892696906891,-6.889507060822465,0.2123366852209748,0.0051272053583158,0.7876633147790251,51.0121677082108,-309.7136453363842,4.136586862791037,360.27832696258594,109924.42705591976,0.0004920276272944,109924.42705591976,4.513323868423785,0.0058120310259512,0.9995079723727056,48.987832291789154,386.7082787376257,-247.36334264870777
348.1407011031715,135713.58389051945,0.4722893260598949,16,9,2.282372997292246,57.242149133012106,117320.94310734356,0.0,0.99175204512975,0.915730862024399,4.2299362450127695,-4.6467645547134895,0.00824795487025,0.0041287834620599,0.99175204512975,42.757850866978686,-317.95891766586203,3.3448410905631745,357.8989312459236,117320.94310734356,0.084269137975601,117320.94310734356,5.206541035634976,0.0066912220901067,0.915730862024399,57.24214913302128,385.29487334946737,-251.2809893126084
325.59934487866985,144719.22757817688,0.6411876477461372,25,12,2.380235428933089,46.30905057630882,112149.3692427782,0.0,0.9997687396516604,0.7745530990450649,5.473182304181694,-6.078683059423238,0.0002312603483396,0.0051648542216835,0.9997687396516604,53.690949423684536,-321.1657540260875,4.194073013215335,356.2010291611963,112149.3692427782,0.2254469009549349,112149.3692427782,4.1204023619847225,0.0052409187923475,0.7745530990450649,46.30905057631554,377.940729054468,-267.5217406745716
331.34284381509474,112830.99642660662,0.5050024328679357,20,11,2.3953052225445948,49.49453548785213,109651.56393018086,0.0,0.9924294224652844,0.9923802838849896,5.185577447545744,-5.8076139981264125,0.0075705775347155,0.0048609867989363,0.9924294224652844,50.50546451214792,-322.097214036785,3.9504379074224767,355.59647548678333,109651.56393018086,0.0076197161150103,109651.56393018086,4.5550588850934215,0.0058623277992776,0.9923802838849896,49.49453548785214,386.28554953408576,-248.28809159875576
353.61488887921,110639.7744975176,0.3560717439856012,19,14,3.460660006092949,49.52624920205636,106964.25519718874,0.0,0.6944015754423285,0.9887307774164726,7.1802179138398685,-7.510340123366114,0.3055984245576714,0.0051665518928916,0.6944015754423285,50.47375079794369,-305.52193179882386,4.158953471423112,361.6579020374277,106964.25519718874,0.0112692225835273,106964.25519718874,4.555442292229783,0.0058542455888885,0.9887307774164726,49.526249202056334,385.22470378810726,-250.41199363886037
350.44925243537256,122145.4880974423,0.6100265120947483,18,13,3.192259850764718,59.59232988662651,114687.27722208132,0.0,0.9999244842377976,0.6543509449740242,5.10256308242315,-5.36720570587301,7.55157622021622e-05,0.0038909482914442,0.9999244842377976,40.40767011337372,-319.81984127613305,3.1563602636298853,356.9546039114406,114687.27722208132,0.3456490550259757,114687.27722208132,5.201823558941814,0.0065828721022049,0.6543509449740242,59.592329886626366,374.421160518362,-276.032072304776
343.3390703694441,118723.36738499842,0.6130588957644251,20,13,3.225780609568413,45.00976016040488,116072.03851406155,0.0,0.9999357394948288,0.8596041521899811,6.995154762861586,-7.393215537470824,6.426050517110896e-05,0.0052980791838512,0.9999357394948288,54.9902398395874,-319.0899990769167,4.2954383816808575,357.36177191740245,116072.03851406155,0.1403958478100188,116072.03851406155,4.058492040645118,0.0051956432949517,0.8596041521899811,45.0097601604127,382.5389091093962,-257.43363571206766
326.5334112673904,117717.34149559058,0.6200789786400979,15,14,2.2607916449210266,50.45318407794621,117717.34149559058,0.0,0.9334679881316656,0.6876801419991004,4.9271321610470284,-5.543941549646728,0.0665320118683343,0.0048446871128865,0.9334679881316656,49.54681592205528,-314.3157150804958,3.9164309012306178,359.27276768210606,117717.34149559058,0.3123198580008995,117717.34149559058,4.4276527386690665,0.0056197225554525,0.6876801419991004,50.45318407794471,376.51439147871065,-271.54383096313586
331.6748956881869,141120.44441806176,0.5961953956690353,18,7,1.8444536570653565,45.53652280378572,110393.11173703584,0.0,0.9909340870161925,0.8759276473502019,4.684622435812757,-5.2331451462388845,0.0090659129838074,0.0052452172261403,0.9909340870161925,54.46347719620136,-321.60592458822805,4.261168201732965,355.85454124437524,110393.11173703584,0.124072352649798,110393.11173703584,4.116415960773296,0.0052616465845934,0.8759276473502019,45.536522803798576,381.3996561614685,-259.4069155174599
359.00962726800225,144952.10369285545,0.3628837029922142,21,11,3.0895985954875465,45.514483750204015,111870.7575107376,0.0,0.6655805853617781,0.9994755845177824,7.117697929135465,-7.382688089653443,0.3344194146382217,0.0056227115549183,0.6655805853617781,54.48551624979608,-300.8081786425475,4.511542626702964,363.95549998654616,111870.7575107376,0.0005244154822175,111870.7575107376,4.193298281341684,0.0054046359054569,0.9994755845177824,45.51448375020401,387.3402479114945,-246.12425567648444
353.64808970719423,120152.86136832436,0.3199787099489515,19,7,2.2377124566680178,48.2475040233264,118456.31468003576,0.0,0.6179499219109869,0.9996389419978504,5.36885143058204,-5.7755622428785225,0.382050078089013,0.0054089018911142,0.6179499219109869,51.75249597667358,-293.9206194807871,4.319817055819208,367.23989980466627,118456.31468003576,0.0003610580021494,118456.31468003576,4.4452049268625,0.0057459498334828,0.9996389419978504,48.247504023326414,389.4288618648111,-242.0124026916619
335.05140082841336,133214.53153718877,0.6391431227530744,17,14,1.4628779517317687,58.12383942590513,101837.31753321843,0.0,0.9977448492052408,0.6192166763823854,3.126788183641609,-3.534414478179076,0.002255150794759,0.0040124742359294,0.9977448492052408,41.87616057409484,-326.7873425435696,3.272348584454546,353.0212311452038,101837.31753321843,0.3807833236176145,101837.31753321843,5.04499456212775,0.0063372484283134,0.6192166763823854,58.12383942590516,369.0446195779605,-286.6957702043481
337.4354331503936,119989.93279295412,0.3892873897799168,16,12,3.391253072057454,43.91122836446743,118105.2907694165,0.0,0.678506007480801,0.9801378712564048,7.8318202381441315,-8.442778172928131,0.321493992519199,0.0057874998621613,0.678506007480801,56.088771635532574,-298.1738724572624,4.634127475872918,365.5096824375972,118105.2907694165,0.0198621287435951,118105.2907694165,4.033678063265766,0.0052066124141588,0.9801378712564048,43.9112283644674,388.4139159295922,-244.2777734298687
337.25001698400894,112112.4895993501,0.3273238440156587,24,11,2.716391885407356,51.14700860914668,112112.4895993501,0.0,0.6698502513153106,0.999839759135058,5.795561418151114,-6.423139446033767,0.3301497486846894,0.0050374729682577,0.6698502513153106,48.85299139085317,-300.95126337587146,4.042229151533552,363.91824255730376,112112.4895993501,0.0001602408649421,112112.4895993501,4.712490112743267,0.006074609925708,0.999839759135058,51.14700860914669,387.4354049660246,-245.9325200384054
321.9569448636834,104194.23399202594,0.6341819103076273,24,12,1.6554229406413428,42.28352942608792,104194.23399202594,0.0,0.99896406146318,0.863741006223433,4.639971644325652,-5.2708509488310655,0.0010359385368198,0.005534490259527,0.99896406146318,57.71647057391988,-325.51072094739254,4.509178374694953,353.75436555406503,104194.23399202594,0.1362589937765668,104194.23399202594,3.815123661174855,0.0048593152849916,0.863741006223433,42.28352942608005,378.82939623830777,-264.53217377228646
345.7334691237063,140128.8165939715,0.4039128505549686,16,10,2.1014186088768487,53.8850825479354,113736.47402985916,0.0,0.8449477066308752,0.9735253015222856,4.441557480116524,-4.912691362151075,0.1550522933691248,0.0045868061984898,0.8449477066308752,46.11491745206492,-311.11873102195926,3.702414310009925,360.0932062830108,113736.47402985916,0.0264746984777143,113736.47402985916,4.944876694943485,0.006367918335231,0.9735253015222856,53.88508254793511,386.7373345636119,-247.66024669801484
343.4149491731324,146036.17304263462,0.4077829410160714,22,13,1.278005294642981,46.01273362040565,111160.41036927636,0.0,0.7493126071038436,0.9929377206104522,3.883424760386335,-4.366590761845732,0.2506873928961562,0.0054728969283462,0.7493126071038436,53.987266379594494,-306.6124100570172,4.406879559416816,361.5979128132207,111160.41036927636,0.0070622793895477,111160.41036927636,4.234983028320518,0.0054542997631216,0.9929377206104522,46.01273362040556,386.8043433119604,-247.26418244465725
339.0509423025288,120724.53354385926,0.6353169170559865,16,14,2.8423785051555504,48.26142909231847,111008.85403157376,0.0,0.9994945227924764,0.7550989747183819,5.9987329403557705,-6.41057335651575,0.0005054772075236,0.0049749958771338,0.9994945227924764,51.73857090767608,-321.765798354854,4.0417618053253115,355.86224220813705,111008.85403157376,0.244901025281618,111008.85403157376,4.280948203113852,0.0054367323295436,0.7550989747183819,48.261429092323866,376.8432365581656,-269.9065833695854
320.6073670711984,139089.75867295312,0.4224521151302693,22,10,1.8823159536203264,53.434783470497685,112936.26585762408,0.0,0.904639104743132,0.9977449947060114,4.124824078579006,-4.960788051546247,0.0953608952568678,0.0045721337268113,0.904639104743132,46.565216529502365,-315.15599761794215,3.6995798263375814,358.49377586952545,112936.26585762408,0.0022550052939884,112936.26585762408,4.921706912305887,0.0063457588321826,0.9977449947060114,53.43478347049759,387.6022575642039,-245.63330068702655
320.9000943839018,132909.19918086275,0.484835771677729,17,10,3.499295879775624,55.87362097318076,110930.0257835668,0.0,0.999273587289963,0.9214432136831732,5.991345854232682,-6.768336700901417,0.0007264127100368,0.0042430958834022,0.999273587289963,44.126379026807406,-321.79577895421147,3.4472422661122217,355.8429493776035,110930.0257835668,0.0785567863168267,110930.0257835668,5.086541475222062,0.0065209455448374,0.9214432136831732,55.873620973192544,383.5107288660008,-254.67637895986812
352.10273625551434,145892.07127879316,0.566353232744071,22,9,3.295678245256229,58.17739505736037,103700.32563103938,0.0,0.9992190732556177,0.7448256542279069,5.440053995140088,-5.655593615489655,0.0007809267443824,0.004009338622509,0.9992190732556177,41.82260494264019,-325.8055468638365,3.2672987395725803,353.59129140935056,103700.32563103938,0.255174345772093,103700.32563103938,5.1521438013398555,0.0065180435189594,0.7448256542279069,58.17739505735983,374.0417349119402,-275.3887042608264
348.86202538612804,141239.4495157912,0.5865408744251257,17,14,2.210520091515362,50.85618667167547,106575.1385242011,0.0,0.9987315315537126,0.8117709541902998,4.771529014868214,-5.049213722213438,0.0012684684462873,0.004717487946202,0.9987315315537126,49.14381332831938,-324.1591872863406,3.8395880645139138,354.5116457469986,106575.1385242011,0.1882290458097,106575.1385242011,4.551538099105819,0.005786617386777,0.8117709541902998,50.856186671680696,377.54987119663207,-267.72836466579975
320.3361438766522,147907.6256701421,0.4683136422203365,21,7,2.3619395984853337,47.19437975568086,107957.40852875578,0.0,0.8867026206560458,0.9998202674540104,5.486820492521254,-6.268526745554454,0.1132973793439541,0.0051937078760785,0.8867026206560458,52.80562024431914,-316.842899634716,4.2086615780751515,357.36433328314035,107957.40852875578,0.0001797325459894,107957.40852875578,4.3482970768416855,0.0055946212298322,0.9998202674540104,47.19437975568085,386.0736503752777,-248.6020098749553
332.6172291760212,130882.2207910078,0.4670647578549638,22,10,1.928230887641489,43.989072242762205,119865.1170334942,0.0,0.833343062179342,0.9993144267147066,5.089658740705709,-5.749223203495104,0.166656937820658,0.0055986195547236,0.833343062179342,56.01092775723763,-307.1114891791914,4.506049370360161,362.1765274337323,119865.1170334942,0.0006855732852933,119865.1170334942,4.05266104345173,0.0052415950253702,0.9993144267147066,43.98907224276219,389.8469116875633,-241.19182846618725
323.0361656223078,134448.19716088922,0.6553270097894773,17,8,3.3504362120277893,50.4138320875206,113197.72380381767,0.0,0.9990734377377788,0.6827759946789898,6.50344022124649,-7.132179469158177,0.0009265622622211,0.0047727436153023,0.9990734377377788,49.58616791247941,-320.5632194111104,3.8739112612683746,356.5298768847168,113197.72380381767,0.3172240053210102,113197.72380381767,4.420731410507326,0.005598714906368,0.6827759946789898,50.41383208752057,374.9343936855172,-274.6241736043446
348.5602308834814,130680.71500274776,0.5733973422292697,24,10,1.6648163031795933,59.52019882027998,115907.24441283422,0.0,0.9943270579060892,0.7128777633476324,3.251394494354684,-3.5731318426370224,0.0056729420939107,0.0039044597801344,0.9943270579060892,40.47980117972018,-318.8502174292661,3.165172813051148,357.43175127937417,115907.24441283422,0.2871222366523676,115907.24441283422,5.244389244294886,0.0066597835176296,0.7128777633476324,59.52019882027978,376.85115052447816,-270.52066679259144
326.72638253574394,103086.83835312953,0.6403228877150342,16,9,3.1694472743104853,42.8793429355398,101979.8198591454,0.0,0.9994263506333692,0.8380479163070997,7.217255515370393,-7.764695506060659,0.0005736493666305,0.0054715525496228,0.9994263506333692,57.120657064456246,-326.80099152751814,4.46225923779674,353.0326937078317,101979.8198591454,0.1619520836929003,101979.8198591454,3.8534291008437793,0.004895836533268,0.8380479163070997,42.879342935543775,377.02622098805807,-268.3530468328319
347.88174366924665,142674.75273822818,0.3005569214417637,17,10,2.4366292945459405,41.91537927673414,108804.24822609423,0.0,0.5155312255847078,0.9973456894102318,6.4981215319138474,-6.9464915987695965,0.484468774415292,0.0061766586155721,0.5155312255847078,58.08462072326588,-292.33985251741416,4.931807438114443,367.1662438169611,108804.24822609423,0.0026543105897682,108804.24822609423,3.860456691012972,0.0049680729858737,0.9973456894102318,41.91537927673412,386.23832776623874,-248.3131881243844
336.05067888455176,119267.08895987392,0.363901138704347,21,13,2.241401974578896,46.11676522293051,119267.08895987392,0.0,0.6725267704526524,0.9966997684348728,5.555322994766436,-6.21197006064012,0.3274732295473476,0.005569513458179,0.6725267704526524,53.88323477706962,-297.1431526857437,4.456422239318229,366.0111191916454,119267.08895987392,0.0033002315651273,119267.08895987392,4.246991553367878,0.005490591034439,0.9966997684348728,46.11676522293048,389.54100434176695,-241.83116549380648
357.08054864824703,124927.80154817736,0.3652544689619533,22,8,2.01291577480294,57.738182977113226,109339.13950463748,0.0,0.8621727071339756,0.9984678820736532,3.950317528700413,-4.251956860326828,0.1378272928660243,0.0041806631570082,0.8621727071339756,42.26181702288675,-314.5976048167177,3.3828508173255085,358.3503424199163,109339.13950463748,0.0015321179263466,109339.13950463748,5.318664714494755,0.0068468266266415,0.9984678820736532,57.738182977113134,386.4672800951773,-247.8496357832805
336.0906255281054,116537.9324923276,0.6096156970208039,16,8,2.2976491808028325,49.43466456102198,105327.47007282234,0.0,0.9971184375138779,0.7867500157953132,5.047526923810965,-5.4902131656901085,0.0028815624861221,0.0048530259354538,0.9971184375138779,50.56533543897748,-324.7655367004263,3.951795166141275,354.1525462697268,105327.47007282234,0.2132499842046866,105327.47007282234,4.4069648898912215,0.0055919500551979,0.7867500157953132,49.43466456102252,376.16358434692927,-270.73938842714045
335.87686345889057,119611.40595657492,0.650671630996309,17,13,1.878597065673114,45.20244529505541,107851.12123930948,0.0,0.9990896578878904,0.7717049852277043,4.767178800539353,-5.2028056393983135,0.0009103421121096,0.0052626505532324,0.9990896578878904,54.797554704939714,-323.47114147360026,4.281037535236569,354.9019916067177,107851.12123930948,0.2282950147722958,107851.12123930948,4.020135045501774,0.0051028269840072,0.7717049852277043,45.20244529506022,376.4344098220853,-270.44255560523845
353.2301889868016,120168.17482737388,0.6093977191523403,22,14,1.4471311841185206,41.43584936221488,112169.5098484447,0.0,0.9960492169701533,0.937083574487203,4.325407032764931,-4.570814016177961,0.0039507830298467,0.0056381430179487,0.9960492169701533,58.56415063777303,-320.939745566935,4.577798956129958,356.28511246672053,112169.50984844468,0.0629164255127968,112169.50984844468,3.7812668485215393,0.0048549255613171,0.937083574487203,41.43584936222697,384.59722320652014,-252.3444942057959
323.4025664776474,135394.38301745427,0.6681550580745117,16,8,2.920668580153313,55.667136415991294,102908.81378556472,0.0,0.998867803273674,0.5952219352891304,5.265557782831214,-5.82478942787824,0.0011321967263258,0.0042488433896951,0.998867803273674,44.33286358400872,-326.23662990760937,3.463625590983951,353.34446601263653,102908.81378556472,0.4047780647108694,102908.81378556472,4.813023703412312,0.0060420238233974,0.5952219352891304,55.66713641599127,368.6301763364337,-287.84294140358367
358.4528745596646,118039.04709826237,0.6689254758203844,20,14,1.5695697145299872,41.377275784989386,118039.04709826237,0.0,0.998989932681068,0.7987050595552254,4.531471606086834,-4.680178567884144,0.0010100673189318,0.0056536260317052,0.998989932681068,58.62272421500776,-318.00752643734427,4.579959409288035,357.9539125425508,118039.04709826237,0.2012949404447746,118039.04709826237,3.6956092517232215,0.0047188054572956,0.7987050595552254,41.37727578499226,380.7181277339285,-261.8315579567852
329.48139767366314,129514.51919604694,0.5721716485679009,24,10,3.345731483644199,54.50425553283799,118611.39680099956,0.0,0.9995895202674128,0.784602223149864,5.945382155757812,-6.5666963103919125,0.0004104797325872,0.0043880831755145,0.9995895202674128,45.49574446716954,-317.74581395512934,3.554018260205156,358.1063368963744,118611.39680099956,0.2153977768501357,118611.39680099956,4.85726302738626,0.0061987947088197,0.784602223149864,54.50425553283069,380.34974008249776,-262.747767978501
339.3928092844011,126255.4231777016,0.4620941326902383,17,11,1.526100210379593,53.22002099318578,118625.364702858,0.0,0.9104571129370576,0.932013393236224,3.6184710255070054,-4.173770502186192,0.0895428870629425,0.0045981535062775,0.9104571129370576,46.77997900681421,-312.4630644476682,3.712825017236112,360.0470958570688,118625.364702858,0.067986606763776,118625.364702858,4.852857488698728,0.0062464113562713,0.932013393236224,53.22002099318575,386.409272143405,-248.87568002282745
357.66460248109337,132235.30305259267,0.5133946207398451,23,8,1.7015697800261478,40.168377923682094,107976.3602369968,0.0,0.857976299815574,0.999866851656476,5.021599288293238,-5.221905939222144,0.142023700184426,0.0059205297076544,0.857976299815574,59.831622076318055,-315.11250623342744,4.7927491562874005,358.0205812919928,107976.3602369968,0.0001331483435239,107976.3602369968,3.7009762583802654,0.0047618188636042,0.999866851656476,40.168377923682094,386.08213662986174,-248.58477156282677
349.04117795708794,134072.90540506592,0.5579214843893923,18,9,1.3281179400546188,56.74013933181588,112194.01249936232,0.0,0.9760213531106308,0.7608465390815162,3.052627855505471,-3.361395931245444,0.0239786468893691,0.0041825627977837,0.9760213531106308,43.25986066818422,-319.76390838346094,3.393657278014373,356.71576497184617,112194.01249936232,0.2391534609184837,112194.01249936232,5.03761213061348,0.0064029785171139,0.7608465390815162,56.74013933181572,377.4387018026424,-268.68398354358607
330.40801718600534,114263.78434849692,0.5725109611838444,24,10,2.039361777145017,49.31685113146837,114263.78434849692,0.0,0.9980703903707498,0.8648383708811416,4.642802880033473,-5.240990426134013,0.0019296096292502,0.0048814871380532,0.9980703903707498,50.683148868541686,-319.93689838985387,3.9603257972722967,356.8682056071313,114263.78434849692,0.1351616291188582,114263.78434849692,4.45047955042453,0.0056947135585455,0.8648383708811416,49.31685113145826,382.18452056265215,-258.0456331848968
320.26981639341795,113548.04990933846,0.3567831331190851,21,12,1.3501580834065023,52.97297086515,106719.12671092026,0.0,0.7486989071661986,0.9911421243001732,3.4974566904016653,-4.332900224484656,0.2513010928338013,0.0047588794992715,0.7486989071661986,47.02702913485024,-309.11872134297425,3.8391332279831913,360.2148679480845,106719.12671092026,0.0088578756998266,106719.12671092026,4.8742646992991165,0.0062642375490923,0.9911421243001732,52.97297086514981,385.254596952936,-250.32088562595305
355.72413951670137,141065.9077162023,0.6746395216037058,22,9,2.89471558421974,59.95974907412384,111775.43301734768,0.0,0.9992443105356832,0.5421268491913069,4.7042265887141514,-4.8388351971779535,0.0007556894643168,0.0038515495921968,0.9992443105356832,40.040250925875995,-321.3368885926049,3.128042090382811,356.0993612817032,111775.43301734768,0.4578731508086931,111775.43301734768,5.13951171288404,0.0064615871211933,0.5421268491913069,59.959749074123806,369.8564348638775,-286.3907080758696
329.115774130296,128406.586713042,0.5076035149081637,21,12,1.8203647313894589,44.644418817580295,107378.14031211952,0.0,0.9125609421313868,0.9945119640652624,4.8032023893076925,-5.434245217823082,0.0874390578686131,0.0054135400625356,0.9125609421313868,55.35558118241967,-318.70130598492494,4.391818360535265,356.60815925540845,107378.14031211952,0.0054880359347377,107378.14031211952,4.110030000847165,0.0052848277036903,0.9945119640652624,44.644418817580245,385.6322040929891,-249.53735210732
331.2119349255082,106394.73280232462,0.468753052573994,20,14,2.148740530950687,43.13276793614392,104027.85689224636,0.0,0.8139944351340738,0.9864211168451456,5.615302433991587,-6.209674075977632,0.1860055648659261,0.0056697770553535,0.8139944351340738,56.86723206385611,-314.7237475269596,4.590372093887328,357.77839795792266,104027.85689224636,0.0135788831548543,104027.85689224636,3.965970218142192,0.0050889996935335,0.9864211168451456,43.132767936144056,384.1234327101748,-252.5912122726689
357.4783853438127,109302.32206168272,0.6298750830434632,16,11,2.969648835932058,48.845092524421005,109302.32206168272,0.0,0.9996818388222652,0.757419308225214,6.132099487046201,-6.267935554874105,0.0003181611777346,0.0049151907116563,0.9996818388222652,51.15490747557793,-322.70643736499613,3.996032237791372,355.3375633717863,109302.32206168272,0.2425806917747858,109302.32206168272,4.334310808101971,0.0055010080179358,0.757419308225214,48.84509252442212,376.37554611275937,-270.76481424227137
337.4942823561249,142706.83905337373,0.6875032012783009,21,12,3.222435799960505,54.424598378198965,103932.01458304416,0.0,0.999937745913041,0.5741308810405633,5.825564330142012,-6.183355374579759,6.225408695888674e-05,0.0043688722469566,0.999937745913041,45.57540162180092,-325.7149678351976,3.560018276430685,353.65048295407286,103932.01458304416,0.4258691189594365,103932.01458304416,4.689492170767484,0.0058839510437229,0.5741308810405633,54.42459837819895,368.3027670156961,-288.784699399112
340.1327528013104,109895.24178726289,0.6982099762252036,25,8,2.990721524455016,46.97525542465036,108718.28034864552,0.0,0.9990719428333712,0.6413970953621883,6.392566658083184,-6.736824444224644,0.0009280571666286,0.0050942688282886,0.9990719428333712,53.024744575349416,-322.9919113169883,4.142550612723274,355.1705915905408,108718.28034864552,0.3586029046378116,108718.28034864552,4.0919418802346685,0.0051616018206357,0.6413970953621883,46.97525542465071,372.0784663105752,-280.65894779822275
320.65409167072613,132436.3447200588,0.5167851089237256,22,10,1.9031156958551183,47.10221642868819,101964.23876506469,0.0,0.9754477454885369,0.998312453798919,4.677629085524616,-5.402797692561755,0.0245522545114632,0.0050928627701091,0.9754477454885369,52.897783571312175,-325.44141805406474,4.150160378535944,353.52719238896725,101964.23876506469,0.0016875462010809,101964.23876506469,4.338809337366194,0.0055662761430579,0.998312453798919,47.10221642868783,383.9653132002151,-252.73820095098904
321.40154290205646,111622.80191018654,0.352368511111777,21,12,3.027459090216663,59.54557247212108,109447.29931573382,0.0,0.8658916484984391,0.9965119124497706,5.051084742327078,-5.900455912857309,0.1341083515015608,0.0039989193591065,0.8658916484984391,40.454427527879005,-314.7608331423082,3.2360679006675666,358.29912403593954,109447.29931573382,0.0034880875502293,109447.29931573382,5.483522235904768,0.0070584969222232,0.9965119124497706,59.545572472121,386.41128557776256,-247.9858194887388
354.8938122375653,136826.9525011525,0.3955835651299724,15,11,2.111799085439977,52.86733390515409,110990.27884316944,0.0,0.7804483625575005,0.9475338695671408,4.609443298257355,-4.919465332708048,0.2195516374424995,0.0047465910509922,0.7804483625575005,47.1326660948461,-308.6635089836143,3.826767183784544,360.78324300001645,110990.27884316944,0.0524661304328592,110990.27884316944,4.832206968333809,0.0062050316614663,0.9475338695671408,52.867333905153856,384.6790879022702,-252.04045580216476
356.0264409381167,136698.55568089802,0.5896621821303616,21,7,1.2597986031856891,55.57459247403568,114238.43678328188,0.0,0.966936699870866,0.7119248102999289,3.045806862777494,-3.238238552296335,0.033063300129134,0.0043071456245786,0.966936699870866,44.42540752596428,-318.13538220536657,3.490753289493364,357.5218499276728,114238.43678328188,0.2880751897000711,114238.43678328188,4.895994743781848,0.0062125993908906,0.7119248102999289,55.57459247403576,376.2947980668378,-271.5959773156582
326.9593637193547,122015.7148403322,0.38636920688786,21,11,2.093800561118665,41.234158025542406,108009.35052731149,0.0,0.6569698036184475,0.9992836757492212,5.8246314566335835,-6.539911325554562,0.3430301963815524,0.0060653059078043,0.6569698036184475,58.76584197445773,-302.4738093626614,4.873062475563027,362.96620548371374,108009.35052731149,0.0007163242507787,108009.35052731149,3.798836279072861,0.0048876169489635,0.9992836757492212,41.2341580255424,386.0657401761461,-248.62475306785123
330.4609195998482,110245.37488041529,0.351903050342318,23,10,2.948592348671629,52.31078034177617,105138.375441696,0.0,0.7377401719824839,0.9998460752867548,5.973206265891801,-6.655017254354709,0.262259828017516,0.0048336387887959,0.7377401719824839,47.68921965822365,-309.3541898938642,3.900522787550449,359.9766602477611,105138.375441696,0.0001539247132452,105138.375441696,4.819720231759425,0.0061931056316694,0.9998460752867548,52.310780341776166,385.1278571699799,-250.450533592926
330.72107566530536,129331.8351205134,0.3443652207051818,21,13,2.1520980862254704,45.83664139762956,111637.51571542406,0.0,0.63338414471234,0.9971570886645496,5.476899149664289,-6.1832297527316955,0.36661585528766,0.0056266308811852,0.63338414471234,54.1633586023704,-298.80506743375946,4.509327647073809,364.7407957763088,111637.51571542406,0.0028429113354505,111637.51571542406,4.2214883768170735,0.0054395775494987,0.9971570886645496,45.83664139762954,387.15615348545737,-246.5169667203521
321.2808417872868,126135.13295988573,0.3477864995890458,16,12,2.487917196940935,56.19634545534216,113017.6055784971,0.0,0.7434678040173506,0.9606372427115984,4.824551424783244,-5.679672010164339,0.2565321959826493,0.0044494518034964,0.7434678040173506,43.80365454465801,-305.19818268677625,3.579201515999431,362.31479100484165,113017.6055784971,0.0393627572884016,113017.6055784971,5.146815620273486,0.0066204389645486,0.9606372427115984,56.19634545534199,385.92164894458335,-249.4338078844044
335.813854327287,136962.4308945947,0.5257841237541153,21,9,1.9867627771466985,57.084888096668585,108669.61340543527,0.0,0.99515148587155,0.8270755128439538,3.875560525043552,-4.388382422323515,0.0048485141284499,0.0041263557964218,0.99515148587155,42.91511190332018,-322.7930800653818,3.355096930645321,355.237493082543,108669.61340543527,0.1729244871560463,108669.61340543527,5.121250236113857,0.00652267215363,0.8270755128439538,57.08488809667983,378.84828345148657,-265.0188147699416
350.00309624325456,113065.8393818059,0.5179270926872044,18,12,3.404749438682229,41.66723250105317,109084.66417155627,0.0,0.8820665069709327,0.991856219417446,7.943749226710896,-8.266035333618438,0.1179334930290673,0.0057456871386209,0.8820665069709327,58.33276749894699,-315.9335106829375,4.652974142944901,357.82016216805454,109084.66417155627,0.0081437805825538,109084.66417155627,3.834393759153639,0.0049333998728841,0.991856219417446,41.66723250105298,386.0745983493207,-248.70811326877848
352.97994337904174,108853.99063239717,0.3323026041737213,16,8,1.6758248139625134,57.33346532513177,108853.99063239717,0.0,0.7569279449166112,0.9836959443509956,3.6047564999191217,-3.9751398086629295,0.2430720550833888,0.0043141489106994,0.7569279449166112,42.666534674868686,-308.403932322263,3.4782318876255647,360.689976913656,108853.99063239717,0.0163040556490042,108853.99063239717,5.269503873906725,0.0067755518370418,0.9836959443509956,57.33346532513141,385.6200556843544,-249.7080230865852
329.1404985209496,147890.34280564255,0.5534631969610195,23,8,1.380603858581701,53.69600390663993,111545.22777032416,0.0,0.978107557436221,0.8127229133255826,3.340628937919364,-3.945016483760516,0.021892442563779,0.0044737048528386,0.978107557436221,46.30399609335442,-320.2363103785231,3.631109194738405,356.47546746007845,111545.22777032416,0.1872770866744174,111545.22777032416,4.806413670875452,0.006124636543672,0.8127229133255826,53.696003906645615,379.2186868598568,-264.5142486976204
357.2810884802777,117624.00795440754,0.6581860619210932,16,11,3.389410048537777,48.16550556272411,117624.00795440754,0.0,0.9998043534240582,0.7094548716412438,6.844491337088026,-7.004943815397564,0.0001956465759416,0.0049972725623855,0.9998043534240582,51.83449443727537,-318.27080915931015,4.049029982999883,357.81661754064305,117624.00795440754,0.290545128358756,117624.00795440754,4.24160241357193,0.0053893458242698,0.7094548716412438,48.16550556272454,377.25922681475504,-269.793074847345
332.7092413117348,143362.01320710778,0.3503500265330597,20,11,1.22735159485081,57.54911266874132,106662.0657637094,0.0,0.7904461587893483,0.974285236444366,2.9728624366487093,-3.631233734477368,0.2095538412106517,0.0042582798228747,0.7904461587893483,42.45088733125796,-311.75012529799164,3.4406939080196848,359.1834296684078,106662.0657637094,0.0257147635556339,106662.0657637094,5.281727474113494,0.0067803635620678,0.974285236444366,57.549112668742126,384.4576782176037,-252.1050713274902
358.59199823327776,119058.02876494252,0.3872604759154089,23,10,2.5330687485528576,55.133618707004274,119058.02876494252,0.0,0.862228607497432,0.9992568939461248,4.896162565022311,-5.211412733966956,0.1377713925025679,0.004455996405055,0.862228607497432,44.86638129299586,-309.31395459858675,3.5912982113882745,361.268496892057,119058.02876494252,0.000743106053875,119058.02876494252,5.079350396724689,0.0065671911139686,0.9992568939461248,55.133618707004246,389.59648980081926,-241.68689455947495
348.451835504262,124862.70076172343,0.4763406962102118,19,7,2.91233089300121,44.06249016511194,116199.99532966632,0.0,0.8513231483904966,0.9997010465089138,6.781223555482671,-7.184398732000429,0.1486768516095032,0.0055619386425772,0.8513231483904966,55.937509834888125,-310.17143686792,4.486035536844641,360.68201306708966,116199.99532966632,0.0002989534910861,116199.99532966632,4.059663898549832,0.0052424866284665,0.9997010465089138,44.06249016511194,388.729317561333,-243.39025008743505
336.444680714255,114791.22952736156,0.3091443355330236,19,13,2.471664102855657,44.70908652952436,109000.71620212228,0.0,0.5544274116116122,0.9941927797595757,6.222668682842495,-6.845750307727728,0.4455725883883878,0.0058325712696597,0.5544274116116122,55.2909134704757,-294.9588781114042,4.664435676780487,366.09990327084927,109000.71620212228,0.0058072202404242,109000.71620212228,4.115783238685099,0.0052960422858048,0.9941927797595757,44.709086529524335,386.1558261554381,-248.51743336376197
343.18398497600145,146999.22129969264,0.6527662583691523,20,11,2.9757926407435877,43.69945742761769,114135.09471034516,0.0,0.9998065880294116,0.7943459028455243,6.744227660235266,-7.106766448368364,0.0001934119705883,0.0054202334826537,0.9998065880294116,56.30054257238225,-320.10600728389744,4.397891711655287,356.793543616095,114135.09471034516,0.2056540971544756,114135.09471034516,3.900342821146904,0.0049706705554357,0.7943459028455243,43.69945742761784,379.3303636845293,-264.5665425779464
343.79603518037294,133863.65146807497,0.6234843680733401,16,10,3.415095518044346,53.72505086018243,117815.66971906932,0.0,0.999638171569444,0.7005078449974494,6.145834749929703,-6.521363763077676,0.000361828430556,0.0044617842847012,0.999638171569444,46.27494913981766,-318.161412597436,3.6148562787207905,357.875627650803,117815.66971906932,0.2994921550025503,117815.66971906932,4.724450761041824,0.0060005857486249,0.7005078449974494,53.72505086018232,376.99848596482815,-270.4260047457527
344.6329992386049,133334.67006837644,0.5781184969529258,16,11,3.4440769321591462,55.65768572775522,114379.66159808796,0.0,0.9997247454530068,0.7577739593302428,5.9368422687343845,-6.312866632833144,0.0002752545469931,0.0042694742222918,0.9997247454530068,44.34231427224432,-319.9713611533702,3.463830958136266,356.8677725652686,114379.66159808796,0.242226040669757,114379.66159808796,4.939108929046241,0.0062827352292213,0.7577739593302428,55.6576857277557,378.0180524023684,-267.6207552385207
337.04009733838404,105175.0912381432,0.3119874442248614,16,9,2.9410662769556266,57.59438488807256,105175.0912381432,0.0,0.7270234032869185,0.9935953859728726,5.309575702574606,-5.917735099933063,0.2729765967130815,0.0043078224932741,0.7270234032869185,42.4056151119275,-308.65616564752395,3.474748788591123,360.25521601959883,105175.0912381432,0.0064046140271274,105175.0912381432,5.301482214879872,0.0068094916850993,0.9935953859728726,57.5943848880725,384.8478771905365,-251.08161962508296
329.3118280531467,133659.96491791992,0.3855396153930164,19,9,2.754139416087844,44.9446908500198,114759.2409984972,0.0,0.6997350567941921,0.9993362583242968,6.562873410677424,-7.284699771422219,0.3002649432058078,0.0056479039079195,0.6997350567941921,55.05530914998024,-301.414258945925,4.532347573382076,363.95291884131046,114759.2409984972,0.0006637416757031,114759.2409984972,4.140714815230369,0.0053436528690398,0.9993362583242968,44.9446908500198,388.2580118917015,-244.32279861061107
339.47598259945227,123857.39073955256,0.4840320866367075,18,13,2.621880307523444,46.93125952783603,105774.21074084465,0.0,0.8894976147312782,0.974458588818128,5.943544911907227,-6.424095867688648,0.1105023852687218,0.0052116405704865,0.8894976147312782,53.068740472164,-318.24705030582106,4.22755200811229,356.6126636785858,105774.21074084465,0.025541411181872,105774.21074084465,4.307359029278004,0.0055273200937662,0.974458588818128,46.93125952783594,384.1666514446212,-252.66975439206905
320.3978738202067,139376.86472720664,0.5280095768510888,19,12,3.322771602005651,44.18079223937405,104267.63436298951,0.0,0.9418322335882396,0.9948251592783802,7.392142747652211,-8.120928664228737,0.0581677664117603,0.0054179641271559,0.9418322335882396,55.81920776062583,-322.178928698339,4.4056836609640895,354.9848608080398,104267.63436298951,0.0051748407216198,104267.63436298951,4.067541953979511,0.0052227590422935,0.9948251592783802,44.18079223937402,384.5962413847752,-251.5558358432401
322.42847899745686,136371.72289131006,0.6533629767611618,20,12,1.9529776516820112,40.840677031516414,113978.84543714346,0.0,0.9994577177527114,0.8479688337818186,5.264327739393416,-5.923363343141537,0.0005422822472885,0.005695519120225,0.9994577177527114,59.15932296848176,-320.16886978460013,4.621493557966011,356.75448166172964,113978.84543714346,0.1520311662181814,113978.84543714346,3.675903982413149,0.0046984237252738,0.8479688337818186,40.840677031518176,381.4040224467108,-259.79603616007734
332.1295146615091,137820.48666247056,0.6455686115209535,24,12,2.870893137601031,55.52675841677626,108901.02732756227,0.0,0.999879714125596,0.6382110239384415,5.199266634513108,-5.682143530170048,0.0001202858744039,0.0042722897885721,0.999879714125596,44.47324158322381,-322.9379400880207,3.473961766111923,355.21004670435514,108901.02732756227,0.3617889760615585,108901.02732756227,4.834368610820707,0.0060976570077361,0.6382110239384415,55.526758416776175,372.0309825383735,-280.79748884874965
343.5322811554544,134742.52329083352,0.526022965666615,18,14,2.6396182137051207,53.95430442319724,109844.37500023784,0.0,0.9995037998453888,0.8780551627627863,5.059671625653743,-5.473485344684892,0.000496200154611,0.0044254425525778,0.9995037998453888,46.04569557679057,-322.39974410242064,3.597034483445837,355.5073847424293,109844.37500023784,0.1219448372372136,109844.37500023784,4.878977669555195,0.0062356040422531,0.8780551627627863,53.95430442320945,381.3090784522,-259.5519269391125
347.86117798590953,133963.4586783495,0.5456546526218631,23,8,3.238591921133299,51.52312772893056,109895.94549210428,0.0,0.9983498444766726,0.8802753706627546,6.204860883816264,-6.544512591010292,0.0016501555233273,0.0046603461240676,0.9983498444766726,48.476872271077056,-322.305095320495,3.7877397388887775,355.5472747521218,109895.94549210428,0.1197246293372453,109895.94549210428,4.660735851719278,0.0059575935594492,0.8802753706627546,51.523127728922766,381.41863414993367,-259.30881735615134
348.1159101942049,123168.582089238,0.641691101503248,22,8,2.091917872638419,40.05288174910901,118089.82717887418,0.0,0.996675127294058,0.8896132252258597,5.578496102423961,-5.904247868670123,0.003324872705942,0.0057843186104907,0.996675127294058,59.94711825090441,-317.8460366076368,4.685375440624263,358.01750283245104,118089.82717887418,0.1103867747741402,118089.82717887418,3.628393760632288,0.0046572722775909,0.8896132252258597,40.05288174909555,384.4164543552692,-253.36052559975047
348.3765403435901,135518.09401449657,0.5476291339709389,17,12,2.642066731941596,46.48319950066032,112120.83702772776,0.0,0.9887949390555532,0.9602916337789198,5.891996481329666,-6.245625706983264,0.0112050609444466,0.0051600707990818,0.9887949390555532,53.51680049934139,-320.5456654850656,4.188706929005639,356.4231497966258,112120.83702772776,0.0397083662210802,112120.83702772776,4.256999137567812,0.0054735512375918,0.9602916337789198,46.48319950065857,385.61765270944574,-250.0328312300707
328.79428311660774,122688.00514793392,0.6274365910464741,25,13,2.761576492191049,59.68738098026468,103397.1491195431,0.0,0.999922972758504,0.6241392253050879,4.591641791669792,-5.101452471172046,7.702724149587331e-05,0.0038634979463353,0.999922972758504,40.3126190197355,-326.0181756796534,3.1489364017947694,353.4795632303667,103397.1491195431,0.375860774694912,103397.1491195431,5.1848270168445865,0.0065191003806936,0.6241392253050879,59.687380980264656,369.73749805303913,-285.32306012283846
336.3523656065756,133127.9572788674,0.409444030453413,23,8,1.2387159881881151,58.232563588781545,114740.22838035252,0.0,0.8947496403054,0.9386425030992708,2.8766621029947665,-3.4892036163190694,0.1052503596945997,0.0041126677162031,0.8947496403054,41.7674364112247,-313.58737597280174,3.3241927286875925,359.2563785255355,114740.22838035252,0.0613574969007291,114740.22838035252,5.315339917000651,0.0068329951666824,0.9386425030992708,58.23256358877536,385.4874659387702,-250.58595206054756
343.03035882864765,140551.0306473803,0.5519622506546644,23,8,1.540093042106378,40.10562538018892,113223.4615762149,0.0,0.9213759872467377,0.9997260603840564,4.6600724909564795,-5.093085983003009,0.0786240127532621,0.005860809668847,0.9213759872467377,59.8943746198111,-315.9957547436276,4.744512928166347,358.2091789980756,113223.4615762149,0.0002739396159435,113223.4615762149,3.695115253292608,0.0047654886215532,0.9997260603840564,40.1056253801889,387.787172179006,-245.2431640203472
329.9317943227516,128139.94689409246,0.3211740071176875,16,12,1.6784459733263053,57.98380082601852,109455.69067701737,0.0,0.6874645268333117,0.9442472866345318,3.5882374128221057,-4.308665572048269,0.3125354731666882,0.0043117009181783,0.6874645268333117,42.01619917398172,-303.6245943374074,3.466153532925293,362.6289749486701,109455.69067701737,0.0557527133654681,109455.69067701737,5.297191855425015,0.0067960286212608,0.9442472866345318,57.98380082601826,384.03111036573614,-253.34811361445173
359.74436438639293,130498.0074013247,0.3598963006610964,18,12,3.1214197803376607,53.48704922912224,111673.09659739867,0.0,0.762039052530675,0.9898116434143068,6.0401168013337045,-6.303361628089493,0.2379609474693249,0.0047036515190716,0.762039052530675,46.512950770877886,-307.12633900104294,3.7884621954216953,361.44275368680087,111673.09659739867,0.010188356585693,111673.09659739867,4.92056901938933,0.0063374466407811,0.9898116434143068,53.48704922912213,386.8251086867508,-247.2659718378011
327.9493653288869,125649.81720010244,0.4400600442927339,18,10,3.4080703518169964,40.87836946924861,116494.61321849831,0.0,0.7432365377491965,0.9984185169724208,8.216887367440602,-8.934257898664223,0.2567634622508035,0.0060143322788211,0.7432365377491965,59.12163053075142,-303.2602708325277,4.831026831743268,363.37171726716326,116494.61321849831,0.0015814830275792,116494.61321849831,3.7655619865891294,0.0048629110253411,0.9984185169724208,40.8783694692486,388.76150842319726,-243.34428208727385
357.4265819354554,117314.73912276932,0.3515890434051295,20,11,2.810977111451032,54.9665887619091,113900.75199396852,0.0,0.7772365751160975,0.9971384430511838,5.389248443244161,-5.708785826316171,0.2227634248839026,0.0045437557670729,0.7772365751160975,45.033411238091006,-306.8397407067803,3.658354515666546,361.7524491232946,113900.75199396852,0.0028615569488162,113900.75199396852,5.062328948299865,0.0065295996001216,0.9971384430511838,54.96658876190906,387.8822583858936,-245.09143578117715
353.7606250428726,112415.17779359504,0.339216044334484,17,8,3.0479292132675324,47.57804955506063,112415.17779359504,0.0,0.6461313219184881,0.9989461464817576,6.793861665995376,-7.157761605308448,0.3538686780815119,0.0054330385460873,0.6461313219184881,52.421950444939256,-299.21024348914534,4.354975071363583,364.6403462150098,112415.17779359504,0.0010538535182421,112415.17779359504,4.3830634911062365,0.005650397012092,0.9989461464817576,47.57804955506063,387.4910574379346,-245.83537175807083
327.8619130478152,112429.003133382,0.4391851362375514,17,13,2.386463359950444,41.09177488639372,102085.73527964344,0.0,0.725230174416766,0.9708824636234876,6.348962158966447,-6.987686164805161,0.2747698255832339,0.0059783158056239,0.725230174416766,58.90822511360643,-310.3834279682242,4.8284670842472295,359.28625774930725,102085.73527964344,0.0291175363765123,102085.73527964344,3.769348931742973,0.0048274711079624,0.9708824636234876,41.091774886393566,382.739684931628,-255.49318542363616
329.5636170887194,106776.60437482946,0.6069410301521839,19,11,2.511884756105684,44.53837965949492,102092.02613734276,0.0,0.9996125391435072,0.8820349567764834,5.901903302562086,-6.43429188740476,0.0003874608564928,0.0053126850889537,0.9996125391435072,55.46162034049979,-326.7470813709403,4.332510634472752,353.06521789911625,102092.02613734276,0.1179650432235165,102092.02613734276,4.030001067115022,0.0051334131040223,0.8820349567764834,44.5383796595003,378.86419432104174,-264.2073741722805
347.7288954273092,125308.32518874928,0.4269033214778652,25,10,1.8212852364431835,58.56724228174535,108631.52299892726,0.0,0.9831965264925556,0.96664024802838,3.5434967087108262,-3.9567409356470025,0.0168034735074444,0.0039938939363655,0.9831965264925556,41.43275771826536,-322.1245741306216,3.2461544534379567,355.4767514448851,108631.52299892726,0.0333597519716199,108631.52299892726,5.368888760561221,0.0068951233374158,0.96664024802838,58.56724228173463,384.765356597638,-251.60966075636856
346.44938488346224,118225.246826545,0.5792085139941638,21,8,3.38061976980742,53.71899769687472,118225.246826545,0.0,0.9985577578075896,0.7820771419342047,6.098963185824565,-6.469095826120864,0.0014422421924104,0.0044641201134181,0.9985577578075896,46.28100230310844,-317.8856589249382,3.616030499579572,358.01681909858286,118225.246826545,0.2179228580657953,118225.246826545,4.785380465389888,0.0061052182421619,0.7820771419342047,53.71899769689154,380.13439650108006,-263.19949532656693
354.1729992344973,134598.90614165232,0.4219209669461682,16,9,2.2064810086710462,54.1278428518677,106162.53201849588,0.0,0.8975356557228413,0.9811520283186046,4.54069677302248,-4.838872233426235,0.1024643442771587,0.0044980164477552,0.8975356557228413,45.8721571481325,-318.50174217758115,3.6490872265752223,356.5570482108089,106162.53201849588,0.0188479716813953,106162.53201849588,4.972944531849024,0.0063852993646367,0.9811520283186046,54.12784285186748,384.6049756381559,-251.72435312206335
357.3885954646553,122812.5294314228,0.4693139596753691,20,12,2.653695236489428,40.48101377074571,104832.11871833212,0.0,0.7868318298841483,0.997530617180228,6.847220968250529,-7.050892679474435,0.2131681701158516,0.0059701700466049,0.7868318298841483,59.518986229254246,-312.5906578169209,4.8271006386891,358.68222079369485,104832.11871833212,0.0024693828197718,104832.11871833212,3.7284549119464745,0.0047894752793131,0.997530617180228,40.48101377074569,384.91522855690266,-250.89692437145428
323.1232479924376,134564.47692502817,0.4042763087166368,23,8,1.864055316129826,44.45938671884786,112244.91652338256,0.0,0.7278310431910304,0.999922437801596,5.036510751103911,-5.825399656731869,0.2721689568089695,0.0056583375832791,0.7278310431910304,55.54061328115224,-304.6346898773558,4.550411474895268,362.46900647461973,112244.91652338256,7.756219840389139e-05,112244.91652338256,4.096369722196564,0.0052807439609414,0.999922437801596,44.45938671884786,387.48199753113545,-245.8399202163927
342.09126273506087,134991.87667895452,0.6676440561887947,24,12,2.659331476454257,40.358585612914666,112361.91770386705,0.0,0.999867609572845,0.8233117668563869,6.580971994931469,-6.946374168768464,0.0001323904271549,0.0057376446816206,0.999867609572845,59.64141438708514,-321.057180661653,4.658811371263641,356.2628577330195,112361.91770386705,0.176688233143613,112361.91770386705,3.6185546845266408,0.0046153824335705,0.8233117668563869,40.35858561291487,379.898994221481,-263.052894599379
337.2804832249764,138800.05375656317,0.4007906974935606,19,8,1.2145353323234993,57.81740123574578,118145.21561418762,0.0,0.8739645711316157,0.9444289635566544,2.880456407541641,-3.5007973162880206,0.1260354288683842,0.0041775630005784,0.8739645711316157,42.18259876426061,-310.5121953674409,3.3695327982088474,360.7327945865149,118145.21561418762,0.0555710364433456,118145.21561418762,5.282137522835552,0.0068028037969302,0.9444289635566544,57.81740123573943,386.8100744869952,-247.9184010122213
351.812305868301,123370.79242214673,0.3946923449442627,19,12,2.343021031004055,49.05899374839554,111498.25344243736,0.0,0.767030051287566,0.9919290668974804,5.362059219706322,-5.7287143434822765,0.2329699487124339,0.005145675480688,0.767030051287566,50.94100625160446,-307.5382889313322,4.145559423128364,361.26657774104433,111498.25344243736,0.0080709331025194,111498.25344243736,4.514664807004424,0.0058150060905662,0.9919290668974804,49.05899374839548,386.8669743694133,-247.1551080479965
328.4938840745145,124575.53746418924,0.4242233005117585,19,7,1.6811819867247837,48.53375791570439,101731.84288982864,0.0,0.8231941641141979,0.9988539952213544,4.325490198663359,-4.978626073037025,0.176805835885802,0.0051161993555752,0.8231941641141979,51.46624208429553,-316.6343818543037,4.1477582709669605,356.81221312756367,101731.84288982864,0.0011460047786456,101731.84288982864,4.471044098560479,0.0057354883785939,0.9988539952213544,48.533757915704335,383.9097976451295,-252.8389895829715
327.68775583296195,118419.65068905044,0.5335510757469538,15,11,2.0164722887404656,47.66199289020809,118419.65068905044,0.0,0.9414554645506488,0.9143719234130328,4.805625861342585,-5.486774610189312,0.0585445354493509,0.0051103827597751,0.9414554645506488,52.33800710979212,-314.42218407232747,4.131196972188843,359.30144548132984,118419.65068905044,0.0856280765869671,118419.65068905044,4.3342558094550245,0.0055723692715006,0.9143719234130328,47.66199289020793,385.57653447204666,-250.75007100934172
325.5502570445325,142068.45447970013,0.3235890462975581,23,9,3.221106686562621,59.35628381611207,104476.79095459374,0.0,0.7959269897437489,0.9998403883311732,5.394926699966132,-6.170101800760025,0.2040730102562508,0.0040684491031227,0.7959269897437489,40.64371618388786,-313.357522235233,3.2910959977480143,358.3503879922207,104476.79095459374,0.0001596116688266,104476.79095459374,5.468861914161283,0.0070250474471992,0.9998403883311732,59.35628381611205,384.90244087934,-250.8906572692384
349.2687956641605,130335.99226289916,0.6239394134279476,17,11,1.9608657131302991,52.09605784756813,119723.04262445768,0.0,0.9985983257002826,0.7205710850996323,4.263991576560464,-4.5700619117978105,0.0014016742997173,0.0046233559680908,0.9985983257002826,47.90394215243224,-317.11441042457466,3.7428068903288416,358.44615695472066,119723.04262445768,0.2794289149003677,119723.04262445768,4.59586187597172,0.005847986752719,0.7205710850996323,52.09605784756768,378.3011414813339,-267.6329419525954
354.71861138697307,122637.32100688329,0.6842533129315582,16,13,1.425961549269699,54.66784283960543,115394.33521316074,0.0,0.9967848237105552,0.5749068592701678,3.3137820987477014,-3.4787841567504185,0.0032151762894447,0.0043693033469062,0.9967848237105552,45.332157160394566,-319.2635819277136,3.5430225947593312,357.2292144186147,115394.33521316074,0.4250931407298321,115394.33521316074,4.7110463375774,0.00594099748877,0.5749068592701678,54.66784283960539,372.01892048623046,-281.8096130040404
353.56400505713015,133017.70541933956,0.510339358378627,16,13,2.0990748300101334,52.29058704029839,105460.50630135632,0.0,0.9308960648052642,0.8733724091793899,4.53683106644084,-4.778731415748325,0.0691039351947357,0.0046439198859455,0.9308960648052642,47.7094129597016,-320.8618922596399,3.7729144109295247,355.60177363977766,105460.50630135632,0.1266275908206101,105460.50630135632,4.7250964949864525,0.0060252431240383,0.8733724091793899,52.29058704029842,379.65669340853015,-262.805188573615
354.0276884529836,122942.03995369522,0.5343736674854285,17,7,3.257802548995639,50.04768003626181,104150.84664231274,0.0,0.9967470939190012,0.9271187597999768,6.442295101579919,-6.672916210640613,0.0032529060809986,0.0047921452563066,0.9967470939190012,49.952319963735896,-325.408694484107,3.9041468081258848,353.78654853642934,104150.84664231274,0.0728812402000233,104150.84664231274,4.560152157812655,0.0058300412083585,0.9271187597999768,50.04768003626391,381.4986614760164,-258.49925914805704
355.38644116708446,102472.705694494,0.4785248733682712,17,12,3.0237289620144963,58.955391399924125,102010.8354826038,0.0,0.9994785948041096,0.8841619155299462,5.0046509988012025,-5.22405615479707,0.0005214051958902,0.0039316474961213,0.9994785948041096,41.0446086000636,-326.7861288643542,3.206370081090607,353.0416710540975,102010.8354826038,0.1158380844700537,102010.8354826038,5.336265698555527,0.0067979199059045,0.8841619155299462,58.9553913999364,378.92497001287046,-264.0607171497493
320.5690625849579,126833.73671205142,0.6174850184679062,19,8,3.145986880478551,45.93260772193963,117187.48633327056,0.0,0.9987617122218444,0.8313167715908703,6.746247327985194,-7.464895173940181,0.0012382877781553,0.0052127937048808,0.9987617122218444,54.06739227805806,-318.43756057233657,4.224242588942524,357.7119280361624,117187.48633327056,0.1686832284091297,117187.48633327056,4.123479492538305,0.0052728254142253,0.8313167715908703,45.93260772194199,381.74029031396367,-259.3850494674225
333.5204518125195,127396.73319337296,0.6866702007308447,23,13,1.2607958177560907,42.49092918735444,116157.95342868904,0.0,0.9970332466147576,0.7333886382902293,3.9161480751328215,-4.401723258327108,0.0029667533852422,0.005544373721329,0.9970332466147576,57.509070812646165,-318.87596904226933,4.494532487752284,357.4480897433499,116157.95342868904,0.2666113617097705,116157.95342868904,3.7561463751607858,0.004775472696988,0.7333886382902293,42.49092918735379,377.6729741840432,-268.6433013024157
323.85619993167336,111399.5024446609,0.3096559727590662,21,13,1.8334570823308591,55.356913471246855,111088.77768560404,0.0,0.6846523190049064,0.992763242541192,4.031721502213631,-4.866087020904392,0.3153476809950936,0.0045871590205957,0.6846523190049064,44.643086528753216,-302.50378459027047,3.684621281884795,363.2138018001386,111088.77768560404,0.0072367574588078,111088.77768560404,5.094879981020935,0.0065614888157494,0.992763242541192,55.35691347124676,386.77293456307353,-247.32811909771215
328.8259513982064,126668.10666042716,0.6214402160066697,17,7,2.246460310441729,59.44001721812718,111817.46671575372,0.0,0.9946766062303836,0.6332444605722186,3.975981675058791,-4.530559151161857,0.0053233937696162,0.0039054038714294,0.9946766062303836,40.559982781872876,-321.0500539123028,3.1712434613219616,356.20787012379503,111817.46671575372,0.3667555394277814,111817.46671575372,5.170930826734336,0.0065289550421217,0.6332444605722186,59.44001721812709,372.8029382768226,-279.4184104907317
359.15327427262804,126949.73087222564,0.5038750359920026,20,8,1.56435355397847,41.72438519178178,111957.73166460294,0.0,0.863735553102339,0.9987349553455704,4.629318454832179,-4.832908138033032,0.136264446897661,0.0057692222216329,0.863735553102339,58.275614808218286,-313.2363351397816,4.663399170056274,359.12065895633566,111957.73166460294,0.0012650446544295,111957.73166460294,3.8436789758342074,0.0049539731452971,0.9987349553455704,41.72438519178175,387.3336212469383,-246.1473063715217
350.2124935620599,132975.1633302897,0.5206783618145374,18,9,2.3203709505231336,59.49858630302205,109145.9911484064,0.0,0.9967772173773568,0.8034079385154018,4.063792896988342,-4.36525484068365,0.0032227826226431,0.003893705821347,0.9967772173773568,40.501413696978624,-322.6249044286873,3.165470798723411,355.3502197189924,109145.9911484064,0.1965920614845981,109145.9911484064,5.318038010972172,0.0067658534352883,0.8034079385154018,59.4985863030214,378.0747647849501,-266.84417248478377
345.33862786737143,113927.41389688123,0.4012513033912119,21,14,3.203739083277956,55.6851603562075,113927.41389688123,0.0,0.8945529251187455,0.9913233452770852,5.733402270022774,-6.2217009634614255,0.1054470748812545,0.0043622318960747,0.8945529251187455,44.31483964379241,-314.01479321158456,3.527058098500344,359.01767822416485,113927.41389688123,0.0086766547229146,113927.41389688123,5.123966149536211,0.0066066765307312,0.9913233452770852,55.68516035620762,387.61935875083446,-245.68699085689
358.4341387721027,125541.08106384434,0.4515768700666042,18,14,1.6978180557161031,50.93190928617011,117655.1064641178,0.0,0.8346739009940249,0.9175009856275392,4.111009466830241,-4.368405841424748,0.1653260990059752,0.0048989288492212,0.8346739009940249,49.06809071383021,-308.36877816045273,3.9465858596274974,361.5001495565398,117655.1064641178,0.0824990143724607,117655.1064641178,4.633848779381785,0.0059567220152238,0.9175009856275392,50.931909286169805,385.47538215919406,-250.90383730870127
333.41785470666565,110641.622759798,0.3435179455981904,22,14,3.359685871798836,48.28496391306032,110641.622759798,0.0,0.6627211991207796,0.9983609010902408,7.208765511179807,-7.873854814465615,0.3372788008792204,0.0053372105276057,0.6627211991207796,51.71503608693986,-301.32419273828214,4.284213812467566,363.64739609232487,110641.622759798,0.0016390989097592,110641.622759798,4.447790649477642,0.005729065887036,0.9983609010902408,48.28496391306032,386.8889502091187,-247.02471376488296
343.67034397069307,116114.4110911833,0.3684784790430911,17,14,3.4395223307295213,43.66482921893315,110447.50630397066,0.0,0.629261756571276,0.9679769872713508,8.031733988907206,-8.516446425843942,0.370738243428724,0.0058543117364683,0.629261756571276,56.335170781066914,-299.2158566139482,4.693397626208251,364.4792264933196,110447.50630397066,0.0320230127286493,110447.50630397066,4.003595718855648,0.0051463786040911,0.9679769872713508,43.6648292189331,385.42287177832213,-250.30795817909757
326.49607298555634,148210.77918996237,0.6851726000525593,23,7,1.8062845435769532,43.855153620824346,106629.58234300968,0.0,0.9946146855201734,0.7109855915717693,4.769033978509114,-5.305271426061183,0.0053853144798267,0.0053943844666243,0.9946146855201734,56.14484637917855,-323.8926798325535,4.389818304043428,354.6145027797419,106629.58234300968,0.2890144084282306,106629.58234300968,3.8629611819394594,0.0048850827405474,0.7109855915717693,43.85515362082157,373.801469862647,-276.3472357740691
337.81810336341107,137016.59257886448,0.4782471435064622,17,10,1.955965235584128,54.0843841210436,107864.761541541,0.0,0.9835747498112412,0.950757062443056,4.115490336128293,-4.640992181981357,0.0164252501887586,0.0044242336206455,0.9835747498112412,45.91561587894999,-322.5704687541376,3.597131751261329,355.2312170780746,107864.761541541,0.0492429375569438,107864.761541541,4.9458935886750375,0.0063433160054591,0.950757062443056,54.084384121049936,383.7952746601495,-253.717362011065
359.624764311784,119345.65029745147,0.3149477681982164,20,8,2.7628710649638784,42.9041756807808,110669.54019630216,0.0,0.5515265578844702,0.9998854805298448,6.9615276921047915,-7.228728217249083,0.4484734421155295,0.0060309688278626,0.5515265578844702,57.095824319219226,-293.77314505248665,4.819024208470397,366.7139445923726,110669.54019630216,0.0001145194701551,110669.54019630216,3.9530544699364585,0.005092382474866,0.9998854805298448,42.9041756807808,386.9695482121379,-246.84600321272268
359.4347141211532,132134.4490588174,0.6736895898810306,24,10,2.95280979454801,45.04483756496983,110548.69447156196,0.0,0.9996742455766818,0.7240150234221813,6.555932391689158,-6.645375384753393,0.0003257544233182,0.0052830834735686,0.9996742455766818,54.955162435030815,-322.02590828625773,4.292899957731783,355.7186860215392,110548.69447156196,0.2759849765778185,110548.69447156196,3.975986275815284,0.0050402009293548,0.7240150234221813,45.04483756496922,375.55382995314665,-272.8257543026457
325.66781768114515,119190.17252537428,0.6659471667140512,18,9,2.2743002675282584,55.20519170140626,119190.17252537428,0.0,0.9985375921268432,0.6039246313750813,4.410423835741577,-5.01822326944673,0.0014624078731568,0.004322433232359,0.9985375921268432,44.79480829859379,-317.38531452776886,3.4999237564402583,358.294879228533,119190.17252537428,0.3960753686249187,119190.17252537428,4.779822456643779,0.0060455808715629,0.6039246313750813,55.20519170140624,374.1177933444332,-277.3899427188574
345.6638020534198,147278.7935094983,0.3114440010867605,20,10,2.04298879254512,53.38714217368515,110458.11278184608,0.0,0.6658643971554887,0.9980040581285268,4.533685010322251,-5.033587792028401,0.3341356028445113,0.0048071097878274,0.6658643971554887,46.61285782631493,-301.636465832636,3.859480447031436,363.5071427842111,110458.11278184608,0.0019959418714731,110458.11278184608,4.917512821848209,0.0063334295312625,0.9980040581285268,53.387142173685135,386.8123556375037,-247.17971898436207
321.8731757750781,115699.25256144923,0.3076954783011422,24,8,2.5613613345623705,57.86368014660465,115699.25256144923,0.0,0.7301132412728483,0.9999090488778184,4.742241380106656,-5.636810577375164,0.2698867587271515,0.004296853469725,0.7301132412728483,42.136319853395314,-302.85639852450095,3.4508563440412288,363.4628164848561,115699.25256144923,9.095112218147859e-05,115699.25256144923,5.331394824060356,0.0068833373583821,0.9999090488778184,57.86368014660464,388.5817266783124,-243.67801541081235
344.2500287358472,116263.16454446546,0.4965579849167634,23,12,3.411230860151832,46.871692286060224,105866.37112095598,0.0,0.934237367165864,0.999544540212068,7.185114567872681,-7.5975809413339315,0.065762632834136,0.0051686302484549,0.934237367165864,53.12830771393983,-320.82680768104893,4.198956776796192,355.65805671621246,105866.37112095598,0.0004554597879317,105866.37112095598,4.318384696638431,0.0055506832921427,0.999544540212068,46.87169228606022,385.3601681627844,-250.0008600940115
359.48508297647254,129005.18256279548,0.3386323239068485,16,8,1.7479075674117457,46.077415059860485,111110.90264400424,0.0,0.6242335100751047,0.995595501160055,4.759963841407052,-5.023741155958576,0.3757664899248953,0.0056110737364725,0.6242335100751047,53.92258494013952,-298.4950343817612,4.496203308388968,364.82371043761617,111110.90264400424,0.0044044988399449,111110.90264400424,4.242654014792172,0.005465003086329,0.995595501160055,46.07741505986047,386.9123004821398,-247.0164417607852
329.4077527902343,131740.72268484387,0.4373736700651636,20,10,3.040531939915548,49.95059218624791,116580.4066784348,0.0,0.8726633797075809,0.9987771590139238,6.241477664120076,-6.956051316556225,0.127336620292419,0.0049548947168756,0.8726633797075809,50.04940781375214,-311.2665189437081,3.998844510709163,360.3031686674639,116580.4066784348,0.0012228409860762,116580.4066784348,4.601512374610913,0.0059428330033514,0.9987771590139238,49.9505921862479,388.80517010733274,-243.25341836328272
327.2999439815833,130105.15002249843,0.3604400916618211,19,8,1.3075334059532162,42.56439145782313,104790.70688495589,0.0,0.6269048893411585,0.9991226152300592,4.2688561018372955,-4.976690306262445,0.3730951106588415,0.0059569033125143,0.6269048893411585,57.43560854217696,-302.3972382751036,4.786976086536612,362.7253349013658,104790.70688495589,0.0008773847699407,104790.70688495589,3.921292374933112,0.0050376145249157,0.9991226152300592,42.56439145782312,384.975738011844,-250.7572965669397
330.36322229258354,121088.84877919596,0.3937367410267452,24,11,3.1421978989073533,52.03635802734535,103062.02273746413,0.0,0.8207363350788865,0.9998429872244908,6.226301446992542,-6.879220123096236,0.1792636649211135,0.0047732813390327,0.8207363350788865,47.96364197265459,-315.6997121597832,3.867130887482912,357.306253088436,103062.02273746413,0.0001570127755092,103062.02273746413,4.794433729085262,0.0061546138762814,0.9998429872244908,52.03635802734535,384.4172838320088,-251.8369324721697
340.7409845408803,121985.92016923768,0.4845522843273981,21,13,1.9728278985115724,58.6086356285702,107905.84495699682,0.0,0.9987016623848848,0.8785570769515717,3.718984251915265,-4.186511649154486,0.0012983376151153,0.0039755657311114,0.9987016623848848,41.39136437143048,-323.4185956981193,3.233909419622817,354.9270582564995,107905.84495699682,0.1214429230484283,107905.84495699682,5.300271957794804,0.0067683083595732,0.8785570769515717,58.608635628569566,380.69115616366526,-260.7382063854699
352.13165563046493,148620.09743548633,0.3976148502727985,23,9,1.2660356948313178,46.23066971063923,103591.96864360462,0.0,0.7389817671819428,0.9994174795643568,3.867115597361917,-4.182616772646886,0.2610182328180573,0.0054447765346956,0.7389817671819428,53.76933028936076,-310.3469983629237,4.396881367159311,359.4419013787641,103591.96864360462,0.0005825204356431,103591.96864360462,4.259243584571873,0.0054688049683058,0.9994174795643568,46.23066971063922,384.5797076166337,-251.5259883542216
339.60303427301136,140171.71567294188,0.6513423003295853,24,12,2.495134923050648,46.64398021238487,117015.49481182244,0.0,0.9997937636371123,0.7472511105801078,5.611542759208625,-6.03479751947875,0.0002062363628877,0.0051427251160041,0.9997937636371123,53.35601978761362,-318.5875000801135,4.167891228602406,357.6401474976429,117015.49481182244,0.252748889419892,117015.49481182244,4.1323406317596,0.0052595149530483,0.7472511105801078,46.6439802123864,378.44957574120576,-266.9500054000048
340.6171071156859,146506.78020832618,0.5144889473339509,23,12,1.7196982429103005,45.77935619492234,106427.542374998,0.0,0.9462030265461034,0.9968291938590133,4.509056860192398,-4.968612958886789,0.0537969734538965,0.0052628232088844,0.9462030265461034,54.220643805077806,-321.2076035198485,4.276188505640096,355.5769235951594,106427.542374998,0.0031708061409868,106427.542374998,4.216001941981398,0.005419533242169,0.9968291938590133,45.7793561949222,385.42201477504096,-249.91676047896735
341.6884318618408,142171.83446574782,0.580948681320814,19,12,2.5251105590868064,43.0688447833609,103910.05297487511,0.0,0.9991411293877052,0.9718448586756364,6.076407422605947,-6.471833071258668,0.0008588706122947,0.0054583104559363,0.9991411293877052,56.93115521666916,-325.68197612293733,4.447683138403414,353.659979523814,103910.05297487511,0.0281551413243635,103910.05297487511,3.951286965203805,0.0050651498968474,0.9718448586756364,43.06884478333072,383.412997731156,-254.17201589123437
354.2899424132355,131112.0504694146,0.4312749730732909,17,9,1.3033717028356548,50.21020105746118,116758.4647354082,0.0,0.8375734435340809,0.9716216242088556,3.5612232204976486,-3.8987687514880425,0.1624265564659191,0.0049661497256096,0.8375734435340809,49.78979894253968,-309.02823297486606,4.002608445147791,361.1677611499092,116758.4647354082,0.0283783757911445,116758.4647354082,4.606302832396189,0.0059390402608857,0.9716216242088556,50.21020105746034,387.6044585565173,-245.98542118092485
351.7697383635448,141014.05927279583,0.4272519166569851,23,11,2.8994882478666417,40.75974866819489,113522.69834771086,0.0,0.7211173966523341,0.9998524071301914,7.316988250672054,-7.669730490687828,0.2788826033476659,0.0060469690490943,0.7211173966523341,59.240251331805176,-303.48705924878607,4.8590993861890555,363.03043858194906,113522.69834771086,0.0001475928698085,113522.69834771086,3.7554548676447617,0.0048439894221313,0.9998524071301914,40.75974866819489,387.8888128237064,-245.04171370901832
348.24203396744144,139188.84023372625,0.6338957711161617,22,9,1.222495205333754,45.40049095981151,113348.96060240318,0.0,0.9838567931459428,0.7869741265890282,3.670010760384695,-3.9624464307887113,0.0161432068540569,0.005272645295951,0.9838567931459428,54.59950904017889,-319.5988718528272,4.277231307307897,356.89599220527134,113348.96060240318,0.2130258734109718,113348.96060240318,4.047472084274076,0.0051543300925232,0.7869741265890282,45.40049095982107,378.7972682022353,-265.6979089654186
326.7743023582301,111896.50022653917,0.4538400780268125,17,8,3.3075592834537897,46.99399642091762,110552.48582297782,0.0,0.8549076322742984,0.9985366048473608,7.088706711822439,-7.797922240931501,0.1450923677257016,0.0052542214947109,0.8549076322742984,53.00600357908222,-313.4811522768842,4.248271699973132,358.8922463737791,110552.48582297782,0.0014633951526391,110552.48582297782,4.328988430021837,0.0055758803657612,0.9985366048473608,46.99399642091762,386.8681106110784,-247.06319165648927
333.36939141728425,123767.83708194358,0.316976606937941,23,11,2.152623570687658,48.04760480515437,106944.93806452867,0.0,0.6098655552583567,0.9997151918114588,5.2810576834872895,-5.940133546007584,0.3901344447416432,0.0054125348392496,0.6098655552583567,51.95239519484556,-299.9702712510518,4.3423939822665805,363.88901982485913,106944.93806452867,0.0002848081885413,106944.93806452867,4.426838927222442,0.0056929877187213,0.9997151918114588,48.04760480515436,385.7308705361771,-249.2739844705066
322.2786138275681,146768.79758123052,0.6468666684634663,20,9,1.5890682518635508,42.146172171335785,105120.93797941938,0.0,0.9958821544311556,0.8322250448391963,4.535817262615996,-5.155416950901693,0.0041178455688444,0.0055535088270224,0.9958821544311556,57.85382782866666,-324.8110317927488,4.522410541159156,354.11290689412806,105120.93797941938,0.1677749551608035,105120.93797941938,3.784099104520556,0.0048132135119246,0.8322250448391963,42.14617217133343,377.8688477272162,-266.8235196857117
343.2255567076174,109374.6588751868,0.3940158306840569,19,14,2.4496850462461977,44.5900810825672,109374.6588751868,0.0,0.6980964989878335,0.9838503845370364,6.085908822542586,-6.5645313599404185,0.3019035010121664,0.0056733433761815,0.6980964989878335,55.40991891743286,-304.3595285664011,4.562813809505047,362.32980202235586,109374.6588751868,0.0161496154629636,109374.6588751868,4.098359339443485,0.005270987940848,0.9838503845370364,44.59008108256712,385.7988313705821,-249.35640798707988
322.6829776800215,119013.75157030504,0.4428208345125034,16,11,1.4701706126657683,44.73459063747249,103438.53852989912,0.0,0.7714696920534538,0.9631941393523304,4.311699256245363,-5.034111230127875,0.2285303079465461,0.0055579738366401,0.7714696920534538,55.265409362527606,-312.46226941736734,4.494036134886937,358.5980298311415,103438.53852989912,0.0368058606476694,103438.53852989912,4.098680236196586,0.0052500527385712,0.9631941393523304,44.73459063747238,382.85806028767314,-255.36831961328969
330.2403266951919,141861.83710709348,0.4075218913666356,19,10,2.4037897114351625,50.3640948968547,106870.39930300711,0.0,0.8181366219003697,0.9971559617838368,5.287477914304576,-5.952924634762436,0.1818633780996302,0.0049506063727577,0.8181366219003697,49.635905103145326,-313.3288480050196,4.0037692516416366,358.5938976702899,106870.39930300711,0.0028440382161632,106870.39930300711,4.638459499735927,0.0059639345728808,0.9971559617838368,50.36409489685469,385.5859598104056,-249.591932155576
335.9102846519422,120913.2895116654,0.467963456956233,16,12,1.976933181186363,52.217966056511926,109897.26239489928,0.0,0.8943725778808008,0.9222220793356704,4.386082125208601,-4.94241537151018,0.105627422119199,0.0046958583094403,0.8943725778808008,47.78203394348838,-316.214722348342,3.8031360954399194,357.79564503967873,109897.26239489928,0.0777779206643294,109897.26239489928,4.754313749989332,0.0060924927747981,0.9222220793356704,52.217966056511614,383.2075935206197,-255.25453879880556
321.68248989614017,127894.6200334514,0.4163150722737427,18,11,2.319735828788197,44.27678529792061,101894.15220499795,0.0,0.7428782122317508,0.9946711327821028,5.872574581453216,-6.619718455371143,0.257121787768249,0.0056337766284304,0.7428782122317508,55.72321470207937,-311.60597556967144,4.553610939558187,358.7856857500754,101894.15220499795,0.005328867217897,101894.15220499795,4.076283977481388,0.0052280692862082,0.9946711327821028,44.276785297920576,383.7706051972244,-253.16645876350233
353.9016822021202,131290.6278596725,0.4167712632144404,17,8,1.6960994222639605,41.25244140139632,107882.2529775051,0.0,0.7076581512419226,0.9974804493976832,5.039681234966549,-5.334919072619978,0.2923418487580772,0.0059992150969408,0.7076581512419226,58.747558598603696,-305.8384042423985,4.8297777426105,361.6129672324783,107882.25297750508,0.0025195506023169,107882.25297750508,3.799477294100392,0.0048875820421854,0.9974804493976832,41.252441401396304,385.93897995736154,-248.8971956889497
341.79173614903306,138714.62637512205,0.6259902041205069,17,9,3.466423955138673,59.22480462333795,106562.53007051109,0.0,0.999452996613466,0.631132101755594,5.5068581589159775,-5.849070259121739,0.0005470033865339,0.0039135335671572,0.999452996613466,40.77519537666216,-324.2075705934644,3.1853383886778603,354.49268292339167,106562.53007051109,0.3688678982444059,106562.53007051109,5.15045381760068,0.0064873541832637,0.631132101755594,59.22480462333792,371.0278762862612,-282.7941602118227
334.5941094512908,126046.8552596454,0.6136342169249753,24,9,2.1289183613671514,44.40480904827144,117562.18083032136,0.0,0.997820043539809,0.8673696394003017,5.235359994061991,-5.766663694712326,0.0021799564601909,0.0053619680419169,0.997820043539809,55.59519095173653,-318.1872887688634,4.344342614308476,357.84057876141566,117562.18083032136,0.1326303605996982,117562.18083032136,4.008780828613768,0.0051376190676094,0.8673696394003017,44.404809048263616,383.3232202218069,-255.80158663236293
328.5331989905237,129584.2638319554,0.3094329888779296,17,13,2.231509859159241,53.529580989068094,107106.64089030486,0.0,0.6303363395798562,0.969151541275145,4.829461124165227,-5.564742994254908,0.3696636604201438,0.0048211191696505,0.6303363395798562,46.47041901093211,-301.24379705331864,3.870844661540511,363.3861807821472,107106.64089030486,0.0308484587248549,107106.64089030486,4.908969371712968,0.0063010694204516,0.969151541275145,53.529580989068,384.3723305322269,-252.34150642051105
338.06242843665416,148077.8406497999,0.3369973177826466,20,11,1.6622181734896309,42.0190941156116,104055.96281210212,0.0,0.5800800374171396,0.9984253415081432,5.0014500993436695,-5.55609199896493,0.4199199625828604,0.0060704556140793,0.5800800374171396,57.98090588438845,-299.6940660047277,4.870505396875375,363.7657399214667,104055.96281210212,0.0015746584918568,104055.96281210212,3.870645282360935,0.0049706129351377,0.9984253415081432,42.01909411561158,384.69227407560135,-251.31984462915835
337.9287580682294,132024.59288014652,0.4590727405848007,25,9,2.7227500469261505,45.324718835087886,108242.16542389354,0.0,0.8396141315314753,0.99997495082169,6.342869060481702,-6.87238681422646,0.1603858684685245,0.005431854191067,0.8396141315314753,54.67528116491214,-313.85281176282786,4.393787980154,358.5264419211751,108242.16542389354,2.5049178309945375e-05,108242.16542389354,4.176132508610056,0.0053738645955259,0.99997495082169,45.324718835087886,386.17547895290534,-248.40061299439367
327.2232486189771,129249.7211234808,0.515231511207102,17,11,3.2003188918827004,59.05036928183301,104995.72518856626,0.0,0.9996436983875095,0.8206935714243428,5.204562103919751,-5.826999975460304,0.0003563016124903,0.003927488063815,0.9996436983875095,40.94963071816681,-325.0967226791154,3.1988556565481656,353.9950526231419,104995.72518856626,0.1793064285756571,104995.72518856626,5.292293227173596,0.0067268400211691,0.8206935714243428,59.050369281833234,377.3692406444654,-267.9454811499742
345.42060061228216,106981.9471120553,0.5199276211330689,23,13,1.4011947266456013,54.98101880253103,106981.9471120553,0.0,0.9865568424585712,0.8621528240564243,3.27709898324357,-3.6479903044896473,0.0134431575414286,0.004333472699,0.9865568424585712,45.01898119746957,-323.23304546742287,3.525004310047096,354.8934002156337,106981.94711205532,0.1378471759435754,106981.94711205532,4.959557532822015,0.0063245181516587,0.8621528240564243,54.98101880253041,379.7049389106677,-262.87105622395205
326.4050757544984,140343.8775236089,0.6508127809285054,17,11,2.683569629812073,59.47446821710663,108022.374723378,0.0,0.9997117655272372,0.5869248115752349,4.510488033383657,-5.061605435205885,0.0002882344727626,0.0038917591417843,0.9997117655272372,40.52553178289333,-323.41222631062226,3.1656876971082366,354.94213023601463,108022.374723378,0.4130751884247651,108022.374723378,5.135286898407363,0.0064589527027414,0.5869248115752349,59.474468217106605,370.0633630271592,-285.29237308878703
324.06383446479435,122719.62801397216,0.3416338776184807,24,9,2.705512401223219,50.97847969144117,103583.5215431612,0.0,0.6968603004295002,0.9999561306628058,5.800411884615934,-6.570276195298823,0.3031396995704998,0.0050078768688104,0.6968603004295002,49.02152030855887,-307.6823611033247,4.037601453252544,360.4964568452503,103583.5215431612,4.386933719420592e-05,103583.5215431612,4.6970457136009935,0.0060311242909475,0.9999561306628058,50.97847969144116,384.60208257548817,-251.47507719453412
353.36483775592285,145126.50072709323,0.4748184750981332,18,7,1.495978757082462,49.461359932632384,106472.188241448,0.0,0.9274674063508432,0.9876892570915649,3.8713679589228094,-4.158527838771821,0.0725325936491566,0.0049250140464143,0.9274674063508432,50.5386400673707,-320.08819553134845,3.9990834186972086,355.9966336790088,106472.188241448,0.012310742908435,106472.188241448,4.548751173840091,0.0058439270592039,0.9876892570915649,49.461359932629286,385.0113010075878,-250.84278441412957
329.6770205350391,147508.71512483407,0.3147195159848859,20,14,1.9689859071831184,47.82386493226973,105843.95146581468,0.0,0.5946167615902432,0.9906501255627672,5.0065742375612405,-5.713413408968232,0.4053832384097568,0.0054505158038916,0.5946167615902432,52.17613506773039,-299.599252516147,4.372254956530098,363.9502531015968,105843.95146581468,0.0093498744372328,105843.95146581468,4.40014388189806,0.0056524451699602,0.9906501255627672,47.82386493226968,384.93714089422554,-250.94734535538737
348.29024664957785,126622.49862985656,0.3790368729038879,19,11,2.0096339185314864,57.30289945641941,108460.9628948169,0.0,0.8662880729641891,0.9840200347972136,3.985362780771174,-4.408852205605308,0.1337119270358107,0.0042184940675193,0.8662880729641891,42.697100543580895,-315.3385443938101,3.415228453696685,357.98287320213814,108460.9628948169,0.0159799652027862,108460.9628948169,5.266955065192816,0.0067712034636904,0.9840200347972136,57.30289945641912,385.505032364141,-249.9284087785584
342.17433718344984,110810.59142673585,0.3504715935709933,15,14,1.2533861485470006,41.682567903199846,110810.59142673585,0.0,0.4858082251977676,0.838875781653898,4.28617431510088,-4.784489734717382,0.5141917748022324,0.0062454444731118,0.4858082251977676,58.31743209680027,-289.0100462306727,4.975888076805415,368.6953021615968,110810.59142673585,0.1611242183461019,110810.59142673585,3.7463627882278896,0.0047793112303395,0.838875781653898,41.68256790319971,380.0198222031513,-262.5965654726916
341.0507593942593,128652.53751334356,0.5894878066488585,15,9,2.883903811020862,43.784553254099485,111329.12179714166,0.0,0.997501167601178,0.9343648230924958,6.590113428020263,-7.021507027191508,0.002498832398822,0.0054084841010982,0.997501167601178,56.21544674587832,-321.4772601573385,4.393062338634097,356.0010254660818,111329.12179714166,0.065635176907504,111329.12179714166,3.993930283979616,0.0051251912025546,0.9343648230924958,43.7845532541216,384.2056455752548,-253.14499359431645
321.7284207230792,121173.88652932143,0.5822735295086989,20,7,2.9555118846367403,59.12043677625339,113373.48895422256,0.0,0.9965682553804732,0.7041957248311654,4.877078415474271,-5.5661636806868815,0.0034317446195266,0.0039370999291185,0.9965682553804732,40.87956322374728,-320.3240986814128,3.195145667163016,356.63497702080247,113373.48895422256,0.2958042751688345,113373.48895422256,5.201966126209846,0.0065957702758485,0.7041957248311654,59.12043677625277,375.74562263863936,-272.7581218449036
358.23079861649387,124470.27046567718,0.5800829867005415,24,11,3.033943256617692,52.42087581048423,101600.90616962382,0.0,0.9997650174000848,0.8008359344355549,5.816936872330126,-5.930047788263882,0.0002349825999153,0.0045564905539009,0.9997650174000848,47.579124189487295,-327.0384268385622,3.716649757040895,352.90262817015315,101600.90616962382,0.199164065564445,101600.90616962382,4.683534620916713,0.0059371540960321,0.8008359344355549,52.420875810512726,375.4308282363695,-271.931284797006
347.5892123914399,132423.1958193054,0.4820841332008317,22,10,2.181779458260177,41.00826394742509,103133.03064836808,0.0,0.8169839368019973,0.9996802458869736,5.88580347827604,-6.226973800284758,0.1830160631980027,0.0058755931653384,0.8169839368019973,58.99173605257494,-315.43046972922843,4.759390219185232,357.41703288888334,103133.03064836808,0.0003197541130261,103133.03064836808,3.778253132623437,0.0048502541386716,0.9996802458869736,41.008263947425085,384.4341280313755,-251.8062930723353
328.6881362694448,144831.16834531352,0.3183068007630314,21,9,1.2286336341243378,53.1735026949515,119785.58096250184,0.0,0.6768055185531687,0.9974000530579088,3.316681183688994,-4.118591918030217,0.3231944814468313,0.0048367919030197,0.6768055185531687,46.826497305048576,-297.14468156734125,3.869983197257089,366.0510758023704,119785.58096250184,0.0025999469420912,119785.58096250184,4.897383903891429,0.0063331256708246,0.9974000530579088,53.173502694951445,389.732852578778,-241.4430444177663
331.8449325164084,143669.3046891976,0.5956937450558083,16,12,3.24371216157746,52.94792746442473,119205.80748033233,0.0,0.9997561271846096,0.7633755032276818,6.002621150673432,-6.577595553528425,0.0002438728153903,0.00453909558574,0.9997561271846096,47.052072535572655,-317.4484705442373,3.675484912779477,358.2735988972256,119205.80748033233,0.2366244967723182,119205.80748033233,4.702802894474285,0.0059962922261021,0.7633755032276818,52.94792746442729,379.72501621747534,-264.26258839123125
320.9853004553262,141203.04363258492,0.5028692221633005,22,8,3.342386532603116,49.24449840101736,104112.24423028754,0.0,0.9905499862034858,0.9997753899812942,6.684952402290945,-7.4277595729974735,0.0094500137965141,0.0048755302948248,0.9905499862034858,50.75550159898249,-325.0762613504585,3.971333336317157,353.90320642338173,104112.24423028754,0.0002246100187058,104112.24423028754,4.5371556233925,0.0058272003688385,0.9997753899812942,49.24449840101763,384.7748466736463,-251.14051540204863
336.4038972575823,142956.1497981182,0.5309885716769952,23,11,1.6342463398664877,54.04751343997623,108277.10989029502,0.0,0.9949775240660498,0.863505915517914,3.6608735812598567,-4.1658308175292955,0.0050224759339501,0.0044178393280477,0.9949775240660498,45.9524865600305,-322.99940238407004,3.5926705482351005,355.1198457930528,108277.10989029502,0.1364940844820859,108277.10989029502,4.876376552805008,0.006222596163934,0.863505915517914,54.047513439969386,380.19100424692886,-261.91566794370215
334.7918712281319,142239.72351491457,0.6724395776117688,24,10,1.5496266516641106,53.26616934266429,110186.41841383312,0.0,0.9969563213789872,0.6122797993557026,3.5987904653558247,-4.035002496243104,0.0030436786210127,0.0044946525756189,0.9969563213789872,46.73383065733574,-322.06630883587644,3.6524606837854225,355.66515878422115,110186.41841383312,0.3877202006442971,110186.41841383312,4.618178890721229,0.0058210354889035,0.6122797993557026,53.26616934266424,371.586519830233,-282.03606750547715
320.2116765103257,117197.4096349428,0.6081680051376719,21,10,1.3834388876215178,49.1313794406602,110028.85326090216,0.0,0.992545835919678,0.7898010779223679,3.6656179920096754,-4.354739490235012,0.0074541640803218,0.0048965876316681,0.992545835919678,50.86862055934293,-321.8977056518494,3.978760195247896,355.70949728751685,110028.85326090216,0.2101989220776321,110028.85326090216,4.3820304788337054,0.0055730681870449,0.7898010779223679,49.13137944065712,377.8375247259342,-267.496375577951
331.47483977830245,145646.6358818732,0.6786735787066341,23,11,2.5820358716062968,46.795694422085056,109104.68015140404,0.0,0.9997535862086588,0.6863779296653569,5.7554542833299696,-6.236403205121361,0.0002464137913411,0.0051116057768946,0.9997535862086588,53.2043055779149,-322.8189069029471,4.156070097060543,355.27534073381247,109104.68015140404,0.3136220703346431,109104.68015140404,4.105825299704386,0.0051915038485163,0.6863779296653569,46.79569442208509,373.74643790217,-276.8219132827349
339.58715582804103,136005.80333712467,0.6537814570160304,21,9,1.908185627719258,54.156632860836254,114053.80180030856,0.0,0.9973569021007654,0.6370537451926243,4.019215457879683,-4.416858590868244,0.0026430978992345,0.0044156435891848,0.9973569021007654,45.84336713916383,-320.00712947588056,3.5826093400095447,356.82090208771007,114053.80180030856,0.3629462548073756,114053.80180030856,4.714201215273806,0.0059591311023524,0.6370537451926243,54.15663286083616,373.6371036232852,-277.78332932056946
342.96852360321674,119926.24839603771,0.4444990708911284,18,13,2.8354619231008305,43.4637875967579,119926.24839603771,0.0,0.7732461920441099,0.9831239710968412,6.795212645395368,-7.307041891234688,0.2267538079558899,0.0057231548229859,0.7732461920441099,56.536212403241926,-303.31596737530737,4.595965676266333,363.640205758242,119926.24839603771,0.0168760289031587,119926.24839603771,3.9943967014563775,0.0051609302130661,0.9831239710968412,43.46378759675803,389.1121479742276,-242.86205194577764
359.8107307753604,112061.8193678021,0.561826066851261,21,12,2.93229995771307,54.950925245712206,110308.5719621878,0.0,0.999810985383782,0.7972364102225443,5.346724279305224,-5.488038054168224,0.0001890146162178,0.0043302100704233,0.999810985383782,45.049074754288846,-322.1643983165812,3.5189855548371938,355.6426966656483,110308.5719621878,0.2027635897774556,110308.5719621878,4.906807056059288,0.0062437935567477,0.7972364102225443,54.95092524571119,378.21503640227866,-266.66495642789994
358.2872391787126,113457.80030719268,0.4859451185185212,24,9,2.4077016499155444,50.27829233679594,113457.80030719268,0.0,0.9769547246456552,0.999628972425888,5.131640850182249,-5.380835471621241,0.0230452753543447,0.0048088596752003,0.9769547246456552,49.721707663204256,-319.13848218889075,3.8999264478969113,357.07511898971194,113457.80030719268,0.000371027574112,113457.80030719268,4.632301258106999,0.0059747343361417,0.999628972425888,50.27829233679576,387.8575876720432,-245.1061114064709
331.0036414624143,128010.23996534194,0.6243380162927754,21,11,3.0330893993654087,43.58485006823858,111175.40641159694,0.0,0.9998086727702644,0.8616618975991348,6.864606495821176,-7.409739085002482,0.0001913272297354,0.005424689684711,0.9998086727702644,56.41514993176289,-321.6937188288738,4.406842564612724,355.9061543292688,111175.40641159694,0.138338102400865,111175.40641159694,3.931267097792063,0.0050225686293632,0.8616618975991348,43.584850068237046,381.06401633069805,-260.25763651464825
342.8878600863233,127061.8636274731,0.3019186775135589,19,12,2.7119129240308166,46.128097397691306,114362.92316917932,0.0,0.5577845892214434,0.996901006201981,6.4639959194814045,-7.023094497768405,0.4422154107785565,0.00569194628516,0.5577845892214434,53.87190260230858,-292.0708289934216,4.542188687294416,367.6872970389793,114362.92316917932,0.003098993798019,114362.92316917932,4.248165362423076,0.0054804904401378,0.996901006201981,46.128097397691285,388.0181983900283,-244.82745883425724
342.3259545417138,117692.52927489436,0.3462389477527585,19,13,2.7511564042884133,58.01227984434148,117692.52927489436,0.0,0.8015183402723525,0.9832799709493651,4.918330387469902,-5.495272236117438,0.1984816597276474,0.0042214412408592,0.8015183402723525,41.98772015565866,-306.29180611883845,3.3966327676885446,362.2988235763124,117692.52927489436,0.0167200290506347,117692.52927489436,5.331555056095529,0.006882062057582,0.9832799709493651,58.01227984434125,388.43079385195495,-244.20159680093053
358.27724736740515,116976.58767230748,0.69302500157768,23,12,3.159370451978682,59.88322884936332,116976.58767230748,0.0,0.9999111122121144,0.5125631089198299,5.020938989896342,-5.132294590304147,8.888778788561427e-05,0.0038665022103841,0.9999111122121144,40.116771150636815,-318.614661890428,3.1336448267268286,357.6263520802463,116976.58767230748,0.48743689108017,116976.58767230748,5.108120417585235,0.0064277755560063,0.5125631089198299,59.88322884936331,370.5631415310587,-285.5445959759554
323.05236831600337,112735.11513103906,0.4487642334478297,22,11,2.253728580126889,43.3250106885852,111505.74266120594,0.0,0.7913606607073439,0.999398353115039,5.784026084368197,-6.546949840324715,0.2086393392926561,0.0056957479535651,0.7913606607073439,56.67498931141487,-309.05358315067167,4.592846966609381,360.6791485742496,111505.74266120594,0.000601646884961,111505.74266120594,3.991532842466904,0.0051437190292643,0.999398353115039,43.3250106885852,387.21848675570413,-246.36426436545744
351.60098697530816,119002.74840958926,0.4889094250585748,18,13,1.6541714633079323,49.06741318758983,119002.74840958926,0.0,0.894853190585432,0.932465266115996,4.150898209847382,-4.507473442428008,0.105146809414568,0.0050236307196993,0.894853190585432,50.93258681241079,-311.3251455384923,4.053556057916291,360.50724138598,119002.74840958926,0.067534733884004,119002.74840958926,4.474513736840498,0.0057605130089187,0.932465266115996,49.067413187589175,386.5453970536496,-248.6029130085467
330.8337392362318,110933.84136319387,0.3800520897790822,23,8,3.045037455113481,40.02804678885201,101687.44745616429,0.0,0.6337092760823217,0.9999893593801544,7.818710140211309,-8.444595559105949,0.3662907239176782,0.0062025136942758,0.6337092760823217,59.97195321114789,-304.73201376581653,4.992644102961688,361.5130613849069,101687.44745616429,1.064061984558245e-05,101687.44745616429,3.688115412840861,0.0047313917002501,0.9999893593801544,40.028046788852016,383.94759097845775,-252.75007757701945
349.7090634017893,113510.03260880972,0.5009743455954704,23,9,2.025855553750988,45.09934149484094,109959.2068790834,0.0,0.9122592318369394,0.999693964394338,5.104968974370155,-5.451222680268184,0.0877407681630604,0.0053752480383936,0.9122592318369394,54.90065850515904,-317.2427242121181,4.355957901068237,357.4171409930321,109959.2068790834,0.0003060356056619,109959.2068790834,4.155188924313153,0.0053509921409257,0.999693964394338,45.09934149484095,386.7284025631413,-247.3213809481292
327.26255718059684,114410.67942822106,0.6384502881636664,23,8,2.750048466737712,51.21825950837334,105494.28113502508,0.0,0.9985284592926166,0.7044984974708828,5.535393037887298,-6.079513084646393,0.0014715407073832,0.0046807762203237,0.9985284592926166,48.78174049162632,-324.7524745179072,3.8114383973851687,354.1759373404074,105494.28113502508,0.2955015025291171,105494.28113502508,4.506876559869463,0.0056945609423924,0.7044984974708828,51.21825950837358,373.191995349795,-277.5979969676647
338.4949260440611,132945.1835183588,0.4182583056770984,25,8,1.235400694133715,54.069627815708735,117233.58273791632,0.0,0.895667763933471,0.9872853421681504,3.1546247701189007,-3.7515080107186,0.1043322360665289,0.0045262639289345,0.895667763933471,45.93037218429247,-312.3087531584774,3.6549215610370194,359.9730983815057,117233.58273791632,0.0127146578318495,117233.58273791632,4.9722476621802505,0.0064186508316452,0.9872853421681504,54.06962781570751,388.4733724714852,-244.0631162412004
325.436142234362,117153.8693358777,0.4110673324760162,18,8,3.005223734467844,41.30175240175563,117153.8693358777,0.0,0.6999644900079742,0.9995146863760164,7.4568218719601935,-8.229006050709934,0.3000355099920257,0.0060272703179046,0.6999644900079742,58.698247598244485,-300.1044311260884,4.832058237171946,364.66778486043046,117153.86933587768,0.0004853136239835,117153.86933587768,3.8051974693245834,0.0049158575806038,0.9995146863760164,41.30175240175562,389.01884319540306,-242.82244692838367
339.02060727617607,147073.72471270512,0.5072788457868339,17,12,1.5230792164397182,47.26682702717244,102262.6216710645,0.0,0.9022136077813389,0.9333295983819968,4.111371331111962,-4.561414132176547,0.0977863922186612,0.0051569247589428,0.9022136077813389,52.733172972827845,-321.0238286996791,4.191414497880721,355.19910493600185,102262.62167106448,0.0666704016180032,102262.62167106448,4.310889263566772,0.0055085689685477,0.9333295983819968,47.26682702717211,381.1206202563405,-259.14444365362715
352.83561253012635,120955.95800991534,0.5730612773403653,21,8,1.558156034043538,56.30423189999571,110430.21935617,0.0,0.9856023889168504,0.7470976189781515,3.383947934473359,-3.618972399515326,0.0143976110831496,0.0042130468963573,0.9856023889168504,43.69576810000478,-321.27725516378376,3.421981180115055,355.9781240956598,110430.21935617,0.2529023810218484,110430.21935617,4.988052261671983,0.006330444600482,0.7470976189781515,56.3042318999952,376.3594631523424,-270.94798489921885
329.196553313547,144354.29227213046,0.5452300714252087,15,9,3.4680140081085358,56.01291272865467,119360.73856466352,0.0,0.9989290720933252,0.8110609437196031,5.908868065936453,-6.5563327372059295,0.0010709279066748,0.0042444242641054,0.9989290720933252,43.987087271344805,-317.32026027498006,3.436573073570525,358.335490365752,119360.73856466352,0.1889390562803968,119360.73856466352,5.0124980596742645,0.0064082794290044,0.8110609437196031,56.012912728655216,381.6065146625232,-259.9367253140407
342.6796163444371,135878.4400110415,0.6119989941789974,23,8,2.937392003744942,49.11318717186472,112306.91245735648,0.0,0.9984545532379262,0.7884126433597402,6.04363740622647,-6.424812875630167,0.0015454467620738,0.004896793005273,0.9984545532379262,50.886812828146326,-321.0050105126883,3.9759656728974098,356.275953798098,112306.91245735648,0.2115873566402598,112306.91245735648,4.37945142992647,0.0055749859675904,0.7884126433597402,49.11318717185363,378.5198931906192,-266.20902827494126
354.95036265070775,127363.78954934812,0.3752736483614569,24,10,3.319974500649092,43.105618432392,115293.33684519352,0.0,0.6595734035975654,0.9999688221612628,7.8449992914518205,-8.183192217179965,0.3404265964024346,0.0058871108369498,0.6595734035975654,56.8943815676081,-298.4776407484936,4.71579688401896,365.164873300707,115293.33684519352,3.11778387371068e-05,115293.33684519352,3.971665155644013,0.0051269060396821,0.9999688221612628,43.10561843239199,388.456584154512,-243.92351726053028
344.99649048287137,116001.86131031612,0.4771621368321533,23,7,2.545137304964076,47.51588183618457,115065.61566080988,0.0,0.90909143633315,0.9999294695401476,5.707926617400441,-6.164500306550862,0.0909085636668498,0.0051529363155985,0.90909143633315,52.484118163815616,-314.2711874389957,4.16655548941103,359.03223848323177,115065.61566080988,7.053045985229477e-05,115065.61566080988,4.377991744902098,0.0056508421225596,0.9999294695401476,47.515881836184576,388.38280221564577,-244.0692399757204
332.6777089523055,117125.80118293846,0.3539051594371807,19,13,2.715177138968184,54.32868706150159,117125.80118293846,0.0,0.7596623716088999,0.987193910252582,5.334990104751022,-6.045984068040244,0.2403376283910999,0.0046312696723716,0.7596623716088999,45.6713129384985,-303.9624514638963,3.721433645428613,363.1513461477725,117125.80118293846,0.0128060897474179,117125.80118293846,4.996001097540353,0.0064489745976767,0.987193910252582,54.32868706150155,388.43554622573,-244.13879615538136
350.9395971498584,140080.32053714152,0.4516073767066481,18,11,3.0129434123560106,57.42125721354158,105479.26798239244,0.0,0.9987955289780328,0.9541410294053048,5.169970834155876,-5.502900491295907,0.0012044710219673,0.0040853190627839,0.9987955289780328,42.578742786435605,-324.77618968272026,3.326623295665422,354.16564529967826,105479.26798239244,0.0458589705946949,105479.26798239244,5.253768552930603,0.0067322068686149,0.9541410294053048,57.42125721356434,383.1464330096831,-254.93229363501703
359.6406060204067,143157.29677124857,0.6918820500530249,16,13,2.1844200243181557,44.3138080290318,104074.07732686133,0.0,0.9995585882604058,0.6947544303946345,5.3681988407590895,-5.412591161685963,0.0004414117395941,0.0053388534194019,0.9995585882604058,55.68619197096656,-325.6127558060483,4.350095698586124,353.7037047170064,104074.07732686133,0.3052455696053653,104074.07732686133,3.89327271696854,0.0049136453841601,0.6947544303946345,44.3138080290333,372.37008654328815,-279.29708819564644
356.44075062266865,133813.98102256012,0.6035566681979667,17,14,2.866761955189384,56.58401779810325,118356.81183190888,0.0,0.9998583583197072,0.7005190725226444,5.0485515254307405,-5.248716190594027,0.0001416416802929,0.0041868276973107,0.9998583583197072,43.41598220189584,-317.8933536165728,3.391388511890267,358.02730815620293,118356.81183190888,0.2994809274773554,118356.81183190888,4.975870295451833,0.0063213641933719,0.7005190725226444,56.58401779810408,377.1646568415492,-270.10859504055287
351.2988343404278,122499.38011830712,0.427812206342865,15,11,1.829189136789871,57.14218356657314,113203.24645540716,0.0,0.8718629786221938,0.9052350329754602,3.748570701808616,-4.108960020969108,0.1281370213778061,0.004237797292554,0.8718629786221938,42.857816433427054,-313.0437977617768,3.424732344748219,359.31309590879704,113203.24645540716,0.0947649670245396,113203.24645540716,5.189036013715089,0.0066525343123082,0.9052350329754602,57.14218356657294,383.54434526222553,-254.837393403907
340.0336783630767,143601.3332944529,0.6915914463759082,23,11,2.807561190859269,48.605611815533024,106277.26097510452,0.0,0.9998252182085232,0.6343274244995196,5.917439075565968,-6.253656474793336,0.0001747817914767,0.0049317569757943,0.9998252182085232,51.394388184467054,-324.3881198926732,4.014636224861061,354.3954884200728,106277.26097510452,0.3656725755004802,106277.26097510452,4.229139808556754,0.0053270301344369,0.6343274244995196,48.60561181553296,371.03988179380656,-282.72231794222
328.99281062692654,101469.6818084998,0.3191578365913814,16,11,1.225277667922083,44.97160167177438,101469.6818084998,0.0,0.5617137118917273,0.9776397162352948,3.980938776970268,-4.665618552392385,0.4382862881082726,0.0057766686597816,0.5617137118917273,55.02839832822578,-300.03245616431394,4.636665442621223,363.41500847910584,101469.6818084998,0.0223602837647051,101469.6818084998,4.129507945463348,0.0052894587435779,0.9776397162352948,44.971601671774266,382.83422483238274,-255.21767820013145
324.8877561292604,108654.96941048988,0.49218607137783,21,11,3.231987455122661,45.9717162864757,108098.20238860192,0.0,0.9102642792168,0.999160561991453,7.035152263204072,-7.740635316905679,0.0897357207832,0.0052879170571502,0.9102642792168,54.02828371352443,-318.161333551644,4.288253306068443,356.88416821339086,108098.20238860192,0.0008394380085468,108098.20238860192,4.235220471238839,0.0054492505245156,0.999160561991453,45.97171628647568,386.08948399199926,-248.5799527131134
357.00384796378927,138210.04498663385,0.5753390549881545,24,8,1.3560889027207392,58.48621793423379,102206.90081267952,0.0,0.9776074449873428,0.7101928679881516,2.9775587521997213,-3.1018571556491223,0.022392555012657,0.0039954351072767,0.9776074449873428,41.513782065766414,-325.4251175611406,3.2557570156523497,353.56067217813165,102206.90081267952,0.2898071320118484,102206.90081267952,5.15108148081702,0.0065005736134392,0.7101928679881516,58.48621793423359,372.27917294446166,-279.2371819083611
345.23317741579825,114438.08779968014,0.4101251272399072,19,11,2.1745639940941834,52.73272624366976,111948.63470216736,0.0,0.8574556252791254,0.9908420636591918,4.653524674552052,-5.12385620499122,0.1425443747208744,0.0046855869901716,0.8574556252791254,47.26727375633029,-312.8614029879772,3.786640455660753,359.2618684540616,111948.63470216736,0.0091579363408082,111948.63470216736,4.851936843490043,0.0062502394647549,0.9908420636591918,52.732726243669646,386.96211604188585,-246.98334038010336
331.29600103991936,129827.8579801973,0.3230894366688016,19,11,1.7461484868279178,58.87989223268844,115350.87255716484,0.0,0.7641135453513846,0.9849097492899984,3.550894100167961,-4.294219829290854,0.2358864546486153,0.0041628428729771,0.7641135453513846,41.12010776731187,-305.214373259136,3.3480206632034584,362.51126100812553,115350.87255716484,0.0150902507100016,115350.87255716484,5.41263803064811,0.0069803486953229,0.9849097492899984,58.87989223268816,387.77313355683566,-245.4723381885036
357.27007198804824,127935.6084909712,0.535060695860025,22,8,3.360682604421026,48.57180249146194,103361.35960902277,0.0,0.9985491045072824,0.9556843907982931,6.7928160855911965,-6.974481846065316,0.0014508954927174,0.0049301599691788,0.9985491045072824,51.428197508531774,-325.96023283751293,4.018197756498759,353.4965446329661,103361.35960902277,0.0443156092017066,103361.35960902277,4.445137542906913,0.0056909407964759,0.9556843907982931,48.571802491468205,382.4929931538336,-256.1795818200271
333.6475731431897,121378.23341474512,0.4204364869537257,23,7,1.2412704243279074,45.9533374688248,106306.12815760705,0.0,0.7777276220476239,0.99978094375844,3.816917094991748,-4.416675435174511,0.222272377952376,0.0054350996539095,0.7777276220476239,54.046662531175215,-311.16969311561,4.390186806788417,359.375136922484,106306.12815760705,0.00021905624156,106306.12815760705,4.233927170857532,0.0054433177119147,0.99978094375844,45.9533374688248,385.5194910547155,-249.68633097871967
345.4619372894728,141705.13570537211,0.4443245247593923,25,14,3.362797615771408,59.0884147989379,115974.39219260088,0.0,0.999937152424456,0.9403700627134348,5.373224980045928,-5.8448162730450335,6.284757554397902e-05,0.0039415041755711,0.999937152424456,40.91158520105736,-319.141392665508,3.195715262454589,357.33313990099015,115974.39219260088,0.0596299372865652,115974.39219260088,5.394891943970933,0.0069397438456166,0.9403700627134348,59.08841479894272,385.95312604662513,-249.65199364730705
355.99685491321475,120272.48778202989,0.6940871118380872,16,14,2.0508061175977748,48.89978291904185,115121.8188189184,0.0,0.9992474616776392,0.6248051038414537,4.69561524400738,-4.840365058338242,0.0007525383223608,0.0049221314040189,0.9992474616776392,51.10021708095752,-319.55062694920514,3.99207137131094,357.0971034895071,115121.8188189184,0.3751948961585462,115121.8188189184,4.248204094485365,0.0053693485745066,0.6248051038414537,48.89978291904252,373.5608801601137,-278.1173612567941
357.14585735000094,121584.77286783072,0.5696869536156359,24,9,2.192778923352124,53.56924678299068,106762.61700864538,0.0,0.997327185114454,0.8009670922553549,4.484166410826768,-4.644977033845497,0.0026728148855459,0.0044587373582095,0.997327185114454,46.43075321699772,-323.97415841724325,3.628532277522943,354.59958121151,106762.61700864538,0.199032907744645,106762.61700864538,4.78623418980551,0.0060818972128169,0.8009670922553549,53.56924678300236,377.191794990994,-268.5695969508251
354.1071039002586,145467.41871876485,0.6487188412516977,24,12,2.6243859851494022,45.0377940745034,108650.592215428,0.0,0.9998445108604564,0.7797799730294915,6.017064651317195,-6.1937208318287515,0.0001554891395435,0.0052793900955569,0.9998445108604564,54.962205925497344,-323.07356880782004,4.29331890690383,355.1335978600828,108650.592215428,0.2202200269705085,108650.592215428,4.010592771944909,0.0050947595261809,0.7797799730294915,45.037794074502685,377.0037400061911,-269.2373976944616
339.7503270331948,116624.04138404068,0.4297988618636619,23,8,2.2914766856167383,41.82681693955048,107803.89855511834,0.0,0.7387991190848598,0.9999619912041926,6.065177788108152,-6.571425414276512,0.2612008809151401,0.0059017876018161,0.7387991190848598,58.173183060449645,-307.8660831558416,4.757146812799251,360.805610432613,107803.89855511834,3.8008795807453904e-05,107803.89855511834,3.8538349454179306,0.0049581318561252,0.9999619912041926,41.82681693955048,386.02923880056574,-248.6870012109501
352.6949346171839,131945.87372787445,0.3818535182885205,22,9,1.4526767917141037,57.35695910200309,117980.73626416636,0.0,0.8745400259972309,0.9844429386200364,3.224930764683991,-3.628676380010716,0.125459974002769,0.0042223716631823,0.8745400259972309,42.64304089799522,-310.6343753854462,3.405968571333918,360.67156999737074,117980.73626416636,0.0155570613799634,117980.73626416636,5.272264154557042,0.0068068866261001,0.9844429386200364,57.35695910200491,388.5739478250754,-243.9039917301249
320.69448536024106,107692.16308867896,0.6397872545459815,19,8,2.642550803204581,40.96329752379411,104932.2675335957,0.0,0.9985508732515972,0.8772663592289649,6.5087226753676655,-7.158896395644998,0.0014491267484026,0.0056633840651633,0.9985508732515972,59.03670247621224,-325.0700149723667,4.612665456073999,353.99762768888513,104932.2675335957,0.1227336407710351,104932.2675335957,3.703774193251779,0.0047228161823154,0.8772663592289649,40.96329752378763,379.639589419176,-262.783195281838
331.9764600280359,111133.5847345176,0.4808945615347451,20,8,1.8368786662007228,43.86831130989743,102070.91768304404,0.0,0.8561966289772777,0.9993231214669333,4.962474291203112,-5.534809312226948,0.1438033710227222,0.0055422634725551,0.8561966289772777,56.131688690102585,-318.41421787483034,4.497771083172587,356.165715690839,102070.91768304404,0.0006768785330666,102070.91768304404,4.0415408320396375,0.0051855136217583,0.9993231214669333,43.86831130989743,384.04978612511667,-252.56004442385463
323.6339298503343,133746.22682004873,0.3083691930286154,17,11,2.4534167673418485,40.77800680841735,119603.72885974984,0.0,0.517244929371456,0.9949815198617716,6.623424329400988,-7.489430909075257,0.4827550706285439,0.0063241940717628,0.517244929371456,59.221993191582825,-286.2270957210718,5.026955102334011,370.45929967327305,119603.72885974984,0.0050184801382284,119603.72885974984,3.7543510737416774,0.0048538505457943,0.9949815198617716,40.77800680841734,389.564028758506,-241.80913830611323
330.0566519599237,146468.2594499532,0.5805295815333982,23,12,3.21559735475494,40.70292497327853,116810.67589387084,0.0,0.9786873432071844,0.9995169552189738,7.556611453342432,-8.184631791714018,0.0213126567928155,0.0057406070159714,0.9786873432071844,59.2970750267215,-317.46178491518623,4.649530135741912,358.0282480154001,116810.67589387084,0.000483044781026,116810.67589387084,3.750027821954032,0.0048438640553902,0.9995169552189738,40.70292497327852,388.911856906032,-243.03321271243345
320.41999929535274,129472.82528159732,0.3238950192609973,21,11,2.6942570214506443,49.647890786731466,104954.68405541714,0.0,0.6426077156344315,0.9993383798049488,5.979053075269047,-6.816397340718107,0.3573922843655684,0.0052055444160752,0.6426077156344315,50.35210921326851,-303.3377783091464,4.185510772367661,362.3589977081176,104954.68405541714,0.0006616201950511,104954.68405541714,4.57401796381072,0.0058766920318291,0.9993383798049488,49.647890786731466,385.0416350471775,-250.62574173792063
343.49076224664543,145021.83669707406,0.5123960030374216,18,10,2.3375669407116977,50.58766607105797,109036.46249430814,0.0,0.9968251972999884,0.9607781710426307,4.983767027111512,-5.415245884978939,0.0031748027000115,0.0047501135846509,0.9968251972999884,49.41233392892122,-322.6877797494849,3.861888734929459,355.3155281057107,109036.46249430814,0.0392218289573693,109036.46249430814,4.6332373998460765,0.0059492349113695,0.9607781710426307,50.5876660710788,384.63361700460933,-251.9468965946737
326.6865311234738,115755.83316694971,0.3250422119713314,22,13,3.328078890796597,50.57171888783866,115755.83316694971,0.0,0.6565628943440448,0.9989827142756212,6.829565512262241,-7.633876800072738,0.3434371056559551,0.0051187621040545,0.6565628943440448,49.428281112161365,-298.0192308906267,4.0990424456454,365.38500768857466,115755.83316694971,0.0010172857243789,115755.83316694971,4.6588771703531,0.0060148370545424,0.9989827142756212,50.57171888783866,388.5560799481557,-243.74108150690236
334.08458171314703,130735.60110471604,0.4733377117222438,22,7,3.2533361547555533,51.641164791408784,110662.3115087574,0.0,0.9786077962738888,0.9998172384683632,6.23532057530667,-6.841744924479474,0.0213922037261111,0.0046700322629959,0.9786077962738888,48.3588352085912,-320.74527287431494,3.791908134575832,356.1967428243432,110662.3115087574,0.0001827615316367,110662.3115087574,4.758003464037563,0.0061292822075297,0.9998172384683632,51.64116479140886,386.9639890840261,-246.85783000353263
320.7688027512549,117579.77303836352,0.3491693471767373,18,13,3.427520369006867,56.64865579811699,117579.77303836352,0.0,0.7830795427534367,0.9828877859737594,6.011756821081612,-6.904335385602358,0.2169204572465633,0.004375262131185,0.7830795427534367,43.351344201883045,-305.1967377469223,3.518156416640455,362.71141964318485,117579.77303836352,0.0171122140262404,117579.77303836352,5.2059210560179645,0.0067193939562049,0.9828877859737594,56.64865579811688,388.3776561776965,-244.3115019659199
327.8081014742068,121898.70284393974,0.5213984318196335,24,14,2.6281947225960947,52.360019287040885,107276.79622001977,0.0,0.9999090862097164,0.9139764717135996,5.224216226985783,-5.861759370079239,9.09137902834772e-05,0.0045733450004815,0.9999090862097164,47.63998071296427,-323.8363599445722,3.7213073020559495,354.7063392464924,107276.79622001977,0.0860235282864002,107276.79622001977,4.761191494966361,0.0060910021506833,0.9139764717135996,52.36001928703581,381.9839998600027,-257.7423818204634
328.2184273275348,116541.6594985128,0.4098736778135813,23,10,2.5592297325217586,49.735536252647535,116541.6594985128,0.0,0.815170558813881,0.9997334545689412,5.576934870719592,-6.3205949973277455,0.1848294411861188,0.0050367467304785,0.815170558813881,50.26446374735244,-307.76196022162424,4.056561718841711,361.63212785627576,116541.6594985128,0.0002665454310586,116541.6594985128,4.582368278109957,0.005918379386552,0.9997334545689412,49.735536252647535,388.8378949200016,-243.17596901864755
339.5485570863759,129960.81812639364,0.6600359966605244,19,12,3.292855090214675,45.30983127127801,102787.9765189913,0.0,0.9999359351222348,0.7502322489671504,7.111127716173755,-7.462437658106603,6.406487776533584e-05,0.0052400183829113,0.9999359351222348,54.690168728722014,-326.3665497156481,4.2719988545404695,353.2834269224292,102787.9765189913,0.2497677510328495,102787.9765189913,4.016038714419676,0.0050800330367376,0.7502322489671504,45.30983127127798,373.9291529640929,-275.52242066079987
337.3226031395867,123955.99734502764,0.6540862317705186,24,12,2.878859820985071,48.81906581831092,110279.13000331164,0.0,0.999889750735845,0.7084472753192915,5.9919204535521216,-6.4107158202187255,0.0001102492641549,0.0049194745069013,0.999889750735845,51.18093418168869,-322.1849661319902,3.997916089133589,355.63207510687715,110279.13000331164,0.2915527246807084,110279.13000331164,4.298466971097409,0.0054439913615415,0.7084472753192915,48.81906581831134,374.907260808227,-274.2879744264848
327.75597920482056,117987.58984332337,0.4601103630236676,22,12,2.017949464937576,55.05761685219555,117987.58984332337,0.0,0.9957138756666488,0.977091602057986,4.083183199795568,-4.82362038525889,0.0042861243333512,0.0043372180528469,0.9957138756666488,44.94238314778576,-317.84302024154766,3.5132341646422485,358.00828239930246,117987.58984332337,0.022908397942014,117987.58984332337,5.055230893669341,0.0065236083466786,0.977091602057986,55.057616852214274,388.2374031479163,-244.66667830665853
325.9832620345507,115592.9989962544,0.4145605774936444,20,12,3.272445441589241,41.17655706768052,106192.30339416327,0.0,0.7037869746086993,0.9986185146109356,8.007336625815762,-8.712942213033214,0.2962130253913006,0.0060074172635343,0.7037869746086993,58.823442932319374,-306.57796447950443,4.839210453846435,361.169893587048,106192.30339416327,0.0013814853890644,106192.30339416327,3.793145421086882,0.0048760030364286,0.9986185146109356,41.17655706768051,385.4266512730974,-249.88348543108947
338.4077386685091,139705.92438008712,0.3101263727710536,22,9,1.917086841796238,48.50621118423382,106494.38593587112,0.0,0.602052805464821,0.9997802908885192,4.848949022248153,-5.433386012410417,0.3979471945351788,0.0053724415629256,0.602052805464821,51.49378881576615,-299.71238196771554,4.309704793299875,363.9571316152103,106494.38593587112,0.0002197091114805,106494.38593587112,4.469136658795445,0.0057462129780682,0.9997802908885192,48.50621118423382,385.58276896883007,-249.56265624435144
326.3105811261507,119840.52009851352,0.6007023975698262,18,10,3.070737006003052,40.18896933012553,107558.81219293077,0.0,0.9979970357777278,0.9905693415891343,7.360987342228765,-7.9855676346341316,0.0020029642222721,0.005744761161049,0.9979970357777278,59.81103066987456,-323.5702099114834,4.673630034348577,354.83396543320544,107558.81219293077,0.0094306584108656,107558.81219293077,3.6976323413785335,0.0047537296128164,0.9905693415891343,40.18896933012552,385.5087919447668,-249.8320470134623
335.7119220560206,137913.10290427637,0.5380220079736115,25,9,3.3568388194408563,56.79518650419261,111345.4489031288,0.0,0.9991394775048172,0.8127558571416718,5.679562340885194,-6.1989499699645965,0.0008605224951825,0.0041553115799087,0.9991394775048172,43.20481349582053,-321.56306920574866,3.375328969592163,355.97164510309864,111345.4489031288,0.187244142858328,111345.4489031288,5.083852618725585,0.0064776056589668,0.8127558571416718,56.795186504179554,379.1555164566656,-264.6351516257617
335.3454800429659,105337.16549620945,0.5396731057910167,17,13,2.3242219485536486,54.62232910917388,105100.5929025465,0.0,0.9991137637649564,0.8420086590002496,4.564702613030672,-5.061304234513866,0.0008862362350435,0.0043528683832024,0.9991137637649564,45.37767089081753,-325.00735846021206,3.54509745222886,354.0392789581773,105100.5929025465,0.1579913409997502,105100.5929025465,4.911768208875418,0.0062509558645263,0.8420086590002496,54.62232910918247,378.25383661335695,-265.94572473361313
337.37822056184325,134840.98746316927,0.3266675921957873,16,8,2.9276689979278974,58.72253757838379,107540.63834664602,0.0,0.7842473046699738,0.9949760248113096,5.100320590630569,-5.7121056927107245,0.2157526953300261,0.0041475290013069,0.7842473046699738,41.27746242161615,-310.86089905166347,3.3491754763123054,359.611403458368,107540.63834664602,0.0050239751886904,107540.63834664602,5.406464285485924,0.0069525591278702,0.9949760248113096,58.72253757838374,385.7080928616216,-249.38269510007888
348.33869206658403,123475.2366767821,0.6113926436011126,21,11,1.2514855756339085,47.4374461245277,108450.54914557646,0.0,0.9882837199193248,0.806217475041404,3.5838813228749404,-3.8649516887737847,0.011716280080675,0.0050608890608127,0.9882837199193248,52.56255387547389,-322.51807725649485,4.114395899875707,355.313778874774,108450.54914557646,0.1937825249585959,108450.54914557646,4.2418717060433995,0.0053958531072727,0.806217475041404,47.43744612452611,377.9554857085578,-267.03199299698656
334.39040997752505,118657.73702391634,0.5369809209201609,21,12,2.4303690640536937,57.49581108506568,118657.73702391634,0.0,0.9995133644577566,0.8049494908505731,4.384468620530017,-4.958140931918409,0.0004866355422434,0.0040996880246804,0.9995133644577566,42.50418891493513,-317.7173885965019,3.3203705305283338,358.1212840994041,118657.73702391634,0.1950505091494269,118657.73702391634,5.140271347914712,0.0065674426857799,0.8049494908505731,57.49581108506485,381.15168627889375,-260.9041035807835
347.0728204297309,108534.20709400823,0.6606181395748103,18,11,2.329649519414647,49.35081991921257,108534.20709400823,0.0,0.9995654021842286,0.6872464140414724,5.09456271197768,-5.3595420519755965,0.0004345978157712,0.0048651540119316,0.9995654021842286,50.64918008078747,-323.1215705469423,3.9566094042238222,355.10350150294335,108534.20709400823,0.3127535859585275,108534.20709400823,4.3306116167383095,0.0054745773504982,0.6872464140414724,49.35081991921248,373.59058898032185,-277.1037838330282
354.61445112382665,124264.92024232504,0.3066929519335432,22,12,1.7618504202104694,45.36560495908976,101802.25647518152,0.0,0.560541922136013,0.9990207034068088,4.905305117924527,-5.209765255551746,0.4394580778639869,0.0057375767348209,0.560541922136013,54.6343950409103,-299.7454909411257,4.604364904453995,363.56050720788016,101802.25647518152,0.0009792965931912,101802.25647518152,4.179292466279853,0.0053614652794694,0.9990207034068088,45.36560495908975,383.94214204556,-252.77376012370837
346.75116891142875,142758.5589435081,0.5910725324813486,23,11,1.877700405784424,42.9244444794218,117935.38958226898,0.0,0.998286132693329,0.9503891621196272,4.941910578140089,-5.323055139166089,0.001713867306671,0.0055050143110494,0.998286132693329,57.07555552057804,-318.0203084446065,4.459648740767046,357.93880844792966,117935.38958226898,0.0496108378803726,117935.38958226898,3.9251210518952,0.0050565468973508,0.9503891621196272,42.92444447942199,387.011017639391,-247.44209785480157
347.3632325719837,134404.57702149567,0.6011091992240883,20,11,2.2695008348176566,45.66159478720075,116554.49315554008,0.0,0.9992667794406378,0.8727079776219187,5.347642928029669,-5.696958050082112,0.0007332205593621,0.0052370354588056,0.9992667794406378,54.338405212803096,-318.79797715075654,4.2450316617394845,357.5169084781214,116554.49315554008,0.1272920223780814,116554.49315554008,4.125660109986053,0.0052867681830074,0.8727079776219187,45.66159478719689,383.2310446184701,-255.90469332368545
320.8108236817168,137525.8890353594,0.511148770609887,16,14,2.4198603601484283,47.16763560133968,118593.252708676,0.0,0.842455484648662,0.8599471476115517,5.601238501893742,-6.376809433183642,0.1575445153513378,0.0052680974855795,0.842455484648662,52.832364398659,-308.3476721574033,4.243582804661876,361.5926369912386,118593.252708676,0.1400528523884481,118593.252708676,4.253292771903157,0.0054510325739584,0.8599471476115517,47.16763560134096,383.3357309029555,-255.88305851805487
348.6431037645341,130213.2727668075,0.5940226297080673,23,12,2.9518410839109266,57.85601393915125,108147.85608525873,0.0,0.9998511296170408,0.7015945322562359,5.031788670928859,-5.303788971804428,0.000148870382959,0.004047276753537,0.9998511296170408,42.14398606084892,-323.3509522073344,3.292032298851511,354.9780935848357,108147.85608525873,0.298405467743764,108147.85608525873,5.0885995133848,0.0064363401980172,0.7015945322562359,57.85601393915106,373.9690441597332,-276.1707206674821
353.4183823471995,149025.70822829398,0.5530112081274018,15,7,1.6910895707229905,57.8817338404124,101612.4632989503,0.0,0.9826443109760452,0.7596159399576977,3.4477732505557146,-3.639445031721144,0.0173556890239548,0.0040482291984323,0.9826443109760452,42.11826615958792,-326.0562924992346,3.300188585815636,353.26204073461497,101612.4632989503,0.2403840600423022,101612.4632989503,5.1379682660035835,0.0064988466090866,0.7596159399576977,57.88173384041198,373.87185301235473,-275.4931230732132
349.7993774022807,130163.24780412763,0.5157909066349273,24,9,3.315027710755122,48.33114326002319,115591.06203389112,0.0,0.9978643741863664,0.999574202751922,6.715930321941664,-7.091160263747339,0.0021356258136335,0.0049793111895015,0.9978643741863664,51.668856739909245,-319.22261109745534,4.037497239552421,357.2643124530798,115591.06203389112,0.0004257972480779,115591.06203389112,4.452867003137945,0.0057486762930674,0.999574202751922,48.33114326009059,388.53194703996,-243.78055039551757
323.66606501764176,115935.559071269,0.3410715802288666,25,9,3.01849222078704,51.10835048315951,115935.559071269,0.0,0.6975833887254052,0.9999773917071542,6.2370867844407565,-7.07931814470531,0.3024166112745949,0.0050202982686096,0.6975833887254052,48.89164951684052,-300.6208405043294,4.026408912279477,364.3639749371175,115935.559071269,2.2608292845760324e-05,115935.559071269,4.709026966068278,0.0060804563999463,0.9999773917071542,51.10835048315951,388.65925687476846,-243.5244512609768
355.6004175618017,122393.7803978392,0.5974810981675258,24,9,1.410609359794329,50.08151618407344,112877.71394174194,0.0,0.9869315271770825,0.7907015372416741,3.6377703464786975,-3.8370227884579786,0.0130684728229173,0.0048165239769301,0.9869315271770825,49.918483815930315,-320.0303156108511,3.9083749839685766,356.689900729119,112877.71394174194,0.2092984627583258,112877.71394174194,4.467405776356861,0.0056890862092821,0.7907015372416741,50.081516184069706,378.7903564643274,-265.6567424935272
334.24872890435995,117385.1233636212,0.3399202086120456,21,12,3.21829727836098,48.91824730083912,103855.27955875533,0.0,0.6645677610290016,0.9990855183299666,6.909998453623604,-7.528577756287943,0.3354322389709983,0.0052542739247261,0.6645677610290016,51.081752699160894,-305.4354650591287,4.230427832723598,361.41927019523087,103855.27955875533,0.0009144816700333,103855.27955875533,4.506623027384832,0.0057870277869862,0.9990855183299666,48.91824730083911,384.65448585455965,-251.3846317953711
356.5840841058482,130051.53383388772,0.6019465160608997,18,10,3.32305103531347,53.92340482042679,102707.56656594452,0.0,0.9996717988568892,0.7379026998612033,6.033863303705788,-6.160181692976449,0.0003282011431107,0.0044148209450329,0.9996717988568892,46.076595179573374,-326.3975047568983,3.5993397459929093,353.26296965453537,102707.56656594452,0.2620973001387965,102707.56656594452,4.770177555735628,0.0060298611198747,0.7379026998612033,53.923404820426654,373.4491931515429,-276.613683604063
321.46116620239945,137562.72776226635,0.3351105083264179,23,8,1.6224757910060308,55.380625565818335,112539.2319608144,0.0,0.7504344770251677,0.999510046814013,3.691946872268612,-4.5580364337311,0.2495655229748321,0.0045247938310072,0.7504344770251677,44.619374434181815,-305.90789301133253,3.6414939337349064,361.9952202340508,112539.2319608144,0.0004899531859869,112539.2319608144,5.1023032957664585,0.0065782063836778,0.999510046814013,55.38062556581832,387.55743240850063,-245.69738470669395
332.16604748306594,132150.16989871222,0.3356190077909298,15,11,2.1669860787516284,54.60714867598707,112458.52103225296,0.0,0.6915453390532478,0.9602490503118056,4.574757107821574,-5.270811443962206,0.3084546609467521,0.0046601768247652,0.6915453390532478,45.39285132401309,-302.17355083969915,3.742114355185117,363.4601683257564,112458.52103225296,0.0397509496881945,112458.52103225296,5.000969622965864,0.0064310805970536,0.9602490503118056,54.60714867598693,385.7245375927556,-249.82451925645603
321.4813006525074,118728.55493908348,0.5550620187542646,20,10,1.784145411871592,42.41703096268091,118728.55493908348,0.0,0.9606044278954496,0.9954794844792232,4.860497251001156,-5.631259978454893,0.0393955721045504,0.00560039771672,0.9606044278954496,57.58296903731924,-315.39543787630606,4.529731180077379,358.97376165259004,118728.55493908348,0.0045205155207767,118728.55493908348,3.90554908375876,0.0050475983426313,0.9954794844792232,42.417030962680656,389.3181466660053,-242.28734328109857
358.6957823828604,118280.76412553886,0.3427498878339163,23,9,1.607289285130105,50.91337015169072,118280.76412553886,0.0,0.6976485941148182,0.9994152718667716,4.0585975977488,-4.3780383393512725,0.3023514058851817,0.0050450899388912,0.6976485941148182,49.08662984830922,-299.33607734211853,4.042421371610557,365.0628617282116,118280.76412553886,0.0005847281332284,118280.76412553886,4.69066041347019,0.0060626825537512,0.9994152718667716,50.913370151690685,389.36409506940686,-242.1431834282227
341.44121834204327,136453.65509307204,0.4259655006853086,21,11,1.3524622440016223,48.96189598984242,106506.61250374732,0.0,0.8276612375513385,0.9927639701435472,3.7522064090699017,-4.238388049794299,0.1723387624486613,0.0050794880519252,0.8276612375513385,51.03810401015774,-314.1175196899226,4.110055907388039,358.2555848705133,106506.61250374732,0.0072360298564526,106506.61250374732,4.506302749386183,0.0057913864451353,0.9927639701435472,48.9618959898422,385.25876321244846,-250.2907539722829
351.5622552291734,130243.04456647436,0.3129552995095224,21,7,1.5466074996254764,59.97183122783808,117115.219361575,0.0,0.7751030962930644,0.9955050164187031,3.197435515488628,-3.6493190638601054,0.2248969037069356,0.0040458790111074,0.7751030962930644,40.02816877216232,-304.9455993783562,3.252944240471276,362.7684744943795,117115.219361575,0.0044949835812968,117115.219361575,5.521929192073972,0.0071316784125851,0.9955050164187031,59.97183122783764,388.8190603490791,-243.27055568826768
325.7641229602852,124004.16171145596,0.5402110345647888,20,7,2.8563071498747945,56.161677784734096,116085.4853855655,0.0,0.995531172786936,0.8151998384329051,5.0938019358638,-5.777503511253283,0.004468827213064,0.0042276234092813,0.995531172786936,43.83832221527302,-318.82658823503675,3.427039902307464,357.4585668817832,116085.48538556548,0.1848001615670948,116085.48538556548,5.029071228160934,0.0064219654673753,0.8151998384329051,56.161677784727125,380.75719684633685,-261.5164658845076
326.2039639068567,149121.1802544318,0.4303669542807394,21,14,1.278563503845424,40.23674834770557,105673.9566427524,0.0,0.7130208945357183,0.98945619882288,4.334050106413857,-5.022514533482745,0.2869791054642815,0.0060902481502963,0.7130208945357183,59.7632516522945,-307.47302118569286,4.908784853818758,360.76845473818094,105673.9566427524,0.0105438011771199,105673.9566427524,3.701400064456771,0.0047540933032294,0.98945619882288,40.23674834770552,384.82421174469664,-251.1839044311219
342.22506276472024,143982.17274589292,0.6446415047700318,22,9,2.4449255544729978,55.11362954618761,110350.95486349234,0.0,0.9987457312491784,0.6437527385393004,4.668115095555356,-5.015186268610544,0.0012542687508214,0.004315624258834,0.9987457312491784,44.886370453812354,-322.07990669709574,3.5069466780797045,355.6778884259344,110350.95486349234,0.3562472614606995,110350.95486349234,4.802684113481065,0.006063197498623,0.6437527385393004,55.11362954618761,372.6863892864492,-279.47625712841136
321.55229966606146,143043.15981926635,0.3741770621138901,17,10,1.4360472799566737,52.89892045898829,110515.91184910422,0.0,0.7701869328793987,0.9784292341981956,3.6126441760208543,-4.437697786148818,0.2298130671206013,0.0047526788679537,0.7701869328793987,47.10107954101202,-308.2898319696872,3.830982020645064,360.88537985993145,110515.91184910422,0.0215707658018044,110515.91184910422,4.858018155587313,0.0062490468298183,0.9784292341981956,52.89892045898793,385.92303871259793,-249.18739807342308
357.6188458718779,116637.84879575275,0.4319461999354029,20,9,1.2954742299404949,58.47929246633864,116637.84879575275,0.0,0.9041806375555124,0.9033435606757568,2.924502131735484,-3.2044402325979244,0.0958193624444876,0.0040833721380501,0.9041806375555124,41.52070753366292,-313.1370644420821,3.299063479682532,359.60686251064107,116637.84879575275,0.0966564393242431,116637.84879575275,5.308906295462269,0.0068156552339705,0.9033435606757568,58.47929246633704,384.5488978751344,-252.9092302315908
338.9209361571141,103706.42201741696,0.6435055613313553,20,10,2.046072814510194,44.79790976758513,103034.88203737524,0.0,0.9989070282037574,0.7944368325171083,5.09359308567398,-5.468037503230424,0.0010929717962425,0.0052907915045996,0.9989070282037574,55.202090232415706,-326.1668503225898,4.312783124777839,353.3842296645089,103034.88203737524,0.2055631674828915,103034.88203737524,3.998441008070672,0.0050703192281923,0.7944368325171083,44.797909767584166,375.6788205515304,-271.5516357281158
349.80660858391366,147343.97557403042,0.5058478672234203,18,13,2.155837511699623,45.4589411397923,110200.98796316824,0.0,0.8971894557453234,0.9636787886744262,5.303863451220915,-5.6392967680377755,0.1028105442546765,0.0053576083371351,0.8971894557453234,54.541058860207976,-316.21397552436537,4.338955107016363,357.8263211512295,110200.98796316824,0.0363212113255737,110200.98796316824,4.165355829391949,0.0053522579747148,0.9636787886744262,45.458941139792046,385.14723723980353,-250.90510811854188
335.77606988887845,133890.5574574713,0.4235906135574483,17,14,2.1790101512006204,41.212472365081055,116373.42999098574,0.0,0.6809128984512689,0.943466737437414,5.945263546675725,-6.544818398730487,0.3190871015487311,0.0060586165196737,0.6809128984512689,58.7875276349191,-299.2865839653242,4.85511752212624,364.9289224637128,116373.42999098574,0.056533262562586,116373.42999098574,3.7645722914518807,0.0048443480468275,0.943466737437414,41.21247236508093,386.21567951132874,-249.09554723463344
346.85528747874656,141464.39904740555,0.603858562666079,25,9,1.5910946415560674,46.330962181743935,111662.40730367044,0.0,0.993181693588722,0.847127060188829,4.200628476880081,-4.528515458790225,0.0068183064112778,0.0051689501629226,0.993181693588722,53.669037818246274,-321.04726159577496,4.197320072368216,356.1924790272614,111662.40730367044,0.152872939811171,111662.40730367044,4.1695152799811375,0.0053236517719981,0.847127060188829,46.330962181753655,380.6284878879496,-261.30537335660176
349.1412892859868,118384.37812630436,0.4576114187972927,17,7,2.8024262314413355,54.45046585038888,112454.1126320702,0.0,0.9870353213271374,0.9852683940981054,5.236801255282586,-5.635347837522433,0.0129646786728625,0.0043941141517926,0.9870353213271374,45.549534149594194,-320.26403051345875,3.566241116930527,356.5605773321224,112454.1126320702,0.0147316059018946,112454.1126320702,5.005729107990687,0.0064474809737191,0.9852683940981054,54.450465850405806,386.86656759318487,-247.24655559056887
345.833174132468,118206.58121675646,0.5327775684991861,19,9,3.276026172995758,45.28802310801986,115316.0580776204,0.0,0.9726743461445048,0.9986570290318316,7.085907099541123,-7.506054185203863,0.0273256538554953,0.0053003063722905,0.9726743461445048,54.711976891980314,-317.8979769911573,4.294623505790285,357.71814857855094,115316.0580776204,0.0013429709681685,115316.0580776204,4.1719142427561975,0.0053849928211867,0.9986570290318316,45.28802310801969,388.4022285938888,-244.04829392856053
338.11264743432554,117402.57122146671,0.5703192234917202,18,9,2.257929368038573,45.248307746415655,117402.57122146671,0.0,0.9970556133124192,0.9460435014923096,5.369786829269322,-5.885838629918904,0.0029443866875806,0.0052811394556492,0.9970556133124192,54.751692253570255,-318.2258822817955,4.279016653771222,357.8104203277586,117402.57122146671,0.0539564985076902,117402.57122146671,4.134862954525112,0.0053240751272539,0.9460435014923096,45.248307746429845,386.6515473882191,-248.2066029415401
335.5210073228272,116107.42123406536,0.3458403567607809,21,12,1.4864268422969784,52.57064455559431,116107.42123406536,0.0,0.7209097556084437,0.9925481105035376,3.7310895903646686,-4.396880266817501,0.2790902443915562,0.0048467591115944,0.7209097556084437,47.42935544440585,-302.03908644624346,3.890465183110941,363.8183226637982,116107.42123406536,0.0074518894964622,116107.42123406536,4.838281727915336,0.0062447925022365,0.9925481105035376,52.57064455559421,388.3658142007276,-244.20301660831643
353.0521771160574,119982.7924536194,0.5764237909937204,15,14,1.2485074007525288,45.10315776258199,119982.7924536194,0.0,0.7778912032366528,0.6687901872403272,3.8652127180153584,-4.120675185631071,0.2221087967633471,0.0055519070937014,0.7778912032366528,54.89684223741801,-303.58002560041643,4.459120573184071,363.54274321920303,119982.7924536194,0.3312098127596727,119982.7924536194,3.9461964085644623,0.0050086499701505,0.6687901872403272,45.103157762582015,376.5441487603994,-271.77531404592673
353.95090167356966,128323.35938831326,0.43967012926848,22,11,2.689250711208709,40.21902146687409,103748.95607100426,0.0,0.735272979809313,0.9997097218068424,7.003145746959873,-7.265329058233418,0.264727020190687,0.0060586445313103,0.735272979809313,59.78097853312589,-310.02066397979814,4.891581998355048,359.58514909509427,103748.95607100426,0.0002902781931574,103748.95607100426,3.705553737795325,0.0047583176189584,0.9997097218068424,40.219021466874096,384.64730771336394,-251.39019993157507
340.23311779453445,118700.17560545082,0.5847296389531593,25,8,1.756558880727849,41.19735238871481,104972.2472272358,0.0,0.9927215927846276,0.9976137811536968,4.912137604284081,-5.335360635919041,0.0072784072153722,0.005648018960799,0.9927215927846276,58.80264761128507,-324.7139052162341,4.599186236638133,354.1316125244888,104972.2472272358,0.0023862188463033,104972.2472272358,3.7944804727174577,0.0048746351741634,0.9976137811536968,41.197352388714805,384.9667771139775,-250.79518874145128
353.4849534641114,149156.61985739053,0.4606325050227241,21,8,1.9217712273349576,43.39632600546551,114280.76065719432,0.0,0.8135039365976169,0.9996327135659125,5.162155624364634,-5.48353467879741,0.186496063402383,0.0056687111265988,0.8135039365976169,56.60367399453445,-308.889239355988,4.569486893386058,360.9955870130085,114280.76065719432,0.0003672864340873,114280.76065719432,3.998245777751261,0.0051588077902275,0.9996327135659125,43.39632600546551,388.1200853055969,-244.59003922648827
346.5166361219419,128473.43154959157,0.576906317980907,24,13,2.787322066020134,56.511414202668576,116341.55697283312,0.0,0.999878265799972,0.7485934434765695,4.957529141029284,-5.3146793452216174,0.000121734200028,0.0041904469794241,0.999878265799972,43.4885857973307,-318.9451833738474,3.397047713070943,357.4418306679236,116341.55697283312,0.2514065565234304,116341.55697283312,5.007592447856275,0.0063721262366382,0.7485934434765695,56.511414202669286,378.29033953829344,-267.23520390081
333.27935485319006,124175.73213543056,0.5316159393149518,22,13,3.268881953577563,54.75053149188832,114209.15944901347,0.0,0.9999232072795172,0.855424229911867,5.819664902141703,-6.398395451429524,7.679272048289488e-05,0.004356333939825,0.9999232072795172,45.24946850810739,-320.07341231969554,3.5345679842030675,356.81306567898923,114209.15944901347,0.144575770088133,114209.15944901347,4.933599133973363,0.0063093087827799,0.855424229911867,54.75053149189262,381.780735959622,-258.9611975512102
342.36414543330795,138603.66398228245,0.475746148866221,20,10,1.8679432195062,51.13216342438944,102515.49902729064,0.0,0.964675565491003,0.9915316119107004,4.2773376799201674,-4.7142615966407995,0.035324434508997,0.0047167624242779,0.964675565491003,48.86783657561138,-324.50513651082707,3.8413697338592048,353.93307845043444,102515.49902729064,0.0084683880892994,102515.49902729064,4.705163648718227,0.0060351963680022,0.9915316119107004,51.13216342438852,383.83995458258187,-253.07394020257107
336.6943131052464,144929.06053663045,0.6079626733369938,17,8,1.9116066558105045,52.40261568779586,111842.944979193,0.0,0.9946863459217128,0.7432990914632117,4.18452651525105,-4.64624179620491,0.0053136540782872,0.0045830535371994,0.9946863459217128,47.59738431220448,-321.036869400956,3.721466817344533,356.2153516964551,111842.944979193,0.2567009085367882,111842.944979193,4.639611867235272,0.005890725037967,0.7432990914632117,52.402615687795546,376.6745462183716,-270.4032509748846
356.6238905723776,143962.95613588236,0.4657093908298058,15,8,2.4052153200699817,46.803257273359705,102772.8507904694,0.0,0.8671633222905,0.9905845244372438,5.632312876115701,-5.847994900722012,0.1328366777094999,0.0052419950736044,0.8671633222905,53.19674272664038,-318.6554238767591,4.254414054012476,356.1470687786574,102772.8507904694,0.0094154755627561,102772.8507904694,4.306197477555573,0.0055237869148415,0.9905845244372438,46.803257273359634,383.8849329075621,-252.99920377913293
328.3690917868878,119766.95908594991,0.3656603492964491,24,12,1.359783398540625,56.42593456075963,119766.95908594991,0.0,0.8285907880686777,0.9918306057032852,3.193596522820666,-3.981246000693527,0.1714092119313222,0.0043596740605704,0.8285907880686777,43.57406543923946,-306.86914611149336,3.508414975395003,362.26023840428,119766.95908594991,0.0081693942967147,119766.95908594991,5.192531244721208,0.0067123051545712,0.9918306057032852,56.425934560760474,389.46711109288447,-242.04328147432292
349.02645180785817,116500.28906284884,0.6166393225491626,19,14,2.2221669913560547,42.30599171221053,110299.342990095,0.0,0.9994997494304344,0.9054794541905316,5.611322733171064,-5.902379001252033,0.0005002505695656,0.0055460131022764,0.9994997494304344,57.69400828777204,-322.15147878964046,4.5069899722064495,355.64638951260014,110299.342990095,0.0945205458094683,110299.342990095,3.8419183322660575,0.0049191913518557,0.9054794541905316,42.305991712227865,382.6165333000189,-256.63522480718166
329.73907016723683,143310.13461400612,0.4563183044100452,22,11,3.3784384621268773,47.70586221699809,109685.07413573666,0.0,0.8722213614181659,0.9995856611995884,7.089552760559365,-7.752006863338645,0.127778638581834,0.0051629011134344,0.8722213614181659,52.29413778300192,-315.0082377941804,4.178518032028447,358.22895373383614,109685.07413573666,0.0004143388004116,109685.07413573666,4.395265991426088,0.0056594174731799,0.9995856611995884,47.705862216998064,386.63340948203216,-247.50901499496717
334.81805442860764,118747.89597662551,0.6159891155056584,20,12,3.050356524982034,52.76398155882586,118747.89597662551,0.0,0.9998681871387985,0.7276718132403602,5.752546159369859,-6.2683874482429,0.0001318128612013,0.0045559087144076,0.9998681871387985,47.23601844117422,-317.6914762094596,3.689779648678154,358.13972806851245,118747.89597662551,0.2723281867596397,118747.89597662551,4.660040674555796,0.0059294116091289,0.7276718132403602,52.76398155882579,378.2624121082084,-267.60061788887543
329.0504485856096,135795.60791669053,0.6503991734556707,24,8,1.3010831083302037,50.42986074534515,107401.82659875495,0.0,0.987578949175236,0.681032406747825,3.456517410380493,-3.9759535396194567,0.0124210508247639,0.0047713744200368,0.987578949175236,49.57013925465464,-323.05822628201554,3.8806511431188153,355.0030114142599,107401.82659875495,0.318967593252175,107401.82659875495,4.420903602641028,0.0055841541371245,0.681032406747825,50.42986074534536,373.0019890787448,-278.31097075003026
329.0208754695741,117399.6763763364,0.3780446770110473,22,13,2.8266981192239684,56.10638723964605,103678.16797894116,0.0,0.8573419719024942,0.9969231456218014,5.229398736767784,-5.918890347352851,0.1426580280975056,0.0043359372890279,0.8573419719024942,43.89361276035399,-317.54153734705574,3.516442224983563,356.6639590730363,103678.16797894116,0.0030768543781985,103678.16797894116,5.167133006404734,0.0066337124668927,0.9969231456218014,56.10638723964605,384.49243538608994,-251.7298706787992
325.80039216417504,139760.77032161842,0.306843864914946,24,12,1.4045662639325236,46.42827669315868,113749.7375102518,0.0,0.5722960222741467,0.9994507154166644,4.158502848490735,-4.969989826093524,0.4277039777258531,0.0056416492516265,0.5722960222741467,53.57172330684144,-293.4328234945051,4.505974879988829,367.08471472373407,113749.7375102518,0.0005492845833354,113749.7375102518,4.277470811293444,0.0055177231886121,0.9994507154166644,46.42827669315867,387.942452418805,-244.94173677329752
323.2029521056695,136242.63056831877,0.3541351823168875,24,12,2.204162274380621,47.22125684786443,118131.76736700285,0.0,0.6706775634761601,0.9996611828623648,5.382986341698435,-6.230423867499267,0.3293224365238399,0.0054549436341951,0.6706775634761601,52.7787431521356,-297.6414998118841,4.366444047336005,365.7235943085772,118131.76736700285,0.0003388171376351,118131.76736700285,4.35066805197057,0.0056229715723477,0.9996611828623648,47.22125684786443,389.329517044656,-242.2080308896912
346.04881375269764,148741.60004365127,0.4979674824105579,19,9,1.4205154289440751,42.547601134688094,116664.36725614007,0.0,0.8630694590505495,0.9950329178242702,4.299279054254947,-4.72834843501975,0.1369305409494504,0.0056995085862918,0.8630694590505495,57.45239886531212,-310.638539156732,4.598059603772428,360.5480471029768,116664.36725614007,0.0049670821757296,116664.36725614007,3.9173048253170415,0.0050581287435176,0.9950329178242702,42.54760113468793,388.6562293873987,-243.5976245245644
321.1537063162656,146793.7670309182,0.615009727958806,24,11,1.386245034885153,56.20011566101095,103510.06081059964,0.0,0.9952165572382456,0.6813066577187835,3.167846784707842,-3.7956186519302233,0.0047834427617542,0.0042021169119574,0.9952165572382456,43.79988433898913,-325.6853811319083,3.4242283278451566,353.61339670519214,103510.06081059964,0.3186933422812165,103510.06081059964,4.926965742145869,0.0062124642303724,0.6813066577187835,56.20011566101082,371.70957818184127,-280.74521332385206
353.3473215622153,146603.45205344103,0.3962943455333346,16,8,3.3015675914957896,50.646953161047485,102688.4406981994,0.0,0.8002294762799758,0.9973212262513302,6.676912222699415,-6.97610831931541,0.1997705237200242,0.0049319156760093,0.8002294762799758,49.35304683895252,-314.6733551577304,3.993349432757453,357.66518724783145,102688.4406981994,0.0026787737486696,102688.4406981994,4.664627736831097,0.0059859406494252,0.9973212262513302,50.64695316104747,384.1700586616116,-252.35279157705023
357.7380159961863,119238.52588313894,0.4511576029861813,16,10,2.1301305145570986,56.87116582481165,119238.52588313894,0.0,0.9665080169531448,0.9396636897329428,4.0869527618608,-4.379576956645457,0.033491983046855,0.004190208158135,0.9665080169531448,43.12883417518943,-315.4791002622241,3.38913358550346,358.99307428706845,119238.52588313894,0.060336310267057,119238.52588313894,5.1918891422495355,0.0066877224651027,0.9396636897329428,56.87116582481048,386.9356513361087,-247.73839916756475
341.28589541719623,144179.30529511248,0.5779443011636796,17,14,3.0083900573785884,57.00011970858711,118473.37749661868,0.0,0.9998468565524384,0.7403315106961185,5.1830523871937055,-5.625406316148966,0.0001531434475617,0.0041469023397479,0.9998468565524384,42.999880291410754,-317.8322914384772,3.3588921365397426,358.06115113686974,118473.37749661868,0.2596684893038813,118473.37749661868,5.04429208793431,0.0064218469192686,0.7403315106961185,57.00011970858922,378.6425908563057,-266.68296412484824
335.2277840743944,116403.5607007712,0.6050437254499836,18,8,3.194536857904892,53.63981224195592,116403.5607007712,0.0,0.998586770511006,0.7350903782564924,5.85459258594592,-6.360099991362953,0.0014132294889941,0.0044684865155802,0.998586770511006,46.36018775804396,-318.83750007315984,3.6221985568212296,357.48716245851426,116403.5607007712,0.2649096217435075,116403.5607007712,4.74297441628282,0.0060312722672608,0.7350903782564924,53.639812241956,377.8116231474007,-268.3526761993912
323.24751830830826,111496.40778819428,0.3850266800211229,16,8,1.5427374263694125,46.50919316065615,105735.06239366016,0.0,0.71437017773384,0.9937554106311622,4.327955267481323,-5.091997767582201,0.2856298222661599,0.0054496553447451,0.71437017773384,53.4908068393439,-307.52301816304555,4.392571577578273,360.7541597524833,105735.06239366016,0.0062445893688377,105735.06239366016,4.281210284449968,0.0055004919980644,0.9937554106311622,46.50919316065609,385.04498530503326,-250.69475233183704
348.4350557213888,144309.58432262437,0.6493702126573742,21,12,2.7033526458777137,50.88789600361909,111983.69552693324,0.0,0.9998455497844402,0.6888748820882816,5.48530980742477,-5.752155471353313,0.0001544502155596,0.0047239889858768,0.9998455497844402,49.11210399638101,-321.2593845625874,3.836343206374481,356.1495458092502,111983.69552693324,0.3111251179117184,111983.69552693324,4.466654820509737,0.0056556221750583,0.6888748820882816,50.887896003618955,374.762240175064,-274.85849243793234
341.9137111931792,131115.50046602663,0.6901514260761674,24,7,2.04112710238244,41.595202743300334,115333.36428050404,0.0,0.9956848431760396,0.7388551925714248,5.353427139769405,-5.715148463619533,0.0043151568239602,0.0056304788538706,0.9956848431760396,58.40479725669914,-319.2317915389268,4.5656412419474055,357.2344596943319,115333.36428050404,0.2611448074285749,115333.36428050404,3.6801546489040255,0.0046785434298974,0.7388551925714248,41.59520274330088,377.6163019616476,-268.67020108114485
345.4999039736597,147113.87820578227,0.5883972438473729,23,10,2.024429799317878,46.450977426776106,109816.20846686032,0.0,0.998218536192355,0.8840477045793375,4.891018436215783,-5.243280924238323,0.0017814638076449,0.0051479324870913,0.998218536192355,53.54902257321737,-322.34106566938846,4.184150759004847,355.5256331550488,109816.20846686032,0.1159522954206624,109816.20846686032,4.204371551337436,0.0053752461896219,0.8840477045793375,46.450977426782565,381.5504631167792,-259.0007167447039
336.5773844464717,111185.75173855618,0.5654537836929656,16,8,2.0311807323723627,56.52594094796782,111185.75173855618,0.0,0.9940490092865248,0.7641784848618405,3.9807340421691206,-4.465502504676599,0.0059509907134751,0.0041854604200534,0.9940490092865248,43.474059052032445,-321.35534356556167,3.39946761612451,356.03003097026186,111185.75173855618,0.2358215151381594,111185.75173855618,5.021236545094501,0.0063804658865923,0.7641784848618405,56.525940947967584,377.2396599301696,-269.0154158097276
354.8111174790416,109190.63510041915,0.4174506639893079,16,9,2.465504089444523,50.95632941713362,109190.63510041915,0.0,0.8405867777354105,0.9898029276969879,5.293169467251274,-5.595577470956448,0.1594132222645894,0.0048733334506475,0.8405867777354105,49.04367058286649,-313.37601271941594,3.940554169603925,358.8005466691964,109190.63510041915,0.0101970723030121,109190.63510041915,4.687747899495492,0.0060308281977584,0.9898029276969879,50.956329417133546,386.0140219049837,-248.85453206955816
354.6735570998645,143416.2416734793,0.5125747018121352,19,8,1.95013998876963,58.90661203779915,104869.93329951743,0.0,0.9900318017904352,0.8205004686309499,3.676144945067102,-3.893817503351965,0.0099681982095646,0.0039491191392394,0.9900318017904352,41.093387962199685,-324.61756498680666,3.2156258160525,354.1552663901388,104869.93329951743,0.1794995313690501,104869.93329951743,5.2792496652784,0.0067097993478459,0.8205004686309499,58.90661203780039,377.319043493331,-268.04429128661224
324.4892743830549,124024.71548906996,0.558957982799194,20,7,2.6327847310133783,55.930904008918205,114001.06101220436,0.0,0.9951709164896924,0.7847430531128528,4.828719919761002,-5.50532486869764,0.0048290835103074,0.0042466292675749,0.9951709164896924,44.06909599108749,-319.9083170292557,3.4453032205340115,356.85124560273766,114001.06101220436,0.2152569468871471,114001.06101220436,4.984512334270849,0.0063486557866634,0.7847430531128528,55.93090400891244,378.91864422184193,-265.49757175597017
354.4044874392159,123324.2639447128,0.5920967555196555,16,14,1.5633509846763736,56.8356864868065,113554.06948262548,0.0,0.9598219255718684,0.6871750454906072,3.362824558582,-3.572302559531195,0.0401780744281317,0.0041900350957298,0.9598219255718684,43.16431351319288,-318.08497168155463,3.3959696908128074,357.47064363964495,113554.06948262548,0.3128249545093926,113554.06948262548,4.9873634661867365,0.0063187082329284,0.6871750454906072,56.8356864868071,375.2010370809038,-274.0509548059431
341.02495830375966,114838.33826436104,0.5546416863397521,24,12,2.8342177431235727,57.66602483030946,107579.48501776616,0.0,0.9997992763745688,0.7721588937000494,4.905389718326481,-5.31442854632379,0.0002007236254313,0.0040645935232662,0.9997992763745688,42.333975169692394,-323.6622283741746,3.3069038849712715,354.80283563385245,107579.48501776616,0.2278411062999506,107579.48501776616,5.128965961909091,0.0065096453577365,0.7721588937000494,57.666024830307514,376.3616869974405,-270.57463369234
341.5057239702877,138290.98159596266,0.3640983231407072,19,12,1.8528643208704505,56.62642847281923,118015.14526554386,0.0,0.8102042492978235,0.9776009119816716,3.857947697042444,-4.437224480916576,0.1897957507021765,0.0043533832139442,0.8102042492978235,43.373571527181184,-306.6601535545957,3.5034580453799653,362.1856728922912,118015.14526554386,0.0223990880183284,118015.14526554386,5.199679164781803,0.0067103133586177,0.9776009119816716,56.62642847281883,388.2693287390134,-244.5969165828738
354.9744207893786,115951.29770728412,0.5981802979259059,19,8,2.786270233514391,49.77302528546057,115951.29770728412,0.0,0.997938437639632,0.80522379214457,5.72750076561382,-5.953331478690131,0.0020615623603678,0.0048409820259826,0.997938437639632,50.226974714543594,-319.03727062781854,3.9247738104433454,357.3684709590341,115951.29770728412,0.1947762078554299,115951.29770728412,4.450026211048198,0.0056790630553565,0.80522379214457,49.77302528545636,380.3239804280405,-262.496321789931
328.6609288020206,147804.4764131703,0.4192717972632822,18,13,3.059658828128506,53.34242617939522,116377.76250602074,0.0,0.8717046292897642,0.9764623260430784,5.84757753288301,-6.579707300589111,0.1282953707102358,0.0046196588793151,0.8717046292897642,46.65757382060463,-311.31686533489705,3.728471417709728,360.2652441089402,116377.76250602074,0.0235376739569215,116377.76250602074,4.897276222412699,0.006315113208991,0.9764623260430784,53.3424261793953,387.706888977638,-245.71793059406065
340.4717803104813,126800.61548368922,0.3756627607528678,23,10,2.372726052075743,52.47030711115891,107358.98376229857,0.0,0.7899639897791852,0.9996277847621926,5.038910038512236,-5.572907536822681,0.2100360102208147,0.0047696534352555,0.7899639897791852,47.52969288884103,-311.3188737887671,3.8526584716041494,359.416645309923,107358.98376229857,0.0003722152378074,107358.98376229857,4.834257776060977,0.0062180842386117,0.9996277847621926,52.470307111158895,385.8652351649177,-249.01238481133225
337.72088659786283,124378.0890240397,0.3439136189143308,16,9,1.600732253752613,44.895442255605,119518.712439154,0.0,0.6177646558837053,0.9922104845999185,4.589851672849946,-5.2300638705306906,0.3822353441162946,0.005761961217497,0.6177646558837053,55.104557744394974,-293.322499702814,4.5997591948522585,367.5605922239342,119518.712439154,0.0077895154000816,119518.712439154,4.131690272354973,0.0053405376875709,0.9922104845999185,44.895442255604955,389.40869927711645,-242.15331069024376
354.34065460176635,112942.70499872108,0.4830955293009604,15,12,2.838828419379009,40.88779257201236,112942.70499872108,0.0,0.779395036086843,0.9452699266009108,7.126471212311507,-7.40340154716304,0.2206049639131569,0.005959199107592,0.779395036086843,59.11220742798732,-307.506008759474,4.800276283541868,361.4085972094697,112942.70499872108,0.0547300733990891,112942.70499872108,3.73594842442428,0.0048008251283192,0.9452699266009108,40.887792572012565,385.20867098842206,-251.03860302917863
333.92881057227027,106523.54993273717,0.5300515272515618,20,9,2.0656351703267952,55.019112340711104,106523.54993273717,0.0,0.9961343277732136,0.8509945710637326,4.1726943391409295,-4.703411844177246,0.0038656722267865,0.0043201636244262,0.9961343277732136,44.98088765929797,-324.0390382174921,3.515978862560888,354.54958266241255,106523.54993273717,0.1490054289362673,106523.54993273717,4.9543825922759686,0.0063125442158535,0.8509945710637326,55.01911234070208,379.0961259371374,-264.20059191801096
357.8151169884324,107203.14352661822,0.5497642557260145,17,13,1.3374404931051591,55.81254286837363,106199.44253077709,0.0,0.9601464170059448,0.7751402053000119,3.14963502621911,-3.3005084954560235,0.039853582994055,0.0042759058031514,0.9601464170059448,44.187457131626,-322.1459291343243,3.476264806081261,355.20639477761307,106199.44253077709,0.224859794699988,106199.44253077709,4.966446412746341,0.006300437760328,0.7751402053000119,55.81254286837396,376.01500263588053,-271.19202436132827
324.3743141250121,148434.34863021295,0.6986140618478359,17,10,1.7513744507346618,55.47992895520659,102335.37244825548,0.0,0.9985759044399208,0.5420914111838399,3.712030217887192,-4.23624934220828,0.0014240955600793,0.0042659836518223,0.9985759044399208,44.52007104479341,-326.5483674835989,3.478433963764883,353.1654429710893,102335.37244825548,0.4579085888161599,102335.37244825548,4.755491734857693,0.0059537506080419,0.5420914111838399,55.479928955206574,366.7652461981341,-292.15365985044923
328.04308525285427,146925.25143823685,0.3311057165644943,23,14,3.1824673360893567,52.44025429766136,114430.95475761282,0.0,0.6947181082262083,0.9986660039060172,6.321566757831795,-7.0983168244921755,0.3052818917737916,0.004883423415468,0.6947181082262083,47.5597457023386,-301.2708631204036,3.9186331183496654,363.98256521957,114430.95475761282,0.0013339960939827,114430.95475761282,4.830781468359701,0.0062330200014931,0.9986660039060172,52.440254297661355,388.1224650483945,-244.59848283585765
323.49825012479454,113860.4773463342,0.640579971539957,25,11,1.7595250931758382,42.66596573675901,113860.4773463342,0.0,0.9986511627288348,0.8405919787437488,4.768763015299078,-5.419232557206606,0.0013488372711651,0.005520472941593,0.9986511627288348,57.3340342632307,-320.1851071808586,4.479551647195048,356.7362478160162,113860.4773463342,0.1594080212562511,113860.4773463342,3.8357760905046776,0.0049004474964679,0.8405919787437488,42.66596573676918,381.0680776484927,-260.55059306589334
327.57983186095873,117984.57907285738,0.4237814747300565,22,12,3.3872335252128467,43.88442047137303,102803.12573004264,0.0,0.7548641556600802,0.9995782577835788,7.7980603109398015,-8.462486420858772,0.2451358443399197,0.0056615324966307,0.7548641556600802,56.115579528627045,-311.80933410067405,4.576240099648385,358.79255032142504,102803.12573004264,0.000421742216421,102803.12573004264,4.043182000788185,0.0051895073623932,0.9995782577835788,43.88442047137302,384.31548744099615,-252.03892608396652
336.30576777613686,136764.2078974984,0.3879922012251869,20,10,2.5733676349572523,48.11096079377075,113791.71919980782,0.0,0.7467530439920834,0.9989415687277352,5.850147160280069,-6.467376110119988,0.2532469560079165,0.0052688124404035,0.7467530439920834,51.889039206229214,-304.9754408837587,4.237468117748128,362.46921270435456,113791.71919980782,0.0010584312722649,113791.71919980782,4.432154129273544,0.0057171725869141,0.9989415687277352,48.11096079377074,387.93196545055366,-244.9692595367065
325.2828894244193,104939.10163802547,0.4548691126919416,23,13,1.317483460367629,41.95655098849081,103327.40573080568,0.0,0.7817302043809368,0.9973164140569114,4.241903060867678,-4.924466075665444,0.2182697956190631,0.0058245391219913,0.7817302043809368,58.04344901150919,-313.16125238305887,4.7115853189872166,358.3148690708539,103327.40573080568,0.0026835859430885,103327.40573080568,3.8642314262734065,0.0049603178813029,0.9973164140569114,41.95655098849079,384.3902832368567,-251.9236971386236
344.1913076908909,125438.2390858523,0.3761612392093715,24,10,1.514634643287486,52.91112645069091,114613.3514202118,0.0,0.7974198262689166,0.9987427492001651,3.705202498641776,-4.221162010408436,0.2025801737310834,0.0047324448212213,0.7974198262689166,47.088873549309184,-307.7088416248969,3.812002016293136,361.4798287196393,114613.3514202118,0.0012572507998347,114613.3514202118,4.874215036078655,0.0062895976958376,0.9987427492001651,52.911126450690816,388.1839405690158,-244.47654582305157
321.35670914198806,144211.67620950268,0.6413760489596414,23,10,2.5049310266038294,47.6351515367265,112268.76898428387,0.0,0.9994002008242152,0.752196341465579,5.535059182846906,-6.196871712682362,0.0005997991757847,0.0050379304775718,0.9994002008242152,52.36484846326881,-321.0802190287097,4.090755217437544,356.2446609480259,112268.76898428387,0.247803658534421,112268.76898428387,4.223455895104761,0.005365868081012,0.752196341465579,47.63515153673104,377.1400397918511,-269.3826055120936
336.6453142888444,115235.09038353457,0.4870621968425624,20,9,2.7438297052449103,58.32094551166813,115235.09038353457,0.0,0.9978285538839824,0.8779568994559825,4.701111919889525,-5.264563798681936,0.0021714461160176,0.0040160519483217,0.9978285538839824,41.6790544883429,-319.40833870514973,3.2568970955351544,357.1603434311004,115235.09038353457,0.1220431005440174,115235.09038353457,5.273763730503853,0.0067562072987517,0.8779568994559825,58.32094551165709,383.03586366974446,-256.20913426413523
338.23685754623614,145859.66027154276,0.5270545773637018,24,8,2.670101794566359,56.767127679630704,109163.6630048393,0.0,0.996903743057815,0.8307745011998062,4.7945905768798,-5.274612148003884,0.0030962569421849,0.0041562203969622,0.996903743057815,43.23287232038566,-322.62249665412514,3.3788768059046848,355.35300701524267,109163.6630048393,0.1692254988001938,109163.6630048393,5.095688347664918,0.0064929093238805,0.8307745011998062,56.76712767961428,379.15795910858895,-264.37080544573286
326.06113475613245,145551.18586986492,0.4640672359913181,23,10,2.366664605811677,50.32145181760998,109410.56489664922,0.0,0.933621754166688,0.9994882838291544,5.119748500921227,-5.8360807320421175,0.0663782458333119,0.0048409202459804,0.933621754166688,49.67854818238996,-318.80634266441143,3.926736537945796,356.7793628660268,109410.56489664922,0.0005117161708454,109410.56489664922,4.6361783768858364,0.0059688392502077,0.9994882838291544,50.32145181760996,386.5386280774184,-247.696044559006
327.0086670997667,133089.20421731655,0.4728597243328106,24,9,2.503560891817268,47.28639567143024,113413.30639859916,0.0,0.8969527391735765,0.9999077823759513,5.682859547388928,-6.395998580879208,0.1030472608264233,0.0051852598110525,0.8969527391735765,52.713604328569765,-314.4374182024945,4.193748959298896,358.8093557962073,113413.30639859916,9.221762404858435e-05,113413.30639859916,4.356833092628164,0.0056194277432852,0.9999077823759513,47.28639567143024,387.8564453077938,-245.10457376794227
355.51810570115225,118304.80958235546,0.5298271086847277,22,11,2.569269039364409,48.55141345370156,118304.80958235546,0.0,0.9992271695053124,0.9675831196906388,5.523215861666742,-5.811513025161894,0.0007728304946877,0.0049620180749521,0.9992271695053124,51.448586546284886,-317.88346999368935,4.019301472287801,358.02563796228003,118304.80958235546,0.0324168803093611,118304.80958235546,4.451374765271577,0.0057416434588009,0.9675831196906388,48.55141345371501,387.9011022803446,-245.45820591239985
352.246342776429,117470.33127960553,0.49976101359829,23,7,2.899808915299192,49.29737445223757,117470.33127960553,0.0,0.9854438039486776,0.999766454705052,5.967056076510292,-6.322075939812038,0.0145561960513223,0.0049028140878053,0.9854438039486776,50.70262554776247,-317.5120717925602,3.9708275217891376,358.0762957242819,117470.33127960553,0.0002335452949479,117470.33127960553,4.5420211946381,0.0058686467145456,0.999766454705052,49.29737445223756,389.12918784297926,-242.6015563945413
358.72636636930355,138247.8355890618,0.5353889122481859,19,9,1.615615891388832,57.79727852256613,104850.5300358158,0.0,0.9874728152685314,0.7947160949650893,3.3491446243773373,-3.4900715108084444,0.0125271847314684,0.0040578979089647,0.9874728152685314,42.20272147743458,-324.48182791274866,3.303947823279043,354.20258155442485,104850.5300358158,0.2052839050349107,104850.5300358158,5.158927100455832,0.0065475053536295,0.7947160949650893,57.797278522565485,376.30805076492913,-270.3480783942141
348.0712070475396,119050.2890538544,0.5632480415775407,21,7,1.5747672222342095,45.34865962682585,110371.55655001866,0.0,0.9811301502154092,0.9403570824322516,4.264021420554725,-4.600966098236544,0.0188698497845908,0.0052742386251106,0.9811301502154092,54.65134037319332,-321.0501633405336,4.283381852455671,356.054689692218,110371.55655001866,0.0596429175677483,110371.55655001866,4.140416212793225,0.0053128557949074,0.9403570824322516,45.34865962680677,384.15860959659295,-253.1536316329246
358.79339365039993,146733.22463109245,0.5552242926456556,22,12,2.17738393061278,54.90364796327401,104390.06375687433,0.0,0.999388579355507,0.8096000820299433,4.337229036657617,-4.468600586148645,0.0006114206444929,0.004324309359239,0.999388579355507,45.09635203672828,-325.42409534798105,3.5229457878071977,353.80795564173934,104390.06375687433,0.1903999179700565,104390.06375687433,4.912106861094736,0.0062380157136587,0.8096000820299433,54.90364796327166,376.72872895468873,-269.32968882953367
324.5365867069225,121382.5502573985,0.5935693896153984,24,11,1.971794221229493,53.04825100551943,119888.78320883452,0.0,0.9987019423401124,0.7650038256079787,4.194260815257923,-4.876438684994806,0.0012980576598873,0.0045316519117921,0.9987019423401124,46.95174899448299,-317.0352820558793,3.6683423708173986,358.49130671275566,119888.78320883452,0.2349961743920212,119888.78320883452,4.7129251827140495,0.0060114521825433,0.7650038256079787,53.04825100551692,379.99436146823433,-263.7204360624549
327.3959338056632,111968.9996593546,0.3584376456002212,17,14,1.9581087477071564,49.21683414203227,110113.12096300418,0.0,0.6476244829681292,0.939952597941542,4.8137558978433095,-5.545523754885636,0.3523755170318705,0.0052564031931359,0.6476244829681292,50.78316585796798,-300.63225240227416,4.2177687680027125,363.88133586181874,110113.12096300418,0.0600474020584579,110113.12096300418,4.493308442457328,0.0057648612921657,0.939952597941542,49.21683414203205,384.0562386303385,-253.35852196650123
348.88211408460035,138062.65390395757,0.3828800985045283,19,7,1.5976233031744504,41.14901992027213,111924.88820807464,0.0,0.6503049316541704,0.9995886348700944,4.892886749459241,-5.301775911831992,0.3496950683458296,0.0060927669851359,0.6503049316541704,58.850980079727755,-299.7676371161392,4.885624124322232,364.3768192449428,111924.88820807464,0.0004113651299053,111924.88820807464,3.7911686595894887,0.0048864956155721,0.9995886348700944,41.14901992027214,387.3630452246118,-246.07797446404493
339.78728941757004,114476.68113518914,0.5751831101437607,19,11,1.8897113159825687,46.56980336843395,101916.34204829192,0.0,0.9982372753862556,0.9101929404242982,4.68022791007341,-5.08679577361216,0.0017627246137444,0.0051191962630128,0.9982372753862556,53.43019663155724,-326.7698688909371,4.17485203288941,353.03669438704145,101916.34204829192,0.0898070595757017,101916.34204829192,4.2322052010194495,0.0053995479484862,0.9101929404242982,46.569803368442734,379.9956804621252,-261.63632361865194
347.9783641283662,133416.87030775374,0.6800733735907193,19,9,1.40638735859689,40.64145916191449,115385.4001124922,0.0,0.9934909282510036,0.7776859958147371,4.307177682312309,-4.590119015555707,0.0065090717489962,0.0057252161283772,0.9934909282510036,59.358540838085744,-319.0766521695483,4.642024284146993,357.2960798641703,115385.4001124922,0.2223140041852627,115385.4001124922,3.6179076777256234,0.0046090430341531,0.7776859958147371,40.64145916191427,379.0852156739208,-265.2811899368893
355.828471511416,121487.33024945276,0.3447258521271544,18,10,2.31763607156903,40.80875907627584,117899.18177630009,0.0,0.5810390598054436,0.9980356609832812,6.3212049784157305,-6.669590717357879,0.4189609401945563,0.0062328406439878,0.5810390598054436,59.19124092372418,-291.69245011979746,4.971379592286255,368.10110233687743,117899.18177630009,0.0019643390167187,117899.18177630009,3.7589305886949216,0.0048571823697482,0.9980356609832812,40.808759076275834,389.1812340169848,-242.5224934150671
338.6588102626832,135772.8042981256,0.4469305238584689,16,9,3.395658138000936,57.05278205340318,116218.27969150175,0.0,0.9958435462076266,0.966270837338371,5.687485706939913,-6.265556819851316,0.0041564537923733,0.0041416334966707,0.9958435462076266,42.94721794657434,-318.775004159475,3.357190076995721,357.490850860028,116218.27969150175,0.0337291626616288,116218.27969150175,5.229761801339492,0.0067390026086282,0.966270837338371,57.05278205342576,387.1916612452528,-246.869002401256
331.91522397813725,134268.77084355196,0.4248260921890785,20,11,3.226772775005494,53.2900990509602,102654.05485102464,0.0,0.906974683239798,0.9977873638145056,6.094213987430662,-6.711383772279722,0.093025316760202,0.004564091719951,0.906974683239798,46.709900949039856,-321.07507813844984,3.709544694946548,355.22191272478176,102654.05485102464,0.0022126361854943,102654.05485102464,4.9084121634096345,0.0062988685470594,0.9977873638145056,53.290099050960166,384.1799915387275,-252.3271421573125
343.3738672759108,146582.8757608696,0.3836329613025912,21,13,2.515068488576283,54.39964825663661,108344.95920699548,0.0,0.833714214950513,0.9936463803324737,4.9997794783375324,-5.493507494585665,0.1662857850494869,0.0045361052766348,0.833714214950513,45.600351743363554,-313.4363973129315,3.6682866670905887,358.69558786585293,108344.95920699548,0.0063536196675263,108344.95920699548,5.00745010704173,0.0064412530567909,0.9936463803324737,54.39964825663643,385.91346045971113,-248.9990869365252
338.17937184186763,121240.45068416136,0.5489970609277536,21,12,2.483565763439833,52.939601144262,108924.44909253783,0.0,0.9996503864196972,0.8516090030567162,4.95140724686524,-5.422849260242587,0.0003496135803027,0.0045210880032025,0.9996503864196972,47.060398855732096,-322.9118856983747,3.6762051246026712,355.2220430278791,108924.44909253783,0.1483909969432837,108924.44909253783,4.767582206913473,0.0060813785836128,0.8516090030567162,52.93960114426798,379.9182134387783,-262.61031713426576
337.1766348517169,128971.59265471912,0.4427910792940808,16,8,3.286069455715121,46.9078537034188,108596.9246620133,0.0,0.8317348989209133,0.997430771471888,7.099597856612309,-7.651047035584297,0.1682651010790866,0.005284118217951,0.8317348989209133,53.09214629658111,-313.1732822821565,4.272432555095639,358.8206392869108,108596.92466201332,0.002569228528112,108596.92466201332,4.320325552412788,0.0055593898615196,0.997430771471888,46.90785370341878,386.1737584542073,-248.43843427380884
343.57251214280734,148253.33560946962,0.6923537352906276,24,10,3.3702354721745094,55.97800983479628,107040.62793966696,0.0,0.9997858528942306,0.549415732712161,5.815583454590093,-6.098053566795124,0.0002141471057692,0.0042257133117955,0.9997858528942306,44.02199016520388,-323.9604683996251,3.43877088347972,354.6352528798686,107040.62793966696,0.4505842672878389,107040.62793966696,4.803935918531277,0.0060291684374036,0.549415732712161,55.97800983479629,368.5590701522483,-288.6982397119681
344.03220222126964,138145.5438127221,0.3338989486201262,24,12,1.4216184003192458,51.87663568475578,102984.6483794772,0.0,0.6920906586552572,0.9983776134427728,3.7247638295169008,-4.196829073577193,0.3079093413447428,0.0049197111025855,0.6920906586552572,48.123364315244295,-307.7364190712011,3.9668454022608337,360.42065402483144,102984.6483794772,0.0016223865572271,102984.6483794772,4.778651232366603,0.0061335437226351,0.9983776134427728,51.87663568475576,384.32186826011787,-252.0427052641671
323.461931652174,119811.4362088797,0.5445099012707928,18,14,1.4073128284731204,57.50644776729997,119811.4362088797,0.0,0.9740416161749484,0.7728863050944259,3.091259938091416,-3.815222422195113,0.0259583838250515,0.004122813387404,0.9740416161749484,42.49355223269977,-315.627029250656,3.334721778647672,358.99518549353,119811.43620887972,0.2271136949055739,119811.43620887972,5.115359507745738,0.0065273285062062,0.7728863050944259,57.50644776730024,380.26914403438894,-263.07520055072604
345.2735399950438,136758.31564315283,0.5064974530445931,18,11,3.2076329667198955,56.85409959400961,113598.58580008526,0.0,0.9995807745488796,0.8676976187865911,5.471422273145618,-5.886833982596897,0.0004192254511203,0.0041530881051767,0.9995807745488796,43.145900405989046,-320.3785610154063,3.370459380158602,356.6387893776107,113598.58580008526,0.1323023812134089,113598.58580008526,5.132940408851325,0.0065671510537677,0.8676976187865911,56.85409959401096,382.091153192956,-258.18578749728994
325.92687822127084,107782.54085948228,0.3558578300338596,18,13,2.7259253991742938,53.604335267579,107782.54085948228,0.0,0.7450122400894185,0.9809633887715064,5.47070090995313,-6.228510905739704,0.2549877599105813,0.0047007732408632,0.7450122400894185,46.39566473242111,-308.2705308780155,3.789989881332892,360.6448293406275,107782.54085948228,0.0190366112284934,107782.54085948228,4.924705930649595,0.0063280007146986,0.9809633887715064,53.60433526757888,385.1387611284535,-250.68543394169384
354.72693220241024,117015.83982177236,0.6978093623256094,17,10,1.8912153897193449,55.42635558905564,102609.87243584909,0.0,0.9987868100722328,0.5442354481078701,3.9046956692942416,-4.0006718474227085,0.0012131899277671,0.0042714372293174,0.9987868100722328,44.5736444109444,-326.40303134059764,3.482487886483512,353.2497687446649,102609.87243584909,0.4557645518921298,102609.87243584909,4.752566531166214,0.0059514083347952,0.5442354481078701,55.42635558905562,366.9241904871073,-291.82428728074143
357.90584448288524,137935.88537832475,0.5568071693943376,21,12,3.102904072087041,41.74321873950022,113615.4157800733,0.0,0.9544535708852075,0.9981476263832914,7.272304571447995,-7.485883183600105,0.0455464291147924,0.0056616726402907,0.9544535708852075,58.25678126049971,-317.7369700268567,4.587762367345516,357.60473996313067,113615.41578007328,0.0018523736167085,113615.41578007328,3.8450700452390087,0.0049592304233543,0.9981476263832914,41.74321873950021,387.8384930101493,-245.16373959879456
347.9244448050523,146362.54796193627,0.4949848628429841,15,11,1.669109991224155,44.11782639845727,119683.67702995504,0.0,0.8294771147791479,0.9287022409197132,4.632018984997461,-5.036072763693348,0.170522885220852,0.0055898961998146,0.8294771147791479,55.882173601543045,-306.9681290056244,4.49872143701336,362.21512794345927,119683.67702995504,0.0712977590802869,119683.67702995504,4.02082659025616,0.0051767363053204,0.9287022409197132,44.11782639845694,386.5891546698588,-248.5696399305323
330.0156771583481,115959.16755483004,0.4214389785146434,19,7,3.336366923023644,43.45200213631723,106922.03081051588,0.0,0.7451813076952061,0.9998760274418876,7.763173217569984,-8.414779708769942,0.2548186923047938,0.0057270684534384,0.7451813076952061,56.547997863682816,-308.77965901307,4.619184125857248,360.366522908124,106922.03081051588,0.0001239725581124,106922.03081051588,4.003523697978379,0.0051485971064576,0.9998760274418876,43.452002136317226,385.7307452608122,-249.2720536759849
334.41387196692705,123050.05488192607,0.4436845323197979,23,11,1.7317793058944404,40.60158376951651,116920.86847963152,0.0,0.7466496255841095,0.9995407077392218,5.112436244835437,-5.735837978757267,0.2533503744158904,0.0060392174345666,0.7466496255841095,59.39841623048337,-303.2453777925438,4.850800281299043,363.4136134466344,116920.86847963152,0.000459292260778,116920.86847963152,3.740704616281784,0.0048320601935822,0.9995407077392218,40.6015837695165,388.9473835290838,-242.96289721837545
328.34390589020745,137256.24882403848,0.5582181763052154,22,8,2.269495626889693,47.8488509009274,104135.98657168954,0.0,0.9964954469986828,0.9194665091219424,5.165005514642836,-5.757739458240426,0.0035045530013172,0.0050033239903279,0.9964954469986828,52.151149099062586,-325.402742949574,4.0761858045278165,353.7870350391645,104135.98657168954,0.0805334908780576,104135.98657168954,4.354667446514083,0.0055647033598711,0.9194665091219424,47.84885090093736,381.160668656088,-259.25892953776287
337.68324978277934,117478.35272145396,0.6853818006159704,24,8,2.374300501243168,55.822644082344375,108568.29274147944,0.0,0.998125660850141,0.562119854881504,4.5045168424495445,-4.88237076348306,0.0018743391498588,0.0042448569966394,0.998125660850141,44.17735591765561,-323.02001313058224,3.451936005672256,355.1440679708113,108568.29274147944,0.4378801451184959,108568.29274147944,4.8005500432575445,0.0060324818465497,0.562119854881504,55.822644082344354,369.4534904470223,-286.8256338915893
325.3529696731534,119558.18436250808,0.4504143559052723,21,12,1.5111272177443391,43.28578671517061,119558.18436250808,0.0,0.7905064027803133,0.995183479935482,4.451476768249084,-5.219759379705917,0.2094935972196868,0.0057195469247342,0.7905064027803133,56.7142132848295,-304.6023244090124,4.596705180418311,363.111600183778,119558.18436250808,0.0048165200645179,119558.18436250808,3.985360069541948,0.0051524804377361,0.995183479935482,43.28578671517055,389.5594943508128,-241.8153335000437
349.2878490989567,129406.57480503952,0.4567166883128931,24,8,3.05583173679164,54.87461929570591,114720.10036135276,0.0,0.996695793461051,0.9873276258875768,5.51664147305966,-5.926281938991168,0.0033042065389488,0.0043482722917758,0.996695793461051,45.125380704292894,-319.6149642672822,3.526917932268893,357.032233748771,114720.10036135276,0.0126723741124231,114720.10036135276,5.046307294418827,0.0065071315939001,0.9873276258875768,54.87461929570702,387.6856425435621,-245.61122618640496
333.8975564801679,128185.38191282105,0.6263198835081509,24,11,1.505836882231198,46.27529828852976,115106.8120374902,0.0,0.99656434674961,0.8035265806667142,4.057302389488365,-4.57197734389492,0.0034356532503899,0.0051778547001213,0.99656434674961,53.72470171145885,-319.4026378507641,4.199124324345528,357.1491715037289,115106.8120374902,0.1964734193332858,115106.8120374902,4.136205454172812,0.0052761483266716,0.8035265806667142,46.27529828854113,379.9930217795933,-263.1583463706324
350.96149389583894,118360.12624313288,0.3157322931600903,18,14,1.728711816476565,58.319007711347545,108397.24644762736,0.0,0.6798811252847867,0.9445273590417408,3.6319658570618585,-4.028666206682746,0.3201188747152132,0.0042821361987789,0.6798811252847867,41.680992288652654,-303.745338629005,3.4429340005466127,362.4902049937931,108397.24644762736,0.0554726409582592,108397.24644762736,5.328044256861741,0.0068324471636502,0.9445273590417408,58.31900771134729,383.6942971742709,-253.9996145958117
321.59853612892744,149378.08905502383,0.4104015076908381,22,10,1.611004323308947,40.989712288418,108846.72549506776,0.0,0.695209089751231,0.999617895264874,4.908802010055688,-5.6932468867204,0.3047909102487688,0.0060442591336096,0.695209089751231,59.010287711582045,-304.4779700850932,4.861681584763768,362.23712253826073,108846.72549506776,0.0003821047351259,108846.72549506776,3.776508046860109,0.0048608533464648,0.999617895264874,40.989712288418,386.35885057109846,-248.04642416190345
320.13744994286577,145575.82174431262,0.366172651166618,18,8,3.2554867989827025,54.64554088937872,104105.59612278485,0.0,0.8061701749289235,0.9990145054698054,6.060210657052076,-6.883829032842776,0.1938298250710764,0.0045295153154284,0.8061701749289235,45.35445911062121,-314.2015041611813,3.6660286635302777,357.9875875090375,104105.59612278485,0.0009854945301946,104105.59612278485,5.034198971756991,0.006465226477187,0.9990145054698054,54.645540889378715,384.73687810063274,-251.22487104898755
346.3433827714087,112430.14021214371,0.6663497529944522,18,12,3.150854655421999,50.79249921859052,112430.14021214371,0.0,0.9999077761323356,0.6567994705467141,6.158739965300984,-6.447574924341969,9.222386766438452e-05,0.0047339695092506,0.9999077761323356,49.207500781409614,-321.02285186424785,3.843752081990144,356.28250596862875,112430.14021214371,0.3432005294532857,112430.14021214371,4.435429439824416,0.0056082174615082,0.6567994705467141,50.79249921859047,373.7937895220492,-277.1828433528261
327.0407760777178,147650.06569832773,0.6269856596206045,17,9,2.455244731884825,47.49809150808069,112513.47480181654,0.0,0.998699281217434,0.7838871549840922,5.471096501977623,-6.067106133864075,0.0013007187825659,0.0050523769340356,0.998699281217434,52.501908491919195,-320.9081821625018,4.101978554711288,356.33286089317806,112513.47480181654,0.2161128450159077,112513.47480181654,4.232417366950937,0.005386975955722,0.7838871549840922,47.49809150808082,378.41262702418607,-266.4808409450486
354.87030797871193,121465.18894133724,0.3699662878920964,18,10,1.887602472200118,48.830797428788735,111604.20000444356,0.0,0.717235486385069,0.9939329089281544,4.686821586940248,-5.016463465313263,0.2827645136149308,0.0052231564775477,0.717235486385069,51.16920257121125,-304.3176703972008,4.19986897596368,362.53865116791445,111604.20000444356,0.0060670910718453,111604.20000444356,4.4950374806278655,0.0057907546300277,0.9939329089281544,48.83079742878868,386.994697934058,-246.87743810492407
357.9530640892359,138822.45266312716,0.6253251149518025,23,10,2.54850770054109,47.72730145017909,108073.70964508792,0.0,0.9993503332177472,0.78432108104872,5.604931062992454,-5.732480871795835,0.0006496667822529,0.0050203606139812,0.9993503332177472,52.2726985498075,-323.3631123865601,4.083593006184963,354.9655698049208,108073.70964508792,0.21567891895128,108073.70964508792,4.253132093401868,0.0054027875798825,0.78432108104872,47.72730145019264,376.9867310237902,-269.2035795518973
333.71686919511484,116800.66880278608,0.4058650076297731,23,12,3.0753428303357246,56.94157906417692,116800.66880278608,0.0,0.9406803203486253,0.998554807142462,5.346079425375339,-6.026550194815923,0.0593196796513745,0.0042022780328255,0.9406803203486253,43.058420935823065,-315.2272942320899,3.3991993675886256,358.84676646075314,116800.66880278608,0.0014451928575378,116800.66880278608,5.2453534266744155,0.0067749010856267,0.998554807142462,56.94157906417693,388.86361548386833,-243.1413206101647
336.1734224115056,136477.22913407307,0.4925641616464382,22,11,2.1376430495323118,51.69969846736862,114858.79888143796,0.0,0.9975959677458724,0.9792604184050095,4.566837342295302,-5.15039834024548,0.0024040322541277,0.0046535763669388,0.9975959677458724,48.30030153261151,-319.59379832661665,3.7744541295365512,357.0542604609378,114858.79888143796,0.0207395815949903,114858.79888143796,4.748489316052616,0.0061202867655883,0.9792604184050095,51.69969846738846,387.3570536040142,-246.3664887832091
359.5749161535757,108790.1974432572,0.3905882923500409,19,14,1.8978058835131693,50.87865153549587,108790.1974432572,0.0,0.7602005469296031,0.9662578858803088,4.492270487978924,-4.7211065807703525,0.2397994530703969,0.0049632759450194,0.7602005469296031,49.121348464504315,-308.64579550661887,4.002181937641431,360.58965083067613,108790.1974432572,0.0337421141196913,108790.1974432572,4.663798878799168,0.0059898820773258,0.9662578858803088,50.87865153549561,384.80044890615056,-251.54645046087197
326.8514822229266,111415.31476467715,0.4772611565634548,23,10,2.828655328355937,49.23321734361511,111415.31476467715,0.0,0.939829196028794,0.9997154131258646,5.937056479826657,-6.644888415385839,0.0601708039712058,0.0049445974832498,0.939829196028794,50.76678265638508,-318.06906608598246,4.008333521846262,357.2583427030508,111415.31476467715,0.0002845868741352,111415.31476467715,4.5360748215496045,0.0058453314509314,0.9997154131258646,49.23321734361512,387.20404727911057,-246.3882997373512
352.43747468674974,102776.28468258724,0.66233196570853,22,10,1.8376724097821675,54.71818066584823,102588.26435672064,0.0,0.9983608286415028,0.6157474235773099,3.8936720337504576,-4.043318524719681,0.0016391713584971,0.0043396525841834,0.9983608286415028,45.28181933415182,-326.391147057933,3.5380873456303017,353.2516137495422,102588.26435672064,0.3842525764226901,102588.26435672064,4.746729761680935,0.0059636704038738,0.6157474235773099,54.71818066584815,369.18726243745755,-286.48271448341086
338.5826733857276,111853.78664711816,0.3152976468149602,19,9,1.2851845948951854,59.30671611737007,110482.47853984068,0.0,0.7496835290302309,0.982756084310703,2.937138058287891,-3.5487380362006533,0.250316470969769,0.0041237326495451,0.7496835290302309,40.693283882629714,-307.0196394196,3.321504919743034,361.37820373735207,110482.47853984068,0.0172439156892969,110482.47853984068,5.450082998273141,0.0070124854921897,0.982756084310703,59.30671611737026,386.11137149225607,-248.75993758250297
354.0772577456489,135167.53734946746,0.3701971206313771,20,11,2.474858201202609,59.60182286375152,111137.26637451952,0.0,0.9033622453697732,0.9911827519488507,4.3187985328768095,-4.67670561189683,0.0966377546302267,0.0039647223851323,0.9033622453697732,40.39817713624864,-316.06434657677266,3.2103356036436854,357.97589576046107,111137.26637451952,0.0088172480511491,111137.26637451952,5.48424707332862,0.0070623676964843,0.9911827519488507,59.60182286375129,386.7150940052692,-247.46296082466137
331.49828289194795,134473.74736671662,0.5773691955454877,19,8,3.109550348156588,45.0766923865415,113303.1109777932,0.0,0.998480008790371,0.9357296480178856,6.805121636201605,-7.390685079096861,0.001519991209629,0.0052873462499455,0.998480008790371,54.92330761345212,-320.47251024473,4.291331597611123,356.5738022799272,113303.1109777932,0.0642703519821144,113303.1109777932,4.112659303934245,0.0052826261778487,0.9357296480178856,45.07669238654795,384.90148048536594,-251.7700449108744
349.33882823619774,143714.52319118514,0.3403362825109471,18,14,3.17931792518994,57.767691535658265,106536.75069690506,0.0,0.7631636993646566,0.9687807588844775,5.573622955505384,-5.98118816814056,0.2368363006353433,0.0042604174635621,0.7631636993646566,42.23230846434212,-310.13018804946944,3.439139290454223,359.802062001552,106536.75069690506,0.0312192411155225,106536.75069690506,5.297327959855239,0.0067976160380938,0.9687807588844775,57.76769153565783,384.16442570382503,-252.75159974777276
326.0353356800262,125238.62768087296,0.6948269582760892,16,9,2.2664805122203253,50.10101136758824,102917.8864699234,0.0,0.9989675983030682,0.6080872928557491,4.937634985358037,-5.4489809714181625,0.0010324016969316,0.0047822160013786,0.9989675983030682,49.898988632411786,-326.2371310020335,3.8984244072294554,353.3453207444661,102917.8864699234,0.3919127071442508,102917.8864699234,4.340813306301964,0.0054525422317436,0.6080872928557491,50.10101136758821,369.0493484721216,-286.85942320535145
344.2220229963484,113356.29077707016,0.4337423994604419,20,12,2.351002403111624,56.93843078408194,113356.29077707016,0.0,0.9820215969126108,0.9809118557695022,4.365858906365547,-4.855772620307,0.0179784030873892,0.0041600673679912,0.9820215969126108,43.06156921591912,-319.48812269344126,3.374477485627589,356.937100152348,113356.29077707016,0.0190881442304977,113356.29077707016,5.230972834087621,0.006738406581052,0.9809118557695022,56.93843078408087,386.9549481699536,-247.1327070535753
323.5698790924561,141660.60530963662,0.3454741382744888,16,12,1.8113105583524187,43.3550149386199,111711.16566332243,0.0,0.5877149978732633,0.9710228089103972,5.13664736275354,-5.939408665466955,0.4122850021267366,0.0059409859657457,0.5877149978732633,56.64498506138016,-295.67015764014343,4.752219278538261,366.0171162666481,111711.16566332243,0.0289771910896027,111711.16566332243,3.97704131214378,0.0051161346535146,0.9710228089103972,43.355014938619846,385.972327442184,-249.19222665462112
324.0244010714213,116598.45945973996,0.6935448367025171,18,11,2.4692301205392138,56.56671669242655,116598.45945973996,0.0,0.999677815086724,0.5415114147014595,4.535054581972676,-5.134709702900342,0.0003221849132758,0.0041857271721609,0.999677815086724,43.43328330757359,-318.7988763914032,3.3928499581649367,357.52107797691144,116598.45945973996,0.4584885852985404,116598.45945973996,4.848186134730756,0.006107670982734,0.5415114147014595,56.566716692426525,371.3372428196717,-283.6243697662002
340.961403877433,117268.35268150269,0.3856161714448904,15,8,1.6311090610681735,53.01086569693111,117268.35268150269,0.0,0.7954128218613452,0.9776299214118982,3.86525650720749,-4.4338921635991335,0.2045871781386548,0.0047295380915653,0.7954128218613452,46.9891343030692,-306.13877024791253,3.8052506015082934,362.320542182636,117268.35268150269,0.0223700785881018,117268.35268150269,4.86770440506898,0.0062798772044931,0.9776299214118982,53.01086569693081,388.03867067973226,-245.05003538874288
320.51186040951575,141975.32390405872,0.6647544666305306,24,10,1.4403453569250022,56.41794910496987,114964.08233435372,0.0,0.9956128784072584,0.5908288782066536,3.206171422167458,-3.864174758677872,0.0043871215927417,0.0042009394566395,0.9956128784072584,43.58205089503024,-319.42282223032043,3.4069560669775107,357.12712021262314,114964.08233435372,0.4091711217933462,114964.08233435372,4.874463097612981,0.0061505275738816,0.5908288782066536,56.41794910496983,372.39719251284055,-280.84560834915794
344.3793058535812,128806.22547308497,0.3779833651902006,18,8,1.5551334673938424,56.328564791193806,104736.25106235137,0.0,0.8486902787383713,0.9869548602653346,3.477577403693449,-3.9403499037141376,0.1513097212616287,0.0043238441828195,0.8486902787383713,43.67143520880701,-316.40871762568923,3.503942641638646,357.2032258716043,104736.25106235137,0.0130451397346653,104736.25106235137,5.179718589327015,0.0066488735153385,0.9869548602653346,56.32856479119301,384.39000990108246,-252.06456430688303
327.11106014373166,109709.30813332536,0.6229786158975732,20,11,1.741044308833229,52.65108941623067,109709.30813332536,0.0,0.99835592276034,0.7145966695312274,3.919573886086471,-4.4957378740645595,0.0016440772396598,0.0045515493855538,0.99835592276034,47.348910583769445,-322.40738700169,3.699602431326323,355.4900438177571,109709.30813332536,0.2854033304687724,109709.30813332536,4.6404140062774,0.0058774323763334,0.7145966695312274,52.65108941623052,374.9425180230685,-274.1287676160192
341.5621215551687,121928.82626814542,0.6277067943725743,16,12,3.487712385398061,59.38435751156339,110739.2433893477,0.0,0.9998924097693902,0.6268477470544735,5.500214955935434,-5.865160442971537,0.0001075902306098,0.003904688813836,0.9998924097693902,40.61564248843669,-321.9349918665762,3.1726238615969664,355.77206729086606,110739.2433893477,0.3731522529455264,110739.2433893477,5.160760553915193,0.006511042888019,0.6268477470544735,59.384357511563294,372.2451768809916,-280.56945647372675
358.132536274249,125210.55204279852,0.6699644964965122,24,10,3.313295276119984,41.782308633834205,113056.5955367004,0.0,0.9997634610225352,0.7895633505145314,7.56966705490728,-7.6986512246812175,0.0002365389774646,0.0056023953369035,0.9997634610225352,58.21769136616541,-320.6786627684628,4.547684149872226,356.473226144266,113056.5955367004,0.2104366494854685,113056.5955367004,3.726427119436472,0.0047455525060447,0.7895633505145314,41.782308633834575,378.8036235095832,-265.64789281063133
334.9896378952316,145296.1601597167,0.6020111295705384,15,10,1.5203092743862072,41.81313722411149,102738.96673391487,0.0,0.9698670939270588,0.9098946000708894,4.470392628349825,-4.932057396997573,0.030132906072941,0.005610614549186,0.9698670939270588,58.186862775889914,-324.67491883960383,4.569676286333346,353.89574229842907,102738.96673391487,0.0901053999291105,102738.96673391487,3.799750384674367,0.0048496081116679,0.9098946000708894,41.813137224110086,380.2678596859337,-261.11572989942687
353.8326584611774,140439.12100989127,0.3620941888895537,22,12,1.2842380842284151,50.03566416311836,102119.21395626228,0.0,0.7192156016758615,0.9945181295724514,3.635413535826943,-3.9351009024491175,0.2807843983241384,0.005077095856873,0.7192156016758615,49.9643358368818,-309.98376479219417,4.099588126842406,359.4476066580751,102119.21395626228,0.0054818704275485,102119.21395626228,4.606360200263951,0.0059084962010769,0.9945181295724514,50.035664163118234,383.8417127946255,-253.0301154153324
331.0587597463105,112044.36873715516,0.3346142716732929,19,9,1.2183350318915758,49.03155251416023,112044.36873715516,0.0,0.6530276500243893,0.9963774004461936,3.6173183815545062,-4.329934441598992,0.3469723499756106,0.005273964475689,0.6530276500243893,50.96844748583986,-299.87989004954346,4.229294437675858,364.3414959269485,112044.36873715516,0.0036225995538062,112044.36873715516,4.51519884263315,0.0058187992705784,0.9963774004461936,49.031552514160175,387.2512121712492,-246.34102918208248
354.56682431321906,129423.71128125377,0.5170682460732321,22,10,1.3636627427875334,55.95671225398144,112369.01875847444,0.0,0.9703886074305228,0.8397382622463224,3.1588191659337577,-3.4156951150169115,0.0296113925694771,0.0042637110846814,0.9703886074305228,44.04328774601477,-319.3411196179535,3.458595486887824,356.88851869560625,112369.01875847444,0.1602617377536775,112369.01875847444,5.029977084143345,0.0064215935352677,0.8397382622463224,55.95671225398528,380.55746637535367,-261.54809406567693
352.7841511593695,111746.40417625075,0.3134578528413885,18,13,1.3435959611583497,43.80650672834919,111746.40417625075,0.0,0.5416975122747109,0.979320200570254,4.269608043318376,-4.649078027668397,0.4583024877252891,0.0059505938207938,0.5416975122747109,56.193493271650894,-292.45430853680114,4.750612592817728,367.3367418521768,111746.40417625075,0.0206797994297458,111746.40417625075,4.02355592877362,0.0051788017135495,0.979320200570254,43.80650672834908,386.36380924872026,-248.31267643039936
354.3784513674016,111171.84364531658,0.5541116467602045,24,8,2.791208760245022,54.21601835952094,105696.26949937732,0.0,0.9976243201603328,0.8204229780739029,5.2527784678065,-5.460206764079349,0.0023756798396671,0.0043943546124581,0.9976243201603328,45.7839816404925,-324.58733494475416,3.5777966937586747,354.2584767668607,105696.26949937732,0.1795770219260971,105696.26949937732,4.8588166179083006,0.0061777612141912,0.8204229780739029,54.21601835950747,377.59498017892633,-267.5173581997
350.12893288472407,138671.9094054436,0.5191664367965151,19,9,1.613954781046564,46.14898075841632,111221.0161188407,0.0,0.9550733019792732,0.9894911456402145,4.2869296110423045,-4.626406629004054,0.0449266980207266,0.0052276606458498,0.9550733019792732,53.85101924158558,-319.0692890464169,4.240337408025777,356.86944913997337,111221.01611884068,0.0105088543597857,111221.01611884068,4.245292116903639,0.005466502790976,0.9894911456402145,46.148980758414446,386.66365171281967,-247.5867711460662
344.7622152169475,113591.65147381365,0.6086996387458504,19,8,2.7650107442073715,45.491641439793,113591.65147381365,0.0,0.9981839889631035,0.8579828537580083,6.187072041874863,-6.554523635587272,0.0018160110368965,0.0052483474696185,0.9981839889631035,54.50835856018729,-320.3013006439758,4.259136643531548,356.66605906611073,113591.65147381365,0.1420171462419916,113591.65147381365,4.100908329884831,0.0052437829517537,0.8579828537580083,45.491641439812646,381.6891992610233,-259.1017675854744
320.1116962406535,131651.50770057374,0.670026941152598,21,9,1.9315654544809344,40.58500916099949,114992.73656515052,0.0,0.9980127721344296,0.8101324956927669,5.247982205177355,-5.929334731463242,0.0019872278655704,0.0057242422561091,0.9980127721344296,59.41499083900322,-319.54713909101423,4.6426703932849005,357.0850211993354,114992.73656515052,0.189867504307233,114992.73656515052,3.6313532874649534,0.0046336255584923,0.8101324956927669,40.585009160997,380.2153317990074,-262.634343168411
358.33738166554184,114556.34722494666,0.3718476813433284,17,10,3.0997597211916226,44.03248285597367,114556.34722494666,0.0,0.6618494872433472,0.9967593103767745,7.324066024538991,-7.607324656841816,0.3381505127566527,0.0057866755603493,0.6618494872433472,55.967517144026246,-299.0415831753111,4.637185196603449,364.880377642736,114556.34722494666,0.0032406896232254,114556.34722494666,4.055082306531184,0.0052317942587959,0.9967593103767745,44.03248285597365,388.0729722687092,-244.7216971344571
341.6643065802467,120377.82586452876,0.5965427922924869,17,11,1.6770803102812557,47.88661068750088,116433.7491313704,0.0,0.995755208903608,0.8379066662628732,4.2027976404228555,-4.632526899907332,0.0042447910963918,0.0050261056161173,0.995755208903608,52.11338931249568,-318.6567598103829,4.073775556134654,357.5557243451744,116433.7491313704,0.1620933337371266,116433.7491313704,4.303321327371159,0.0055030705326538,0.8379066662628732,47.88661068750432,381.77010419948704,-259.2325718649859
339.91201468685153,145944.09125947463,0.4913086849835556,15,12,1.9050976907435853,46.04159752777961,107617.80426592867,0.0,0.8277042528093348,0.9029297518487092,4.896204326484666,-5.358441254099901,0.1722957471906651,0.0053726414520795,0.8277042528093348,53.958402472220726,-313.4842935036436,4.345192548361012,358.606722239694,107617.80426592867,0.0970702481512906,107617.80426592867,4.179511902868596,0.0053441385052174,0.9029297518487092,46.04159752777921,381.62365355563435,-258.5940527114301
337.00516424252737,137730.29920198876,0.4045661999547397,16,11,2.464553392451318,57.6122945023831,104458.84067144484,0.0,0.9004080480106011,0.9602447906562612,4.534705965712294,-5.09099427166766,0.0995919519893986,0.0041507745548027,0.9004080480106011,42.38770549761736,-319.6456364459939,3.3701945594314973,355.9498733325529,104458.84067144484,0.0397552093437387,104458.84067144484,5.276180019106199,0.0067603038378606,0.9602447906562612,57.612294502382646,383.07423637140846,-254.98885727936647
324.58129659122034,141883.31846952825,0.4882064600154122,24,13,2.3703330710429884,45.141994667685566,112907.17753055524,0.0,0.8892295619426767,0.9991297249684162,5.698622833844103,-6.43256904763517,0.1107704380573232,0.0054038796461066,0.8892295619426767,54.85800533231434,-314.25028986408785,4.370294347177484,358.83023272368024,112907.17753055524,0.0008702750315837,112907.17753055524,4.158761467823793,0.0053624780116423,0.9991297249684162,45.141994667685566,387.6578172482188,-245.50538269612812
356.1559482802879,127951.45804769856,0.5861615632147306,21,8,2.7725817977778027,52.698967047271495,112699.55660616224,0.0,0.9977900788586646,0.7833040083830995,5.382431206614627,-5.577737999707716,0.0022099211413352,0.0045531124773393,0.9977900788586646,47.30103295270155,-320.7556868983371,3.6962369390683465,356.40775345019387,112699.55660616224,0.2166959916169004,112699.55660616224,4.695421268834447,0.0059765810528401,0.7833040083830995,52.698967047298495,378.4498039093117,-266.4180910291988
320.0428826640366,129113.91923626488,0.3573202380293654,21,12,2.633351829556257,42.75987527230282,107139.9048684342,0.0,0.6235974524227303,0.9991293742989564,6.693942189317933,-7.521795895712879,0.3764025475772695,0.0059468743238823,0.6235974524227303,57.2401247276971,-300.7748484404896,4.773338957397986,363.5786824187567,107139.9048684342,0.0008706257010436,107139.9048684342,3.939305594847972,0.0050662728798376,0.9991293742989564,42.759875272302814,385.7686431354526,-249.20804589326568
343.242099743617,122095.88237505929,0.6755863747626091,22,8,2.845139172749932,53.55014865286063,109251.83378245003,0.0,0.9987355254582404,0.6047159285992422,5.394678831496416,-5.7043613225746,0.0012644745417595,0.0044639121937284,0.9987355254582404,46.449851347139294,-322.67962779205567,3.62910720336895,355.3418195811011,109251.83378245003,0.3952840714007576,109251.83378245003,4.637118487792898,0.0058404154528392,0.6047159285992422,53.55014865286064,371.0377362761323,-283.18571754958487
329.4617349014445,109479.3975477338,0.5137348225127412,22,7,2.3761581982697577,44.47362976446348,107342.1728193956,0.0,0.9251297862853074,0.9999014422232038,5.753633087363734,-6.378308551800132,0.0748702137146926,0.0054157545153249,0.9251297862853074,55.526370235536426,-319.46105721481126,4.3955792863490615,356.3212198568437,107342.1728193956,9.855777679613576e-05,107342.1728193956,4.09766894124,0.0052706972739538,0.9999014422232038,44.47362976446348,385.872463298969,-248.99454334410208
346.1154332597744,129130.83188734297,0.4407429962990579,18,12,2.944890817819334,59.43280904155189,105006.37124152336,0.0,0.9990108847795308,0.9403152172224408,4.8430543300945015,-5.2500087800513695,0.0009891152204691,0.0038913492812055,0.9990108847795308,40.56719095842802,-325.0545487793522,3.169340755098974,354.011565588413,105006.37124152336,0.0596847827775591,105006.37124152336,5.426290114455182,0.006945772960092,0.9403152172224408,59.43280904157192,382.37019460351496,-256.62901336221205
326.5744255050803,137763.01560430095,0.546952827937722,18,9,2.1457639326701416,53.85415523965148,111456.58117614283,0.0,0.9968216928917168,0.8385249260497227,4.381935038251937,-5.031105282251354,0.003178307108283,0.0044405635662589,0.9968216928917168,46.14584476033748,-321.36905501298736,3.6065940617542633,356.05383338911594,111456.58117614283,0.1614750739502772,111456.58117614283,4.840060631563438,0.0061762140310231,0.8385249260497227,53.8541552396625,380.2148661802264,-262.22587413925686
332.8261985797641,117185.76902626338,0.5513196351521263,15,12,2.7967686236626124,54.73259677435419,109220.60565498768,0.0,0.9987621764817848,0.8187443328005494,5.1912590780059835,-5.735384230850012,0.0012378235182151,0.004350195435642,0.9987621764817848,45.267403225638425,-322.69827943791734,3.5367061106840167,355.33166959714487,109220.60565498768,0.1812556671994504,109220.60565498768,4.903823441193136,0.006244383806505,0.8187443328005494,54.73259677436156,378.6996367716738,-265.42410906487623
355.78233406428035,117579.04984938588,0.3993380671862593,17,10,1.8080313506255796,46.734317374730736,112489.89041889634,0.0,0.7402332946456838,0.9891990510244444,4.726549029168025,-5.030259479927634,0.2597667053543161,0.0054130517000412,0.7402332946456838,53.265682625269456,-305.2880332137112,4.354761507639042,362.23363218669493,112489.89041889634,0.0108009489755555,112489.89041889634,4.29894635837955,0.0055386269009887,0.9891990510244444,46.73431737473066,387.0602760332412,-246.8131877276552
359.9384566705939,139259.26325250827,0.5712858291039848,18,11,2.3898337470757336,57.26113003526029,117606.65221105088,0.0,0.9991439499619132,0.7480612145091031,4.358963576739513,-4.522736096165305,0.0008560500380869,0.0041209304415385,0.9991439499619132,42.73886996473993,-318.24133912832883,3.3389249578622207,357.82552150242185,117606.65221105088,0.2519387854908969,117606.65221105088,5.073598832372621,0.0064594212278913,0.7480612145091031,57.261130035260166,378.6621801067314,-266.5303939737561
355.15195551720075,141322.4234548863,0.5211314655146031,19,8,2.5002354031331206,50.47387424639528,118991.08701077224,0.0,0.995406814866098,0.9442384103771394,5.216727271357439,-5.513978735391105,0.0045931851339021,0.0047817890351109,0.995406814866098,49.52612575360856,-317.30502945735645,3.87176761675352,358.30401094859025,118991.08701077224,0.0557615896228606,118991.08701077224,4.611105642959243,0.0059406740311226,0.9442384103771394,50.47387424639157,387.06264611789055,-247.42601231021672
324.78374066710666,117061.56644808412,0.3775086611292597,20,9,2.733825024954553,57.57139112316933,115768.14241615238,0.0,0.88741442151806,0.9982785423672316,4.878132079604715,-5.697081452767103,0.1125855784819397,0.0041859980543901,0.88741442151806,42.42860887683064,-312.59353902254566,3.381179617081251,359.7274372404863,115768.14241615238,0.0017214576327684,115768.14241615238,5.303147461807827,0.0068463426752948,0.9982785423672316,57.57139112316931,388.52694724449344,-243.8079910796785
340.3859110410384,125812.88269901816,0.6630166289914072,23,10,2.4891883964166244,47.034385692532425,109601.7671513748,0.0,0.99944372478931,0.7158353010645736,5.580207763155419,-5.948339656224398,0.0005562752106898,0.0050900651515734,0.99944372478931,52.96561430746771,-322.52883840507985,4.137654862135599,355.4343759942417,109601.7671513748,0.2841646989354264,109601.7671513748,4.146201896059934,0.0052515587300586,0.7158353010645736,47.034385692532176,374.95200943884606,-274.09218760548646
331.1039274814239,146197.75550347395,0.6496535017976175,16,13,2.848661052549009,47.21510779514243,111380.28812623084,0.0,0.9997530975162104,0.7417459947607313,6.128662717607296,-6.6459131505157005,0.0002469024837895,0.0050761055481723,0.9997530975162104,52.78489220485305,-321.57966717161344,4.123307858956667,355.9693393094447,111380.28812623084,0.2582540052392686,111380.28812623084,4.179292809865376,0.0053047646960062,0.7417459947607313,47.21510779514679,376.4688165599379,-270.8187803961145
340.8798416509303,117806.41798230357,0.4394597555285626,15,13,2.9080167159819874,56.969968054392496,104354.46136598971,0.0,0.859832289464536,0.87805215788952,5.2314602958428855,-5.691762492052818,0.1401677105354639,0.0042496588858003,0.859832289464536,43.03003194560712,-317.2976108468104,3.445755240885364,356.8259905906577,104354.46136598971,0.1219478421104799,104354.46136598971,5.151675577884656,0.0065676280626954,0.87805215788952,56.96996805439294,379.47582738581673,-263.0873016577372
347.2034928053986,130434.38530450947,0.6909872595442114,18,8,3.266202107613859,54.31130278520403,112632.07528794918,0.0,0.9990951749847744,0.5682046312067659,5.877733040423445,-6.136566559292147,0.0009048250152255,0.0043965694289766,0.9990951749847744,45.68869721479591,-320.86743442463046,3.569408069754669,356.36013674945343,112632.07528794918,0.4317953687932341,112632.07528794918,4.675215431760304,0.0058870354439945,0.5682046312067659,54.31130278520403,370.9437846353487,-283.9368845684364
349.72459634310667,139217.11251634342,0.3324873386754284,20,13,1.4602567667021134,52.16811754023351,102251.80579868855,0.0,0.6786180487425645,0.9848728464391286,3.7695627011886623,-4.146906972522704,0.3213819512574353,0.0049020751826993,0.6786180487425645,47.83188245976658,-307.3132800387703,3.9518573511932407,360.523486080717,102251.80579868855,0.0151271535608714,102251.80579868855,4.795619290827613,0.0061478109056695,0.9848728464391286,52.16811754023337,383.43965475239776,-253.94300255300652
359.3404675222551,123637.6345940042,0.3551982228268591,24,14,1.3047265873892313,42.350367337299446,105383.02691742264,0.0,0.6148140061936735,0.99820495843325,4.284714822900955,-4.508653134614974,0.3851859938063263,0.0059957679477572,0.6148140061936735,57.64963266270046,-301.23529297547145,4.814590970351773,363.2463152133675,105383.02691742264,0.0017950415667499,105383.02691742264,3.901030045616116,0.0050126679628603,0.99820495843325,42.35036733729944,385.1338757658304,-250.46097026707355
356.3981723886097,119732.74948704222,0.3986739977512716,16,8,1.91410928975806,42.6246116006673,110856.7801940083,0.0,0.6919805192534348,0.996134892213606,5.324271766296455,-5.605463976100123,0.3080194807465652,0.0058858209804733,0.6919805192534348,57.37538839933282,-303.11288631858343,4.729585399466006,362.95190354400313,110856.7801940083,0.003865107786394,110856.7801940083,3.9250539295221976,0.0050554996772324,0.996134892213606,42.62461160066728,386.8548551062121,-247.1217526218522
336.93310524784494,141430.94163058006,0.4836626748209237,16,9,1.4843872252573214,58.20043594698798,114285.9321396632,0.0,0.9636488877949396,0.8610635136915766,3.1526617743708427,-3.70332662755686,0.0363511122050604,0.0040554717614719,0.9636488877949396,41.799564053013434,-317.91734574804894,3.2863537108394256,357.60655850072504,114285.9321396632,0.1389364863084233,114285.9321396632,5.249075485358929,0.0067151686571558,0.8610635136915766,58.200435946986566,382.036167652876,-258.3865618646686
355.26466394830857,108927.3843134839,0.5559991015689543,17,8,1.869697572596116,57.625484176070046,108927.3843134839,0.0,0.9911509226677188,0.7639868906115497,3.6794762350471033,-3.880857762050349,0.0088490773322811,0.004078283322224,0.9911509226677188,42.37451582393017,-322.42073784605014,3.315211025855537,355.40077734527534,108927.3843134839,0.2360131093884501,108927.3843134839,5.118754830336852,0.0064977861667809,0.7639868906115497,57.62548417606981,376.49833088863926,-270.4338995800463
334.14357600098043,110568.4477097543,0.3834848425472971,24,13,3.450565084558193,45.87144192087915,106622.55552868108,0.0,0.7082820553172136,0.9997776854909016,7.668990388603779,-8.279573368768412,0.2917179446827863,0.0055237910148,0.7082820553172136,54.12855807912117,-306.6132579120422,4.449564935392605,361.19421096374094,106622.55552868108,0.0002223145090985,106622.55552868108,4.226379598844879,0.0054344077633044,0.9997776854909016,45.871441920879136,385.6256978445063,-249.47877186954008
330.1609431117411,138083.6925774714,0.5926017804265428,20,13,2.126133596323167,46.59016043698538,104408.19443114812,0.0,0.999668333518061,0.8740495272350338,5.053588939583944,-5.596210177167694,0.0003316664819388,0.0051212289164031,0.999668333518061,53.40983956300849,-325.42981451076787,4.172189312943634,353.80792468141993,104408.19443114812,0.125950472764966,104408.19443114812,4.210435466325063,0.0053665652707743,0.8740495272350338,46.59016043699166,379.3277876617138,-263.42851974595845
324.4778624583316,115634.4216523087,0.6284690681816819,22,7,3.310796562938777,49.36230937076776,115634.4216523087,0.0,0.997968316012098,0.750576986143605,6.57516895599089,-7.217115660893129,0.0020316839879019,0.0048799151941015,0.997968316012098,50.63769062923618,-319.20580721413336,3.9568462409671863,357.27486121485686,115634.42165230868,0.249423013856395,115634.42165230868,4.375468964326156,0.0055666497405303,0.750576986143605,49.36230937076371,378.1436213909782,-267.48682314134925
328.75546421586705,139572.5790650151,0.3471465037174468,22,10,3.297805641862668,44.74919493202013,106154.83480053516,0.0,0.628233616994939,0.9999053108773882,7.642095723905804,-8.345763867875394,0.3717663830050609,0.0057321719701239,0.628233616994939,55.25080506797968,-301.6690767645126,4.603853701778755,363.1348175546888,106154.83480053516,9.468912261178414e-05,106154.83480053516,4.123061130463416,0.0053004554597028,0.9999053108773882,44.74919493202013,385.474385605156,-249.77280148311368
334.1998060127522,125486.4252915948,0.664970893087475,22,8,2.825354465432608,48.09124388031911,101396.24659240292,0.0,0.9988547134667884,0.6954168283761107,6.019901231384451,-6.432215914382592,0.0011452865332116,0.0049716392219737,0.9988547134667884,51.90875611968199,-327.1047791109434,4.055522338996493,352.854815368604,101396.24659240292,0.3045831716238892,101396.24659240292,4.225593253076331,0.0053266326470076,0.6954168283761107,48.091243880318125,371.47800065778,-280.9687722460842
345.172824155136,108351.97834292776,0.629351875204711,22,7,1.2703036295043462,57.91969248133165,108351.97834292776,0.0,0.9775930753808516,0.6236552829186751,2.899839647831613,-3.19865391470047,0.0224069246191482,0.0040606660534849,0.9775930753808516,42.08030751866848,-321.9550826554366,3.300195783400833,355.50855544986666,108351.97834292776,0.3763447170813249,108351.97834292776,5.030881144676405,0.006339537202141,0.6236552829186751,57.91969248133158,371.3673652781968,-282.2715662466624
329.2321392318144,118949.05977517107,0.5409097045809051,25,14,3.3989120508334985,47.69596603566018,118949.05977517107,0.0,0.9999662032723728,0.9624977886470072,6.917133398767,-7.58863302514484,3.3796727626991536e-05,0.0050450136715145,0.9999662032723728,52.304033964324894,-317.59324638408293,4.085589127251849,358.19547630679347,118949.05977517107,0.0375022113529928,118949.05977517107,4.369542007430384,0.0056358278253113,0.9624977886470072,47.69596603567484,387.86913758750535,-245.59096905302837
337.97588845749567,118542.5160750247,0.5567899839047261,22,8,2.2075624579654214,55.400195391291206,115987.24078479371,0.0,0.9951307900578122,0.7960953113252748,4.311032020210555,-4.807774215909933,0.0048692099421877,0.0043012551642209,0.9951307900578122,44.59980460871376,-318.85493298772013,3.4868188974343375,357.4382332405291,115987.24078479371,0.2039046886747252,115987.24078479371,4.946037620531838,0.0063089853044985,0.7960953113252748,55.40019539128617,379.9802993512593,-263.2910493890088
326.98442490194134,119118.96943482533,0.380968443576902,19,10,2.782562203298964,41.128696722179846,119118.96943482533,0.0,0.6464825980874815,0.9990864952005852,7.107594746648654,-7.8823240580670095,0.3535174019125184,0.0061179751265847,0.6464825980874815,58.87130327782012,-295.4857406237958,4.890467636658804,366.66123330067126,119118.96943482533,0.0009135047994146,119118.96943482533,3.789006547242054,0.0048989537654007,0.9990864952005852,41.128696722179846,389.60724974309954,-241.6679800874955
355.5805566140904,110815.59902641058,0.4874779534981066,16,8,1.7044153756048508,56.72934095019836,110815.59902641058,0.0,0.9741193547476276,0.8837108140829194,3.550570938066307,-3.8063941973816258,0.0258806452523722,0.0041829154659636,0.9741193547476276,43.27065904980432,-320.40102335860973,3.395658789878542,356.33868561806486,110815.59902641058,0.1162891859170805,110815.59902641058,5.1344188713457575,0.0065671126269137,0.8837108140829194,56.7293409501957,381.86234170242807,-258.40209841592343
332.4318020325369,148537.65500121145,0.5052116991759705,23,9,2.8537346585697323,51.0733973449798,111890.94123199538,0.0,0.9985099985507347,0.967351536061355,5.688382390491233,-6.3017414359387045,0.0014900014492654,0.004707303989679,0.9985099985507347,48.92660265501886,-321.2321592976315,3.822769506686348,356.14958149811224,111890.94123199538,0.032648463938645,111890.94123199538,4.682433756559181,0.0060226402286993,0.967351536061355,51.07339734498108,385.8632671372412,-249.4558086795544
348.5179244340386,103087.57800998846,0.5229046608896277,17,9,1.4174280510117572,42.10812434519495,103087.57800998846,0.0,0.8926436635286576,0.9854268000426204,4.330588279859158,-4.641829933943288,0.1073563364713421,0.0056749008360184,0.8926436635286576,57.8918756548054,-319.98062269398594,4.6092170224295534,355.67923294964214,103087.57800998846,0.0145731999573794,103087.57800998846,3.8711690488316535,0.0049648390379009,0.9854268000426204,42.108124345194646,383.75437130439354,-253.3232478866892
350.6958445577611,115008.33122284604,0.3136030335145852,24,12,1.4780085366831035,51.54765999440274,115008.33122284604,0.0,0.6457316870484201,0.9985820481820336,3.8396831667379856,-4.282094477412585,0.35426831295158,0.0050275085171937,0.6457316870484201,48.45234000559724,-297.71568793327754,4.025469653449084,365.44745239648375,115008.33122284604,0.0014179518179664,115008.33122284604,4.748495229164372,0.0061283705028592,0.9985820481820336,51.547659994402736,388.301494430138,-244.24750363799063
332.3838680305344,125604.12825506994,0.5372101595393096,22,8,2.3551220740079755,59.37100699448187,112767.1675061653,0.0,0.9955916852487098,0.7764712271286984,4.113454261072996,-4.682938502089905,0.00440831475129,0.0039128116676931,0.9955916852487098,40.628993005517,-320.5920886582218,3.1761176388691097,356.4742011693889,112767.16750616528,0.2235287728713015,112767.16750616528,5.284202695961644,0.0067237248398908,0.7764712271286984,59.37100699448304,378.21106555585976,-266.9757792922368
351.14278315247066,115091.48577671476,0.652360176212569,25,14,2.563565346504926,46.37566140917122,109763.56943257496,0.0,0.999947078535606,0.7495557679171737,5.7689737198259845,-5.990224006231056,5.2921464393957016e-05,0.0051531651278449,0.999947078535606,53.624338590829446,-322.469404714912,4.1887355618712405,355.47340463602933,109763.56943257496,0.2504442320828262,109763.56943257496,4.110068565722612,0.0052153082076334,0.7495557679171737,46.37566140917054,376.2339076930892,-271.15099489626886
347.28752411762974,140290.565434642,0.4702641377953613,18,13,1.4440904963277177,42.37941116109327,101563.3300361214,0.0,0.7874591317728552,0.9610057130353096,4.440784743473538,-4.776153108931176,0.2125408682271448,0.005770647073279,0.7874591317728552,57.6205888389069,-314.56187916894623,4.672630076354767,357.59694172000025,101563.3300361214,0.0389942869646902,101563.3300361214,3.881592698389327,0.0049668885598299,0.9610057130353096,42.37941116109315,382.10975932254365,-256.84979642197646
337.89990003674785,128758.11974741422,0.6431187740206037,25,10,2.3400380905102365,52.070588014083526,106724.80221556746,0.0,0.9992446424437692,0.6846843892906875,4.840473773173069,-5.23665000692745,0.0007553575562308,0.0046007038124747,0.9992446424437692,47.92941198591553,-324.10518398008566,3.7443623768072447,354.5478197107406,106724.80221556746,0.3153156107093124,106724.80221556746,4.567404286743785,0.0057684982220271,0.6846843892906875,52.070588014084414,372.9053281506911,-278.43833090529733
321.25162841213336,116211.75731641897,0.5837742058468818,23,13,3.241448343141464,43.564949100978254,103961.8106533077,0.0,0.999952559204838,0.9553529374069494,7.246027206058957,-7.927870966126752,4.7440795161914855e-05,0.0054099342268461,0.999952559204838,56.43505089900247,-325.6989073941796,4.408283219936429,353.6596940273667,103961.81065330768,0.0446470625930505,103961.81065330768,3.986723636264588,0.0051053836262418,0.9553529374069494,43.5649491009975,382.6841869551161,-255.813180322082
336.55405202537975,131538.82615215133,0.6443722705045687,17,7,2.360930162375551,58.19657465881001,112787.02821209934,0.0,0.9956795758096296,0.6079767516712854,4.239566694481328,-4.676242403168926,0.0043204241903704,0.0040258738677535,0.9956795758096296,41.80342534119016,-320.58652877362584,3.267875793504988,356.4783047846448,112787.02821209934,0.3920232483287146,112787.02821209934,5.042132641921353,0.0063613061960959,0.6079767516712854,58.196574658809936,372.27385997072054,-280.80903306149344
352.00585220822364,135902.04815428396,0.6125690522153162,18,7,2.9417480421674767,44.62509640904087,106791.66096826422,0.0,0.9973479635348516,0.8648998348620314,6.6023888411585,-6.828354612032013,0.0026520364651483,0.0053176846525109,0.9973479635348516,55.37490359094824,-323.9591711692092,4.327495501909706,354.60823344045184,106791.66096826422,0.1351001651379685,106791.66096826422,4.0271220038790085,0.0051358286836473,0.8648998348620314,44.62509640905173,379.75422910056704,-262.7372319027395
357.2135605494436,139398.07724404326,0.3296935789437287,20,13,2.590655041904274,51.94746907876915,107762.1420339352,0.0,0.6797782854143009,0.9941423360884152,5.511522652630075,-5.804766512610068,0.320221714585699,0.0049354727440162,0.6797782854143009,48.05253092123097,-304.1089753086334,3.969305253362704,362.29046113863586,107762.1420339352,0.0058576639115848,107762.1420339352,4.782090080889672,0.0061499230882084,0.9941423360884152,51.94746907876912,385.7429766561782,-249.32578802975152
359.17239805104833,113897.19768699848,0.4776137330788433,19,11,2.572419865566013,44.66737131607924,112850.17011860138,0.0,0.8596938882258675,0.995695949791118,6.125346944451227,-6.347211790670668,0.1403061117741324,0.0054845663291583,0.8596938882258675,55.33262868392077,-312.50100122266554,4.431028953950326,359.4846440390695,112850.17011860138,0.004304050208882,112850.17011860138,4.112884844823078,0.0053019993363614,0.995695949791118,44.667371316079205,387.4787637463184,-245.9036266869276
339.8019090166027,108321.56469108786,0.6729217549540367,20,13,3.4813653904901942,58.535215417162135,103890.81541154068,0.0,0.9999712609604112,0.5587513877487381,5.6252212158569295,-5.955527356284462,2.8739039588952163e-05,0.0039747281446225,0.9999712609604112,41.46478458283778,-325.7402610140522,3.23890733386848,353.636624149766,103890.81541154068,0.4412486122512618,103890.81541154068,5.031055910249439,0.0063079606277956,0.5587513877487381,58.53521541716213,367.80581910165824,-289.9538363146572
352.9242692132673,119168.16350310056,0.5435058687387376,21,8,3.2611966716904712,53.58960392547346,118559.6549435616,0.0,0.998121539043965,0.8502065638047425,5.948962851330183,-6.2515200611662,0.0018784609560349,0.0044776097349748,0.998121539043965,46.41039607451224,-317.6868690716572,3.62642427226596,358.12245878820835,118559.6549435616,0.1497934361952574,118559.6549435616,4.8250653293948345,0.0061802485005601,0.8502065638047425,53.5896039254878,382.9268981479081,-256.81569433206147
338.792426034131,136154.00639835626,0.4853270464339849,24,13,2.433605276593054,47.99489055403203,106238.4327545877,0.0,0.9321562211387924,0.998836994069714,5.475776963603809,-5.977250189308414,0.0678437788612075,0.0050623934790707,0.9321562211387924,52.005109445967975,-320.4946905617985,4.111703727708034,355.8208764367543,106238.4327545877,0.001163005930286,106238.4327545877,4.421390922667889,0.0056838008515996,0.998836994069714,47.994890554032025,385.4524273839255,-249.8301613093035
355.2109905003164,120054.28981887322,0.4361068659902697,23,12,1.372492728144362,55.25189310898253,105691.47074344035,0.0,0.9215747681902458,0.9570700616664009,3.2631471271748054,-3.532949941782564,0.0784252318097541,0.0043646977066559,0.9215747681902458,44.74810689101986,-320.18514114673246,3.544581609389545,355.87810965185884,105691.47074344035,0.0429299383335991,105691.47074344035,5.057552170067408,0.006482602151546,0.9570700616664009,55.25189310898016,383.3497723079835,-254.4969769032853
342.4144437189969,149473.6442106215,0.5420848182027052,21,13,2.9723863320788224,43.54494426468243,102234.99220650224,0.0,0.9574878993074964,0.9964760754303956,6.855395722978285,-7.251883678635539,0.0425121006925036,0.005456718684711,0.9574878993074964,56.45505573531743,-324.25328304276405,4.44347241959643,353.9944441736268,102234.99220650224,0.0035239245696044,102234.99220650224,4.010010431388137,0.0051445060014791,0.9964760754303956,43.54494426468248,383.9734065716126,-252.7472446431012
330.69349829384515,134920.39940151293,0.5223161287859156,24,8,1.2115431662984504,41.54430456553592,110136.812576501,0.0,0.8933127244393764,0.9997016117813208,3.986600710553088,-4.597942108454337,0.1066872755606234,0.0057466927119309,0.8933127244393764,58.45569543446409,-316.0185731936392,4.653558461255855,357.8932184056043,110136.812576501,0.0002983882186791,110136.812576501,3.8276531198573696,0.004929594524689,0.9997016117813208,41.544304565535896,386.78691905561936,-247.20657632753503
339.6604581375343,111576.70686333884,0.3590570162164327,22,9,2.3881461424530053,44.28231977357308,110572.89078643352,0.0,0.6443328272660857,0.9998877386580524,6.050565135077129,-6.608794272360275,0.3556671727339142,0.0057722598609071,0.6443328272660857,55.71768022642696,-300.1481088196359,4.630174752876898,364.11372995309176,110572.89078643352,0.0001122613419474,110572.89078643352,4.0800336918139735,0.0052557308868559,0.9998877386580524,44.28231977357307,386.9381354794106,-246.90757468275996
350.7962622863182,119659.31823745772,0.5080566199167805,25,10,1.5814669243252468,51.77670797071327,119659.31823745772,0.0,0.9851610084300616,0.936304274343838,3.7533137607081057,-4.124746085998457,0.0148389915699382,0.0046673934139713,0.9851610084300616,48.22329202929412,-316.35962955703343,3.776847289005846,358.7134986528663,119659.31823745772,0.0636957256561618,119659.31823745772,4.7243655205582975,0.0060853240786008,0.936304274343838,51.77670797070582,386.91617034921575,-247.82324333474625
346.65843082543995,119672.1028371921,0.5027404389371714,16,7,1.5527813864145783,59.62350221299042,119672.1028371921,0.0,0.9645579437298044,0.8099982088807984,3.1210694439429965,-3.535729710721542,0.0354420562701956,0.0039251003438704,0.9645579437298044,40.37649778701006,-315.1393870471422,3.173954951375306,359.1596966491024,119672.1028371921,0.1900017911192014,119672.1028371921,5.334714647285525,0.0068207139800762,0.8099982088807984,59.623502212990005,381.659834919189,-259.8491146368284
325.39883466512833,107642.33503204044,0.6282612449553924,18,7,3.3272574221366,42.96931486042399,105276.09213873387,0.0,0.9982766703300814,0.8628388177260278,7.468687088544008,-8.060796379972421,0.0017233296699184,0.0054720726395657,0.9982766703300814,57.03068513957791,-324.86071049642885,4.4561503234544855,354.1122152774891,105276.09213873387,0.1371611822739721,105276.09213873387,3.8764563869576234,0.0049396527379952,0.8628388177260278,42.96931486042201,379.1597800695084,-263.910050946678
329.3666041783692,122292.13506357143,0.5242603172607383,20,9,1.7142105401907508,57.025980830184494,102750.2341405256,0.0,0.9919362760774412,0.8281740525977916,3.5390832367527127,-4.114831312881528,0.0080637239225585,0.004124395432028,0.9919362760774412,42.9740191698153,-325.93209463389536,3.3616403525688963,353.4372034637351,102750.2341405256,0.1718259474022082,102750.2341405256,5.116844195082473,0.0064997671542942,0.8281740525977916,57.025980830184714,376.8987382049983,-268.7378717389575
337.53427171888,115026.70788485136,0.6710248840365565,18,9,2.056007354360921,41.62209130494675,115026.70788485136,0.0,0.9982362305840116,0.7879120293631314,5.374919547475301,-5.812357980682537,0.0017637694159882,0.0056241358687145,0.9982362305840116,58.37790869505256,-319.54215568764494,4.561450113745382,357.09033901580386,115026.70788485136,0.2120879706368684,115026.70788485136,3.711173793436783,0.0047297552712692,0.7879120293631314,41.62209130494742,379.363691426568,-264.59643783104013
343.9962359010325,115210.76679568976,0.6672037995509297,21,10,3.4493724317598025,53.19920986181722,109280.2760132906,0.0,0.999774022159054,0.6253672599614175,6.288071779942362,-6.592651539446593,0.000225977840946,0.0044966982108859,0.999774022159054,46.80079013818269,-322.7238213443708,3.655844175542729,355.32886967674284,109280.2760132906,0.3746327400385824,109280.2760132906,4.622139410182954,0.0058273429313712,0.6253672599614175,53.199209861817195,371.7258116507989,-281.5706408682824
349.67562351012265,110148.34677756316,0.3405687773974947,16,12,3.4859038535590754,46.89945118852708,110148.34677756316,0.0,0.6262541962434164,0.9828902854212364,7.653596521892909,-8.064283622259465,0.3737458037565836,0.0055209298878182,0.6262541962434164,53.100548811472855,-299.18800102114994,4.426154782803378,364.4663108920567,110148.34677756316,0.0171097145787637,110148.34677756316,4.3099863564610175,0.0055447640281664,0.9828902854212364,46.899451188527046,386.0083642314708,-248.959655697602
323.37702967118975,129756.01758841689,0.6590508840659475,21,13,2.234135617680935,53.67594447669671,107837.2586642284,0.0,0.9998427277747196,0.635063368487315,4.527057093531507,-5.119124309189709,0.0001572722252804,0.0044481338684391,0.9998427277747196,46.32405552330332,-323.52205575807204,3.618559403730639,354.881996206386,107837.2586642284,0.3649366315126849,107837.2586642284,4.6708599422763015,0.0058877423119629,0.635063368487315,53.67594447669666,371.57844980726776,-281.69812556578364
348.0082310374575,118782.49912469124,0.4229197692745891,24,13,3.228993343991333,42.17706599636578,118782.49912469124,0.0,0.7312098500416245,0.9997326028867084,7.7157764855414435,-8.156705325264285,0.2687901499583754,0.0059025569218157,0.7312098500416245,57.82293400363417,-301.2431989618688,4.734660328679971,364.35268376991286,118782.49912469124,0.0002673971132915,118782.49912469124,3.8859704506691033,0.005023809195058,0.9997326028867084,42.17706599636579,389.5339329635048,-241.80385554871407
341.090253652594,142311.9656702211,0.4346206520441974,19,14,1.627382777166461,47.35539379670373,118648.16115915704,0.0,0.787998949945996,0.9582271281621468,4.326827392434848,-4.865058106498927,0.2120010500540038,0.0053099916965666,0.787998949945996,52.64460620329656,-304.9312163466507,4.268713785068429,362.9063812712637,118648.16115915704,0.0417728718378533,118648.16115915704,4.335504645755918,0.0055896936177755,0.9582271281621468,47.35539379670342,387.58346188543993,-246.2108592383157
330.6482530874543,109076.28130442604,0.3581670321775653,16,14,3.407062585183936,45.802067871309376,101930.71775578508,0.0,0.6115326901570495,0.9416424605618444,7.718560903597531,-8.354859326269954,0.3884673098429504,0.0056319297301838,0.6115326901570495,54.197932128690745,-303.113135413758,4.528817780451224,362.19158217209826,101930.71775578508,0.0583575394381556,101930.71775578508,4.182639008361625,0.0053465833657824,0.9416424605618444,45.80206787130926,381.3719809686888,-258.5438373352372
336.779786124975,145038.9256688372,0.4291160417654427,22,9,2.0203583053549883,44.845372431131736,107682.19962402152,0.0,0.7778142922519466,0.9997425248354564,5.245694680953935,-5.800647904226582,0.2221857077480533,0.0055497142115036,0.7778142922519466,55.15462756886834,-310.3805412435952,4.480119272401893,359.81129478504675,107682.19962402152,0.0002574751645435,107682.19962402152,4.131820249571434,0.0053153996130143,0.9997425248354564,44.845372431131736,385.97841678143385,-248.7894140087116
346.5344564332556,117934.90483324105,0.6120784495840572,19,10,1.4121217613873815,51.47296232885195,104645.0950123112,0.0,0.9925840944821596,0.7466499182547032,3.5478872909361967,-3.829625067847008,0.0074159055178403,0.0046605230184437,0.9925840944821596,48.52703767114859,-324.89080746255354,3.7955839782072736,354.0305851134201,104645.0950123112,0.2533500817452966,104645.0950123112,4.559721675777606,0.0057716248737619,0.7466499182547032,51.472962328851466,374.42923056446256,-274.62668298101653
343.8374645504391,112298.5314326095,0.5668860552430937,23,9,2.6917403570642646,49.17107846958989,112298.5314326095,0.0,0.9986624094142578,0.8794479912718186,5.659898251531786,-6.0598697715660395,0.0013375905857421,0.0048909890595803,0.9986624094142578,50.82892153038913,-321.02154134851685,3.971294229779775,356.2690755400724,112298.5314326095,0.1205520087281813,112298.5314326095,4.447400942858993,0.0056907154643154,0.8794479912718186,49.17107846961076,382.1633588919415,-257.87951199579
340.0960730570734,140047.45450439336,0.3263998069639789,24,10,2.4978799383608887,52.1147466983226,119389.81782965235,0.0,0.6814691786552516,0.9998530845933112,5.320866685677777,-5.944557805118837,0.3185308213447483,0.0049405356114222,0.6814691786552516,47.88525330167745,-297.668201243358,3.954351826546711,365.812084216077,119389.81782965235,0.0001469154066888,119389.81782965235,4.801663546616998,0.0062092901831236,0.9998530845933112,52.1147466983226,389.72645616386336,-241.42229407892748
337.8620103845483,137364.8538074967,0.4644061465815241,23,7,3.165407271923117,42.77985475804904,109535.2971355284,0.0,0.8116033397111451,0.9999870574355172,7.458080048026902,-7.988243350587432,0.1883966602888547,0.0057213899409783,0.8116033397111451,57.220145241951066,-311.41188286352195,4.620778652064217,359.586228189047,109535.2971355284,1.2942564482771551e-05,109535.2971355284,3.9416608867778864,0.0050751366311116,0.9999870574355172,42.77985475804904,386.6030460671174,-247.56307569973035
349.42690794647007,129281.8311438105,0.3966530977181028,25,13,2.6358104629261057,53.24313600078425,104325.41016848123,0.0,0.847609857855643,0.9993664737616492,5.300038430501081,-5.674302170324335,0.1523901421443569,0.0046295509841621,0.847609857855643,46.756863999215945,-316.5820412079092,3.7522081330555914,357.0955468082883,104325.41016848123,0.0006335262383507,104325.41016848123,4.90526582955212,0.0063004364811727,0.9993664737616492,53.243136000784254,384.82852835386177,-251.04129844728376
346.0319832534828,113833.80348950642,0.563789025320274,20,9,2.3088616958365584,56.8985924518865,113833.80348950642,0.0,0.9975067131321878,0.7647576402060009,4.2997373877061005,-4.660460642725895,0.0024932868678121,0.0041510340735907,0.9975067131321878,43.10140754811224,-320.13293998753335,3.3682376060732424,356.7523711709244,113833.80348950642,0.2352423597939991,113833.80348950642,5.05480164346005,0.0064307746051811,0.7647576402060009,56.89859245188779,378.1074115860748,-267.34656129908154
357.4893121260432,106113.06359371197,0.6348983552707548,25,13,2.422009530116852,59.78838429329282,102962.77580132264,0.0,0.999862707622279,0.6105641447930434,4.167600806502688,-4.254671590040958,0.0001372923777209,0.0038531405673129,0.999862707622279,40.21161570670704,-326.26247886216544,3.141080729497139,353.3412395702315,102962.77580132264,0.3894358552069565,102962.77580132264,5.182216378397127,0.0065103311772393,0.6105641447930434,59.78838429329279,369.1452143313262,-286.641719039798
350.24813599755254,107701.50938743143,0.5819163218320407,21,13,3.065107145310477,47.058810724741214,107701.50938743143,0.0,0.9999263930415876,0.8883452499766337,6.503341524417034,-6.779157193274861,7.360695841229647e-05,0.0050831436848968,0.9999263930415876,52.94118927525276,-323.6019605911391,4.135388365454075,354.8381079850058,107701.50938743143,0.1116547500233661,107701.50938743143,4.262224468481311,0.0054453798433679,0.8883452499766337,47.058810724747175,381.03333937050394,-259.93970498322346
327.9686734706421,122882.67665507086,0.6012573136943198,24,8,2.55621047663122,47.5553845837159,103843.61748491788,0.0,0.997999628118409,0.836274593185727,5.648508982513005,-6.209195570877854,0.0020003718815909,0.0050292359118543,0.997999628118409,52.4446154162714,-325.6545489122116,4.098016920056836,353.66241942954656,103843.61748491788,0.1637254068142728,103843.61748491788,4.272467097574005,0.0054324225825793,0.836274593185727,47.55538458372863,377.5964352280295,-267.2873334072403
335.9284867622294,120875.20819392412,0.5999027062015605,22,10,3.1873996433740315,58.67090574624719,117383.17648629658,0.0,0.9995577516016148,0.6816232193017028,5.206984507127498,-5.703720804102493,0.0004422483983849,0.003984292808004,0.9995577516016148,41.32909425375317,-318.38188106048074,3.22854797185918,357.7519746829584,117383.17648629658,0.3183767806982971,117383.17648629658,5.143836098162844,0.0065258106571775,0.6816232193017028,58.67090574624681,376.1992134179752,-272.236487313892
351.1887837964827,115791.072073043,0.6143822235284262,22,8,2.777865163035062,54.934749939218285,101371.7217665228,0.0,0.9982853428439528,0.7005494015396885,5.16207240538548,-5.352614543097404,0.0017146571560469,0.0043166676110173,0.9982853428439528,45.06525006078191,-327.08658360913955,3.521213457304816,352.85859309193046,101371.7217665228,0.2994505984603114,101371.7217665228,4.830860787423018,0.0060911139411289,0.7005494015396885,54.934749939218,371.6499930498888,-280.56782687640026
342.2737570947112,107321.14793236511,0.5601304215605512,16,10,2.9832287820085384,47.77181427152316,107321.14793236511,0.0,0.9988901186091654,0.9195587695880608,6.289067129041881,-6.696918813820517,0.0011098813908345,0.0050149840932589,0.9988901186091654,52.22818572845872,-323.75327779830343,4.080452767736451,354.7413776962908,107321.14793236511,0.0804412304119391,107321.14793236511,4.347718255287845,0.0055640398074995,0.9195587695880608,47.77181427154124,382.2402593295674,-257.16827390768674
333.8723662057751,111092.1655014286,0.4385982820671885,16,11,2.0679605743369205,47.30190178976591,111092.1655014286,0.0,0.8057319904251351,0.9704180045363288,5.06025820042584,-5.668909025588459,0.1942680095748648,0.0052792020892924,0.8057319904251351,52.69809821023416,-310.1750580438684,4.259943397347739,360.2081398189908,111092.1655014286,0.0295819954636712,111092.1655014286,4.3386957749261645,0.0055796115515088,0.9704180045363288,47.30190178976572,385.74401664598486,-249.6469610784652
327.6616236790022,104624.85283849743,0.4495912017615938,21,12,3.1981128228656104,55.77284560349245,104624.85283849743,0.0,0.9995150149825776,0.9864913601100128,5.619320797136571,-6.301556779951766,0.0004849850174222,0.0042412762786444,0.9995150149825776,44.22715439650741,-325.2985923681316,3.454965271319117,353.88001904784403,104624.85283849743,0.0135086398899873,104624.85283849743,5.128254583209154,0.0065822731956982,0.9864913601100128,55.77284560349244,384.33059323354047,-252.18665216021756
350.62694820957427,114946.47742629208,0.3529384248049623,17,10,2.914925708813704,51.81551488144319,114946.47742629208,0.0,0.7264224496270529,0.9943732921052052,5.966553366167858,-6.3917116969130925,0.273577550372947,0.0049158904654666,0.7264224496270529,48.184485118556815,-303.03532391092045,3.948680014251754,363.3289786442736,114946.47742629208,0.0056267078947947,114946.47742629208,4.770110727749735,0.006154408525867,0.9943732921052052,51.81551488144316,388.08507031924097,-244.7303454368964
355.05858049135867,140575.12605195565,0.3498467741598493,23,10,1.329075713101985,40.31271660963591,101788.5955077084,0.0,0.5859826533001466,0.999777620379479,4.506265041068836,-4.778131189528088,0.4140173466998533,0.0062350525532934,0.5859826533001466,59.68728339036406,-301.48572932662523,5.008902600701726,362.84430540253675,101788.5955077084,0.0002223796205208,101788.5955077084,3.714224672901989,0.0047650504636186,0.999777620379479,40.31271660963591,383.9728937537755,-252.70366202880663
324.6589678184155,112864.61421194128,0.4898963256915887,17,7,2.42582570905436,54.81534041249001,107188.87791659182,0.0,0.991641412327512,0.9236955770266766,4.687146992839548,-5.388545507624616,0.0083585876724878,0.0043451064097346,0.991641412327512,45.18465958751133,-323.4103634655271,3.534754461804311,354.85148274197064,107188.87791659182,0.0763044229733233,107188.87791659182,4.991931047897452,0.006389699807856,0.9236955770266766,54.81534041248868,382.37587470703573,-256.84795320166546
328.8574594094601,125701.62542943835,0.6633149716934679,18,10,1.5362639485842606,42.84386938736602,104174.5718645697,0.0,0.99696972905513,0.78179923400229,4.390670715045556,-4.900729298462936,0.00303027094487,0.0054830351969579,0.99696972905513,57.156130612634485,-325.40796438201653,4.4669999146498025,353.78949253020687,104174.57186456972,0.21820076599771,104174.57186456972,3.816438370469612,0.0048387727848667,0.78179923400229,42.84386938736553,375.5847708738993,-271.9144256131424
322.49010355033363,118454.46244345176,0.4944000480773264,18,14,3.090714339811839,58.29166693694128,107523.59752113697,0.0,0.9998091852994966,0.8672257851857464,5.156323058554055,-5.878344649242846,0.0001908147005034,0.0040044210963445,0.9998091852994966,41.70833306304664,-323.69376014726333,3.2580262703887484,354.7852503439702,107523.59752113697,0.1327742148142535,107523.59752113697,5.262342052575156,0.0067142645264261,0.8672257851857464,58.29166693695336,380.0942049667046,-262.0494831945622
328.4501294482242,144526.83165685667,0.5746040384579663,20,13,3.010897135746407,47.088270996449495,109863.39933666828,0.0,0.9999014713332112,0.9032903933822884,6.406629279291638,-7.015300712295721,9.85286667884944e-05,0.0050849457852512,0.9999014713332112,52.91172900353661,-322.4122685744096,4.133105635179472,355.5048947322403,109863.39933666828,0.0967096066177115,109863.39933666828,4.274763838841116,0.005471615252487,0.9032903933822884,47.08827099646339,382.38038733745856,-257.12367765331487
357.58192975912937,128543.266099414,0.3883727262982985,24,10,1.8236330047828209,42.26450288995272,106004.87307571468,0.0,0.6725951403440941,0.999889792900814,5.216926369976169,-5.45830261064501,0.3274048596559058,0.0059343661216446,0.6725951403440941,57.73549711004731,-304.6754166921464,4.774968892820298,361.9119222611128,106004.87307571468,0.000110207099186,106004.87307571468,3.894119607282852,0.0050057838061615,0.999889792900814,42.26450288995272,385.42310690705705,-249.8732171358828
329.8964520479492,127636.2598292594,0.3379263581532948,18,10,2.8621962548884774,50.98454328172586,105364.31312518702,0.0,0.6868805062073998,0.9975507460760248,6.048127779273409,-6.743302784240533,0.3131194937926002,0.0050216546045672,0.6868805062073998,49.015456718274166,-305.97997115043245,4.043963337853639,361.3344128614848,105364.31312518702,0.0024492539239752,105364.31312518702,4.695884214545416,0.0060337140718146,0.9975507460760248,50.98454328172584,385.09689116702253,-250.54203467919592
332.90242629134497,139328.97733822215,0.4910220417498471,19,9,3.208908311775361,43.14323652731776,117067.9387957,0.0,0.8630451325989255,0.9992524620970996,7.396986959301692,-8.026860790947065,0.1369548674010744,0.0056413675336373,0.8630451325989255,56.856763472682026,-310.42112940597264,4.550408809618814,360.6675908840109,117067.9387957,0.0007475379029005,117067.9387957,3.974697704322369,0.0051345518937364,0.9992524620970996,43.14323652731776,388.9797521871071,-242.90303796636505
332.9403061754486,134711.23754779823,0.4985251360650202,22,12,1.991163195328116,51.3895212278001,103002.85150865409,0.0,0.9981908875169468,0.97411969159276,4.405270543538185,-4.970579766048024,0.001809112483053,0.0046596688386754,0.9981908875169468,48.61047877217956,-326.14432922994865,3.798287464084341,353.3887601628056,103002.85150865409,0.0258803084072399,103002.85150865409,4.716294767087836,0.0060441075386754,0.97411969159276,51.389521227820474,383.2050341909059,-254.54525763512683
339.1580198778983,131612.81132028453,0.6329692062441559,24,13,2.07905959568581,45.55751837565172,106331.68370885692,0.0,0.9997614377220883,0.8053575515378754,5.068997497794713,-5.463123650428188,0.0002385622779117,0.0052244409657052,0.9997614377220883,54.44248162435287,-324.35406813753747,4.2527845901072885,354.4138945445728,106331.68370885692,0.1946424484621244,106331.68370885692,4.073218456031487,0.0051760956550555,0.8053575515378754,45.55751837564711,377.21822221018783,-268.45549731994464
337.56383844389626,129050.04811448684,0.3036332733797799,18,13,1.669531082894952,45.16589274186988,106903.43182652956,0.0,0.5405704825901704,0.9840227332785448,4.757191609723915,-5.353167243877289,0.4594295174098295,0.005795795337203,0.5405704825901704,54.83410725813029,-295.24497463044463,4.636556582896437,365.8211424136279,106903.43182652956,0.0159772667214549,106903.43182652956,4.151392473497964,0.0053332274229714,0.9840227332785448,45.16589274186983,384.98631440142975,-250.94138030119444
348.17257660849714,108271.91360922893,0.3532534346125508,19,10,1.855877617807124,56.07754996042652,107639.39546432754,0.0,0.7936281175646172,0.9916677508583548,3.940070455614381,-4.370967687900539,0.2063718824353827,0.0044048069546333,0.7936281175646172,43.92245003957366,-311.3840833728888,3.558005432938665,359.4178870064363,107639.39546432754,0.0083322491416453,107639.39546432754,5.160343457721108,0.0066349297434942,0.9916677508583548,56.07754996042628,385.58675659458714,-249.6647635830019
357.1890662402423,129909.7586362365,0.6110896168185425,19,13,1.6840312149523395,52.00060593464815,119583.07279505454,0.0,0.9985171301228916,0.7465270983833155,3.8733265974886377,-4.069572799727865,0.0014828698771082,0.0046323935144475,0.9985171301228916,47.99939406535232,-317.1816703064616,3.7503193579004455,358.4078531847461,119583.07279505454,0.2534729016166844,119583.07279505454,4.60637329126248,0.0058689992689465,0.7465270983833155,52.00060593464774,379.21040515834807,-265.50124851507627
337.4518710075296,123234.558354794,0.3341509618530785,21,10,1.811806020907886,53.12985049677627,119123.66270802816,0.0,0.7107377454312822,0.9980667779336893,4.170062169437935,-4.829985010612304,0.2892622545687178,0.0048057337555402,0.7107377454312822,46.870149503223764,-299.73203489880086,3.8512828313882186,364.9745182042258,119123.66270802816,0.0019332220663108,119123.66270802816,4.893860314609896,0.006327052183919,0.9980667779336893,53.12985049677624,389.5609006658904,-241.77330594381615
356.4967202005482,108305.44535506151,0.4482256318825102,23,7,1.3347801745130343,59.15612889992536,108305.44535506151,0.0,0.920261133726456,0.8776874653822573,2.9282414594312725,-3.1716316343020328,0.0797388662735439,0.0039894315615162,0.920261133726456,40.843871100069,-318.6350641436477,3.2360723394909208,356.7287899175108,108305.44535506151,0.1223125346177425,108305.44535506151,5.349062943918385,0.0068315045236779,0.8776874653822573,59.15612889993098,380.7873343840871,-260.56484871761535
335.0122729899019,148853.87545340165,0.6313331928725299,17,11,2.735955844786216,46.66124867787222,103203.5960678374,0.0,0.9997001736858172,0.7897492972366464,6.034802122890036,-6.4712681774190415,0.0002998263141828,0.0051117147292271,0.9997001736858172,53.338751322126576,-326.11577776952,4.166612327367592,353.4220421473071,103203.5960678374,0.2102507027633536,103203.5960678374,4.161685487651026,0.0052763960627647,0.7897492972366464,46.66124867787352,375.5568147362752,-271.8520101410276
354.49939493877264,117105.40338870372,0.5856084055041998,18,9,1.5307580264069418,51.33155123546253,105256.97506910528,0.0,0.990365212895696,0.7981494484572063,3.7339226310875753,-3.918788324207012,0.0096347871043039,0.0046775365331103,0.990365212895696,48.66844876453786,-324.4183575445094,3.808159293260071,354.2710071991898,105256.97506910528,0.2018505515427935,105256.97506910528,4.5842748062838155,0.0058203582042383,0.7981494484572063,51.331551235462165,376.57771944220787,-269.7836456789058
330.1051743207982,141184.85814143418,0.3282015913481966,25,11,1.6238255604228349,43.27550893047233,103401.34090009534,0.0,0.5785204010415214,0.999910253801826,4.82489929002911,-5.501439464054142,0.4214795989584786,0.0059390983379122,0.5785204010415214,56.72449106952763,-299.98769891647083,4.766205110420604,363.59184441003646,103401.34090009534,8.974619817381505e-05,103401.34090009534,3.98728297366052,0.0051193165336388,0.999910253801826,43.27550893047233,384.5373080853121,-251.60201429141264
355.2892948497281,126378.51483647236,0.3576000731012645,21,9,1.9954730531812053,53.76982327402138,106107.03238310153,0.0,0.7720398476474704,0.9987266330867725,4.36785882859547,-4.675759859673434,0.2279601523525295,0.0046541924031442,0.7720398476474704,46.23017672597855,-310.932396644455,3.758945323795569,359.44877873946314,106107.03238310153,0.0012733669132275,106107.03238310153,4.953306715268264,0.0063671577508742,0.9987266330867725,53.769823274021356,385.402990476399,-249.92825511490943
320.1727532983569,123873.42625952356,0.5585285465091525,17,13,1.3459829013269498,49.57286315445772,111579.0424929778,0.0,0.9460405629380508,0.8356613436504468,3.608806674751519,-4.336526816730014,0.0539594370619489,0.0049053906864132,0.9460405629380508,50.427136845542286,-318.3447401778957,3.9771230756923313,357.1732709793443,111579.0424929778,0.1643386563495532,111579.0424929778,4.453294831789691,0.0056820629512469,0.8356613436504468,49.57286315445768,380.1394521131017,-262.4122300857002
326.19969513976866,120674.8553995189,0.6422162816081852,24,12,1.8721891987153705,47.74020769699389,110027.37593092896,0.0,0.9993735136060888,0.7487531687593383,4.531413606943181,-5.115189109968331,0.0006264863939111,0.0050231997514259,0.9993735136060888,52.25979230300365,-322.29238429060246,4.08256776604692,355.56603968041304,110027.37593092896,0.2512468312406616,110027.37593092896,4.230464786608834,0.005368482705187,0.7487531687593383,47.74020769699647,376.28999243657046,-271.0559429548915
332.35318090848546,133584.6347126746,0.6168955240942033,25,11,1.210585721673722,57.75403465858321,112557.41279482948,0.0,0.9877172996405936,0.654353471238926,2.8231264424443094,-3.33563763449039,0.0122827003594063,0.0040750042567179,0.9877172996405936,42.24596534141683,-320.2480480199156,3.307188406271502,356.57720646045874,112557.41279482948,0.3456465287610738,112557.41279482948,5.041360534798043,0.0063739511352966,0.654353471238926,57.75403465858314,373.75073519109935,-277.3018496044606
343.95138183143354,109295.884771892,0.6562300830605783,21,13,1.4727371013167434,50.14437513225904,109295.884771892,0.0,0.99853782576703,0.6841065222851572,3.7236688527696495,-4.039300475952698,0.0014621742329698,0.004791502620382,0.99853782576703,49.85562486774112,-322.64410461387354,3.8953370976571695,355.3594784191783,109295.884771892,0.3158934777148426,109295.884771892,4.398038870267166,0.0055608247147285,0.6841065222851572,50.14437513225892,373.7293236441007,-276.8887072228051
332.55774223992586,116746.25851637512,0.6000309388626304,21,11,1.8622823993500943,44.559200035888274,113804.1255323773,0.0,0.9984933818246624,0.8957382081527399,4.783291166992315,-5.337364039667703,0.0015066181753376,0.0053382376898458,0.9984933818246624,55.440799964123165,-320.2059723061214,4.33175451091856,356.7228049585797,113804.12553237728,0.1042617918472599,113804.12553237728,4.040449692407319,0.0051784271135153,0.8957382081527399,44.55920003587679,383.33118460902097,-255.384861304436
338.8543912800028,143790.370933091,0.405529896394963,21,10,2.0003403992299496,40.41614101551655,110053.20204426972,0.0,0.680291513529,0.9995398860807392,5.7040754792338735,-6.243979195721127,0.3197084864709999,0.0061252327078048,0.680291513529,59.58385898448338,-302.8136197396197,4.921403900099253,363.0029354048793,110053.20204426972,0.0004601139192608,110053.20204426972,3.723618940953272,0.0047953780782663,0.9995398860807392,40.41614101551655,386.7519617237046,-247.27729081319228
330.9718805956636,109239.96050117472,0.4935329802632975,19,11,3.2862819362836087,49.09546755691592,102367.81823239871,0.0,0.9658771601231644,0.9962160907706828,6.657947960268783,-7.25179467282472,50.90453244308426,4.000610981424558,-324.65937096646206,0.9658771601231644,0.0341228398768356,0.0049117778512702,353.85980427521093,102367.81823239871,102367.81823239871,-252.6847076834266,49.09546755691592,0.9962160907706828,0.0037839092293172,0.0058002962970881,4.520973542012321,384.00732385336175
322.5347019346183,146433.2699726211,0.4583305955882586,22,13,2.566669081402998,54.479146459078926,117754.42209090629,0.0,0.9964233641192132,0.9912807456269516,4.8874512580215885,-5.705292373818155,45.520853540921024,3.558001318863501,-318.0057076329505,0.9964233641192132,0.0035766358807867,0.0043919737419186,357.9257991842621,117754.42209090629,117754.42209090629,-243.32441935156896,54.47914645907892,0.9912807456269516,0.0087192543730483,0.0064743440580795,5.012960146259262,388.8209212562196
350.16006180063204,127548.11027375594,0.6798792694738188,23,11,2.0515876039355527,56.39075151248012,115087.0047168114,0.0,0.9992969156664212,0.5671393130153527,4.00831406470809,-4.24027920526255,43.60924848751979,3.406828709364581,-319.57189740577206,0.9992969156664212,0.0007030843335786,0.0042004748591406,357.0858008481,115087.0047168114,115087.0047168114,-282.57679031356986,56.39075151248009,0.5671393130153527,0.4328606869846472,0.0061174872483829,4.853375514394533,371.67669220439353
358.89584688401624,141504.35215766678,0.3122944393581894,25,8,1.5673292092222364,41.05012139945742,108181.72003001571,0.0,0.5297520294514299,0.9999847476391088,4.921039041364687,-5.185703953556434,58.94987860054261,4.993515439134898,-293.718732960278,0.5297520294514299,0.4702479705485699,0.0062484015916536,366.5489289562486,108181.72003001571,108181.72003001571,-248.43884195427927,41.05012139945742,0.9999847476391088,1.525236089126695e-05,0.0048669285534604,3.782284954849384,386.15588106669753
330.5096515081359,122762.97575363968,0.6427642572705075,21,10,1.4369823354214994,43.421808720378834,114442.15237919346,0.0,0.9948169405340652,0.8159569393166837,4.158207238129868,-4.7097021662211915,56.57819127962476,4.4235398960095,-319.653238955672,0.9948169405340652,0.0051830594659346,0.0054534292405617,356.98956684506413,114442.15237919346,114442.15237919346,-262.4434885520493,43.42180872037531,0.8159569393166837,0.1840430606833162,0.0049624550141361,3.888724033651712,380.2706054952813
329.70830679345283,135030.14467086972,0.5689183124625476,15,7,1.7986087898942005,45.68316800840167,118339.70681083896,0.0,0.9840094347941304,0.9246208998078052,4.5869870760203355,-5.223739697456969,54.316831991589645,4.254970580572737,-316.97513815865443,0.9840094347941304,0.0159905652058696,0.0052557171796678,358.35863898621204,118339.70681083896,118339.70681083896,-249.78484225374063,45.683168008410334,0.9246208998078052,0.0753791001921946,0.0053526253614907,4.160874028186859,385.9971761671479
346.38084926893606,110494.4446817194,0.603132992586039,23,12,2.418866127598758,46.71297312945251,105193.12736072089,0.0,0.9997450275318036,0.849295417499807,5.51194960151931,-5.816176710474225,53.287026870551685,4.162538292405942,-324.99136641318984,0.9997450275318036,0.0002549724681963,0.0051110930011582,354.0554643280009,105193.12736072089,105193.12736072089,-265.21728138116777,46.71297312944827,0.849295417499807,0.1507045825001928,0.0053543369199043,4.205314787346313,378.5793801357357
329.84943607328194,128241.94164075617,0.5785431947427244,25,8,2.8866585465607795,42.18193260388769,116312.748316612,,,,,,,,,,,,,,,,,,,,,
335.26575130426045,125369.65472402405,0.5903674294869456,18,8,3.375650402362208,58.82669067601766,116259.35060535866,0.0,0.9985885029554958,0.6953500286487863,5.424425474075388,-5.931635297524688,0.0014114970445041,3.2169381195519047,-318.91325804106344,41.1733093239824,0.003968311820634,116259.35060535866,357.4449674797981,0.9985885029554958,-271.7686487258978,0.3046499713512136,0.6953500286487863,116259.35060535866,0.0065589276384791,5.168820692171368,376.33539238026987,58.82669067601764
347.7703340783657,148362.82059991697,0.5605589610185504,18,11,3.429946995172725,41.49038278259435,104346.72985701516,0.0,0.9545701947376763,0.9950745356657312,7.91993598129119,-8.237094619688566,0.0454298052623234,4.607577664134388,-322.87239496453304,58.50961721740552,0.0056640046604776,104346.72985701516,354.7371858962931,0.9545701947376763,-251.4770529889917,0.0049254643342687,0.9950745356657312,104346.72985701516,0.0049051643016137,3.8199922641622632,384.63490770989984,41.49038278259437
352.6111286003645,133279.92905147164,0.568765997793494,22,12,3.421334366563604,58.24506900660484,111295.73391848156,0.0,0.9998916042061096,0.740300851165044,5.569437582867496,-5.814141432407132,0.0001083957938905,3.2616179741394973,-321.6333919579282,41.75493099339457,0.0040151412688321,111295.73391848156,355.94085513132467,0.9998916042061096,-270.9934126026659,0.2596991488349559,0.740300851165044,111295.73391848156,0.0065417773371154,5.154440280161476,376.38849585928335,58.245069006605405
342.6078857307398,123613.6490492936,0.6597441193214446,16,14,3.1005305346473824,48.94463127718586,105403.83610296782,0.0,0.9998455296327056,0.6950241658506778,6.333302207647195,-6.648633317634534,0.0001544703672945,3.988139414102261,-324.878635118199,51.05536872281199,0.0048973779662373,105403.83610296782,354.12000411225625,0.9998455296327056,-278.42992695236944,0.3049758341493222,0.6950241658506778,105403.83610296782,0.0054307310021596,4.300307559234436,372.8271948307144,48.94463127718794
352.74514209464667,113215.8965240714,0.6483906005537969,16,13,1.4655078478510786,49.90728583038492,105415.33278846032,0.0,0.9929231228943052,0.6974220173151567,3.7417704829128424,-3.9140817226012,0.0070768771056947,3.917806500286189,-324.4758453814917,50.09271416961499,0.0048121343758116,105415.33278846032,354.2677114296435,0.9929231228943052,-278.2271140143111,0.3025779826848432,0.6974220173151567,105415.33278846032,0.0055403621383951,4.386565588331624,372.9154366537181,49.907285830385035
344.82907874835905,111065.0273850716,0.3650396974756186,20,7,2.959220751588301,48.034947678797664,110268.71761028326,0.0,0.7023653727393488,0.9998851585183746,6.543940857013859,-7.024560503352498,0.2976346272606511,4.276029495067043,-304.1213340618804,51.96505232120244,0.0053179109234035,110268.71761028326,362.50135911377225,0.7023653727393488,-247.10262274114396,0.0001148414816253,0.9998851585183746,110268.71761028326,0.0057003332817651,4.425787287911507,386.8386772184045,48.03494767879767
339.7106771636726,134330.9791222459,0.3871917759318887,23,10,1.9391307129289244,49.32390629700954,109416.23211352307,0.0,0.763622887961043,0.9995589852718336,4.696705452935611,-5.242724887364513,0.2363771120389569,4.126422797458166,-308.50277912476014,50.676093702990414,0.0051180648481873,109416.23211352307,360.7025169592642,0.763622887961043,-247.684936256159,0.0004410147281663,0.9995589852718336,109416.23211352307,0.0058506212328122,4.544322173304972,386.54380924743685,49.323906297009536
327.7770415809389,112590.33444940676,0.4672100801923048,21,13,3.471943154375912,42.07152157791798,112590.33444940676,0.0,0.8052348758439271,0.998217870749584,8.103145386296081,-8.792995192681577,0.1947651241560728,4.683154300311321,-309.30965277389294,57.928478422082186,0.0058074136781987,112590.33444940676,360.6795933646857,0.8052348758439271,-245.8015991849337,0.0017821292504158,0.998217870749584,112590.33444940676,0.0049960364686702,3.8753522758160153,387.5132891457725,42.071521577918006
320.75009174366323,130291.27938513752,0.5356590181997257,21,9,2.891911200413309,51.566597206127824,111823.2048642226,0.0,0.9988037682058516,0.8993449852495584,5.686638463906936,-6.435447071822206,0.0011962317941483,3.784034876319873,-321.2856621843812,48.43340279388152,0.0046594314436383,111823.2048642226,356.12300099043733,0.9988037682058516,-256.26953492913606,0.1006550147504415,0.8993449852495584,111823.2048642226,0.0059921759163815,4.678461180871117,382.849371192179,51.56659720611847
320.8705898891352,145970.6762223074,0.4956099030487431,23,13,2.9671213748233325,42.44164592327039,106099.74695110238,0.0,0.8605462984532734,0.999308185193222,7.096827830580493,-7.839687248460927,0.1394537015467266,4.608576532369835,-316.3351047660667,57.55835407672958,0.005687926626328,106099.74695110238,357.36881282198704,0.8605462984532734,-249.87190111894816,0.0006918148067779,0.999308185193222,106099.74695110238,0.0050263495569287,3.9100947766298257,385.42780550247727,42.441645923270364
357.8735048696473,143565.80163149646,0.3085427066940766,20,8,3.112740651099559,50.80151026170723,114697.70979734964,0.0,0.6269276412925735,0.9997957237379425,6.487127891245686,-6.8157595367002894,0.3730723587074263,4.100436959964193,-296.62857205831244,49.19848973829295,0.0051243658834339,114697.70979734964,365.86030981836234,0.6269276412925735,-244.31251250060035,0.0002042762620574,0.9997957237379425,114697.70979734964,0.006040434197403,4.680625835607009,388.2600701633201,50.80151026170722
335.1586940242323,147204.90329887893,0.3302978235137492,20,13,2.4109218054574386,59.51313845615142,107589.32858098288,0.0,0.7967668241803033,0.9870416133637078,4.335646695095065,-4.978345250499525,0.2032331758196967,3.2779178691137294,-311.60630958151853,40.48686154384889,0.0040575052889119,107589.32858098288,359.3271519407329,0.7967668241803033,-250.18003478148765,0.012958386636292,0.9870416133637078,107589.32858098288,0.0070341855895783,5.472629916054308,385.35521103084,59.5131384561511
327.60949596325185,116349.74014323454,0.6881852711927008,23,9,3.397042853693286,54.563725401742246,105897.44627066609,0.0,0.9996123419434324,0.5711461032649061,6.042722278430667,-6.547619743228201,0.0003876580565675,3.5493580722951874,-324.58838580049337,45.43627459825781,0.0043595137137578,105897.44627066609,354.2805198971121,0.9996123419434324,-287.7854610522179,0.4288538967350939,0.5711461032649061,105897.44627066609,0.0059005505351706,4.699195663398934,368.8634134584776,54.56372540174224
333.4767079909012,144694.3624355776,0.6613018323048687,23,8,2.6738148586712325,46.84153503105814,110412.2872841424,0.0,0.99854775932093,0.7214242202319621,5.895807255877188,-6.3670029460425885,0.0014522406790699,4.153388347411761,-322.0351131598103,53.15846496894319,0.0051112945340533,110412.2872841424,355.70071707996385,0.99854775932093,-273.1264810105045,0.2785757797680379,0.7214242202319621,110412.2872841424,0.0052380641011558,4.132873685789329,375.4160885860561,46.841535031056885
326.27093202231475,128689.09384255408,0.4252250549021442,21,14,3.117745714375295,59.02445068490876,102841.14773496018,0.0,0.999699824460368,0.9735828793888434,5.110677335185165,-5.8152005471285,0.000300175539632,3.200848077072516,-326.322702036575,40.975549315091264,0.0039262700583484,102841.14773496018,353.3054460233596,0.999699824460368,-254.70873965504327,0.0264171206111565,0.9735828793888434,102841.14773496018,0.0069407424675904,5.416549172643499,383.1246647871384,59.02445068490876
352.57912642025497,124716.7294452135,0.4371648953384108,20,11,2.6657442591836844,58.51426324589164,109581.72968039846,0.0,0.9984181467303692,0.9607552586208472,4.5929698515452975,-4.931470066830168,0.0015818532696308,3.241447717445705,-322.4807245611279,41.485736754091285,0.0039876702160614,109581.72968039846,355.4496650739581,0.9984181467303692,-251.5992585223468,0.0392447413791528,0.9607552586208472,109581.72968039846,0.0068830888848637,5.359202007623817,384.81204886413406,58.51426324590876
350.5640262871831,144050.5831714207,0.4467548944553034,17,10,3.340865644322479,59.73224502052213,103778.18166964644,0.0,0.9989126604903942,0.9254754415226116,5.293060312225379,-5.619461591374826,0.0010873395096057,3.146002584444159,-325.7438235770318,40.267754979464016,0.0038606637616766,103778.18166964644,353.6225552209623,0.9989126604903942,-258.90737224379274,0.0745245584773883,0.9254754415226116,103778.18166964644,0.0069545238427576,5.441195642054065,381.2994179380414,59.73224502053604
330.5481796479015,133710.02133241866,0.682890785502893,19,7,2.7466363641451625,45.12960536299127,117042.89836811477,0.0,0.9976891521153805,0.699853766951751,6.188815338150798,-6.718841325391228,0.0023108478846194,4.287806018053957,-318.4505558534321,54.870394637008616,0.0052911165787399,117042.89836811477,357.69251411025743,0.9976891521153805,-270.93396964423954,0.3001462330482488,0.699853766951751,117042.89836811477,0.0050382112375332,3.968174075643348,376.73745634743176,45.12960536299149
336.1413419985259,125061.80218355649,0.6899447116672535,16,7,2.1107403695336067,59.76361710610582,106053.76154115004,0.0,0.9958234834396044,0.5159908721561856,3.788577914014195,-4.170409344736327,0.0041765165603956,3.1452950420536,-324.28381394558767,40.236382893894266,0.0038639628626359,106053.76154115004,354.4085566768616,0.9958234834396044,-291.7422829106023,0.4840091278438143,0.5159908721561856,106053.76154115004,0.006389360301631,5.100790798623929,367.2120639636456,59.76361710610582
348.70606709091817,147754.69813583398,0.6945857569919802,21,11,1.2560087777096751,48.71249951491007,109572.83763002892,0.0,0.9950100586493044,0.621719332470053,3.4970901772032805,-3.721904524978005,0.0049899413506954,4.00975073951936,-322.2891683125223,51.28750048509007,0.0049333858506397,109572.83763002892,355.51824693414966,0.9950100586493044,-281.67639279113286,0.3782806675299468,0.621719332470053,109572.83763002892,0.0053324914216276,4.22982529716403,371.6996739363632,48.71249951490999
351.916628545928,139514.45414320857,0.3633634726640289,20,10,2.965664216925867,51.27355886557056,116950.07120325454,0.0,0.7446219917675155,0.9989552584543204,6.08995997628158,-6.5011599512743405,0.2553780082324844,3.980654111413215,-303.0999044343999,48.72644113442946,0.0049563313077972,116950.07120325454,363.47293830014434,0.7446219917675155,-243.00698952859585,0.0010447415456796,0.9989552584543204,116950.07120325454,0.0061014487071144,4.723513843383328,388.9290417512146,51.27355886557055
331.6280978139673,141813.78448513034,0.3373054816884355,22,12,3.4892441155510427,50.00121561181423,110506.9739591936,0.0,0.6741366729571555,0.9995093317394383,7.166190731956865,-7.862787954920475,0.3258633270428444,4.134029054288493,-302.15067325968283,49.99878438818571,0.0051474972234098,110506.9739591936,363.305693149453,0.6741366729571555,-246.98969564205163,0.0004906682605616,0.9995093317394383,110506.9739591936,0.0059338238476231,4.606689376071877,386.8988709326207,50.001215611814224
335.60148078904825,127132.285556486,0.4554773610928903,19,12,2.594191789052725,43.65802066489309,107621.1107481997,0.0,0.8040667754628511,0.9943876873393775,6.350081794527704,-6.9076445611951085,0.1959332245371489,4.555818928812897,-312.0372158741991,56.341979335107126,0.005637903610878,107621.1107481997,359.1636738821856,0.8040667754628511,-249.39192671662943,0.0056123126606223,0.9943876873393775,107621.1107481997,0.0051684986952926,4.019144651353913,385.7074501609668,43.658020664892966
356.9668434483282,135264.70674564838,0.3794854949344841,19,9,3.367075239122669,51.18255267526812,116864.93638423164,0.0,0.776434975327004,0.9991212633604108,6.68648187091107,-7.011640631562448,0.2235650246729959,3.9663050679614025,-305.16541168449425,48.81744732473177,0.0049323806123026,116864.93638423164,362.66161106330634,0.776434975327004,-243.0417625714447,0.0008787366395892,0.9991212633604108,116864.93638423164,0.0060906141332538,4.715249187199271,388.9102462082135,51.18255267526811
345.0131512485593,108774.16474148045,0.4260594635178042,18,13,1.9350396856333223,56.34092779823892,103536.03228335132,0.0,0.8989889017101794,0.9404176481535554,3.95965494694976,-4.3745812038562555,0.1010110982898205,3.4721484372919056,-320.0943697979865,43.659072201761504,0.0042748341306624,103536.03228335132,355.6839545675236,0.8989889017101794,-257.59190322142456,0.0595823518464446,0.9404176481535554,103536.03228335132,0.0065800563866129,5.144078421669724,381.8725422970701,56.34092779823849
352.203284481717,104218.14218083875,0.4801916850027768,20,11,3.005811579667492,52.82586057133875,101663.8181931161,0.0,0.9991651900788084,0.9832580008793088,5.727775112602526,-6.011733184682461,0.0008348099211913,3.6854112184964127,-326.968065873354,47.17413942866116,0.0045184068889512,101663.81819311608,352.93548223157654,0.9991651900788084,-254.5074911427139,0.0167419991206913,0.9832580008793088,101663.81819311608,0.0062214044329986,4.8548865928092715,383.1605473653938,52.82586057133875
339.9443768270128,116568.3062994448,0.5448262350844079,21,12,1.9413643762223052,44.60003838385354,108324.05498019098,0.0,0.97745149633637,0.9925594653774724,4.946385944008662,-5.41119736609644,0.0225485036636297,4.344914760953177,-321.9623424000057,55.39996161614666,0.0053460840480501,108324.05498019098,355.5028985603413,0.97745149633637,-249.1264992377836,0.0074405346225273,0.9925594653774724,108324.05498019098,0.0052796211761811,4.104722816969562,385.85586062036646,44.600038383853374
345.88824174434683,117619.25942233826,0.4906929167733149,22,12,2.863141269724917,57.93906562318234,105601.35081323874,0.0,0.9997269829080045,0.8788409757907355,4.915172664993592,-5.290877883216284,0.0002730170919953,3.2856180485909694,-324.76094390442086,42.06093437682078,0.0040350484438229,105601.35081323874,354.1848257789824,0.9997269829080045,-262.19866293304267,0.1211590242092645,0.8788409757907355,105601.35081323874,0.0066843322160154,5.239950115460696,379.9316171904795,57.93906562317928
330.90315980512173,147135.52516995612,0.4525228339164863,16,10,2.117496858461016,45.88439298547193,116149.33144570288,0.0,0.8216324995641239,0.9828015173891068,5.254304495706777,-5.926223014075801,0.178367500435876,4.362460813489405,-308.37416557483067,54.11560701452818,0.0054144196131748,116149.33144570288,361.362339576254,0.8216324995641239,-245.19886039515185,0.017198482610893,0.9828015173891068,116149.33144570288,0.0054391084778166,4.216646960812131,387.92696514754925,45.88439298547184
332.5932330647794,149941.12167416766,0.4418484089159699,19,11,2.5872268428089624,43.41722951528645,113765.46583703977,0.0,0.7786222935022457,0.9970464636848012,6.372825746684156,-7.012020959114192,0.2213777064977542,4.595483680959012,-307.00143663942725,56.582770484713514,0.0057070767041715,113765.46583703977,361.67771271579454,0.7786222935022457,-245.18590971256933,0.0029535363151988,0.9970464636848012,113765.46583703977,0.0051572147092359,3.9985966716393087,387.8348198398587,43.41722951528644
353.98641278661944,116122.85657186947,0.3823888957033435,15,9,1.768935593177102,55.600307946511286,113941.40349204597,0.0,0.8148408384451808,0.9629461176232362,3.8371037200079634,-4.190254223503475,0.1851591615548189,3.583454374935597,-309.15802083121395,44.399692053489126,0.004444642728433,113941.40349204597,360.86147433633937,0.8148408384451808,-248.6202313077693,0.0370538823767637,0.9629461176232362,113941.40349204597,0.0065561703224257,5.094027399006041,386.3212597842745,55.600307946510895
335.73532976358206,116774.88181510592,0.4478198504592549,15,12,3.201420842468432,49.018482123915305,107192.3297255675,0.0,0.8252495080229412,0.944724675611685,6.6944552829936645,-7.247933305063853,0.1747504919770586,4.107223693437404,-313.5778648591881,50.98151787608512,0.0050779259143745,107192.3297255675,358.52950729687853,0.8252495080229412,-254.7592154479031,0.0552753243883149,0.944724675611685,107192.3297255675,0.0057399137456622,4.478480762937285,383.30217887388073,49.01848212391488
343.155708365086,143881.29093152413,0.399677538084788,16,8,2.34571642015306,51.4827982747396,119448.5646945413,0.0,0.8166683302561242,0.9932930668420804,5.052361979563724,-5.594421083486453,0.1833316697438757,3.914530763987623,-306.2975464679199,48.517201725260456,0.0048658266500724,119448.5646945413,362.450680591648,0.8166683302561242,-242.0814985717825,0.0067069331579197,0.9932930668420804,119448.5646945413,0.0061253954894508,4.738700940119897,389.4376266236346,51.48279827473953
325.47269180581804,132534.81654611285,0.4490077641079987,19,12,3.2340706529156256,47.136857692985686,108219.03878928476,0.0,0.8450862842125288,0.9951872076784912,6.968451223737359,-7.685586809302634,0.1549137157874711,4.244104226538576,-314.19733550744326,52.86314230701433,0.00524572899815,108219.03878928476,358.39272399250325,0.8450862842125288,-248.9191922127646,0.0048127923215086,0.9951872076784912,108219.03878928476,0.0055828426064165,4.339933992065489,385.94362035642615,47.13685769298562
322.9981156306364,126540.37866401704,0.3930344314499282,21,10,3.0819420366566144,58.88695226195232,112085.65665024392,0.0,0.9535703854725984,0.9983144251543392,5.11047369623178,-5.932539479156014,0.0464296145274015,3.2381906449121507,-318.51102226046527,41.113047738047705,0.0039938034627858,112085.65665024392,357.16394153176526,0.9535703854725984,-246.11061971756,0.0016855748456607,0.9983144251543392,112085.65665024392,0.0069914596192729,5.424359072504708,387.3552181412263,58.88695226195228
349.9312292461459,141614.85872843536,0.633482592635118,16,13,2.075361653558471,48.46868470405772,118381.10784853496,0.0,0.9984687783292184,0.7545662749688422,4.767201245099509,-5.056312399789157,0.0015312216707814,4.026312635626751,-317.79964392015984,51.53131529593831,0.0049709499109221,118381.10784853496,358.06366497750133,0.9984687783292184,-265.51238493118205,0.2454337250311578,0.7545662749688422,118381.10784853496,0.005476897482725,4.2989703044702745,379.1424257123493,48.46868470406179
342.5854947520507,132368.81564667769,0.6317478236205292,15,12,1.75840387373936,48.41541345333529,112071.98420952352,0.0,0.9938821919536398,0.7540911134527879,4.296729903785594,-4.663937779925491,0.0061178080463601,4.033793546574607,-320.8668158611019,51.584586546663374,0.0049682903709563,112071.98420952352,356.30129049007485,0.9938821919536398,-269.3403227838671,0.2459088865472121,0.7540911134527879,112071.98420952352,0.0054554721343784,4.293922682893649,377.1475053022445,48.41541345333668
347.0813360416309,147524.01526717143,0.6624821863017454,15,12,2.0705333580701293,42.527846770739785,104484.41770129724,0.0,0.997550905237374,0.7903298467365572,5.343502982297288,-5.59729057056988,0.0024490947626259,4.4912299466608046,-325.2657435133545,57.47215322925983,0.0055134070000236,104484.41770129724,353.8761350347053,0.997550905237374,-270.9695213206518,0.2096701532634428,0.7903298467365572,104484.41770129724,0.0048124417597373,3.7933764523833746,376.0155773777203,42.527846770740155
322.91099831757947,120803.74073499918,0.3052552920909968,17,12,3.150358407755244,58.10233734449661,101421.84657642356,0.0,0.707576513170846,0.9848590057213276,5.5500690949841145,-6.348655676030525,0.2924234868291539,3.4445553471461112,-309.6684317895019,41.89766265550349,0.0042664331198324,101421.84657642356,359.5077332592161,0.707576513170846,-254.50613269314792,0.0151409942786724,0.9848590057213276,101421.84657642356,0.006844411978196,5.341118570104816,383.15007222154185,58.10233734449648
352.48789756100183,118436.23280689152,0.6044144207371567,20,10,2.9172944407047208,45.61489605178772,118436.23280689152,0.0,0.9994730493733722,0.8666006739728771,6.407033189660376,-6.686740634543928,0.0005269506266276,4.248522515714059,-317.82971077782145,54.38510394821499,0.0052452321596511,118436.23280689152,358.0583407923277,0.9994730493733722,-255.3494669378012,0.1333993260271229,0.8666006739728771,118436.23280689152,0.0052787329489312,4.117533157309178,383.5616304392062,45.61489605178498
333.5017423142057,145212.635262687,0.3927372545995053,23,11,3.211531771951861,56.8025408961408,108138.39021078724,0.0,0.908399382695458,0.9994158663421032,5.599535084778188,-6.243343106263668,0.0916006173045419,3.42973502314694,-318.0285948601688,43.1974591038592,0.0042296081914954,108138.39021078724,356.9379104998607,0.908399382695458,-248.52694282878596,0.0005841336578967,0.9994158663421032,108138.39021078724,0.0067335784842116,5.233231532053788,386.1148035745236,56.8025408961408
334.74828252013344,110911.19726879073,0.4383918819993566,24,13,1.442509914086992,46.243385504944186,110911.19726879073,0.0,0.8133333063158628,0.9974668118467768,4.104767246134419,-4.704744166462244,0.186666693684137,4.3397788624625,-310.74475897679537,53.756614495056,0.0053762406213407,110911.19726879073,359.97203843874206,0.8133333063158628,-246.94676482344008,0.0025331881532232,0.9974668118467768,110911.19726879073,0.0054864286320743,4.259149818724152,386.9348863610931,46.24338550494412
356.7250363440849,116441.6180712176,0.5472948023798387,16,11,2.27795036896183,41.56855508901268,101867.7808742454,0.0,0.914877898467352,0.9694037305196364,5.905545582097101,-6.073228385279708,0.0851221015326481,4.633953232803999,-321.99549456925286,58.43144491098687,0.0056979344529258,101867.7808742454,354.7923742337364,0.914877898467352,-255.79117761960865,0.0305962694803636,0.9694037305196364,101867.7808742454,0.0048814157900605,3.812221786984654,382.5965299079687,41.56855508901316
342.7433371989013,106375.02429112128,0.618356420664602,17,8,1.579490476203815,59.91566290570383,103235.17245389213,0.0,0.9910665278646064,0.6309913600479111,3.137109563568871,-3.4519944536594536,0.0089334721353934,3.1360841396091854,-325.6051112221902,40.08433709429628,0.0038485828743421,103235.17245389213,353.611459914676,0.9910665278646064,-284.8954271294634,0.3690086399520888,0.6309913600479111,103235.17245389213,0.0065529315188392,5.210415661737826,369.9093317058624,59.915662905703726
340.43245182184626,122450.0821073039,0.6822142994261507,16,8,2.9044046157924037,47.86199806205838,115136.45830396313,0.0,0.9988128731760691,0.662669276690332,6.132004337376772,-6.511454728465629,0.0011871268239308,4.0734634329578805,-319.51764424071087,52.13800193794157,0.0050225883219033,115136.45830396313,357.1105620372284,0.9988128731760691,-275.0981334643834,0.337330723309668,0.662669276690332,115136.45830396313,0.0052973388412481,4.183465540023327,374.84627865143136,47.86199806205832
349.88066542326754,141342.0308234513,0.656689994604448,22,8,1.424051190889231,57.13020309909379,103141.87942357636,0.0,0.9902473127245766,0.5936072861144382,3.1536242425049257,-3.343540968021361,0.0097526872754233,3.354503173639646,-325.61159155818683,42.86979690090621,0.004116569962287,103141.87942357636,353.59852128365407,0.9902473127245766,-287.81771570090416,0.4063927138855616,0.5936072861144382,103141.87942357636,0.0061993936738188,4.938227695218472,368.6571948753684,57.130203099093755
342.13456248101346,143753.7289417467,0.4988965894355951,17,12,3.453911859336536,41.604056920464295,102376.0954337012,0.0,0.8449396236528491,0.9868134788842262,8.120147214983083,-8.530580173529302,0.1550603763471508,4.6884238889415055,-317.56155000858206,58.395943079535776,0.0057802706878123,102376.0954337012,356.52257677421886,0.8449396236528491,-253.65816325155916,0.0131865211157738,0.9868134788842262,102376.0954337012,0.0049052308836298,3.82563731981734,383.57257384706907,41.60405692046413
351.3490404033342,149034.96418687125,0.4697874147397561,21,7,3.28153740822666,44.8273533466836,105751.98067786705,0.0,0.851439372976671,0.9999424948871444,7.354813342802106,-7.664599368262859,0.1485606270233287,4.424605653981812,-315.9879483522282,55.1726466533165,0.0054618097295237,105751.98067786705,357.4658760121185,0.851439372976671,-250.03448071732527,5.7505112855551834e-05,0.9999424948871444,105751.98067786705,0.0053087644149833,4.13028580064673,385.34020520866176,44.82735334668358
331.3710400636286,143265.95261819093,0.3799539020228787,19,10,1.619791959301712,40.09711740926662,104907.70404652004,0.0,0.6331254365223213,0.9982704115017336,5.050498914253517,-5.685778762648021,0.3668745634776786,4.987384559366909,-302.73952349041224,59.90288259073334,0.0062050624227781,104907.70404652004,362.59668833642047,0.6331254365223213,-250.7691027048133,0.0017295884982661,0.9982704115017336,104907.70404652004,0.0047449855344053,3.693512680375575,384.97559211103936,40.097117409266616
331.748141230858,107002.72622793674,0.553989017348984,21,14,2.5661214400016243,53.99385710681507,107002.72622793674,0.0,0.9999032966556702,0.8259578349625945,4.959380015061841,-5.5074449942727375,9.67033443297329e-05,3.5936868762574696,-323.9882743451772,46.006142893185725,0.0044159928782625,107002.72622793674,354.62097662756287,0.9999032966556702,-266.17993525702013,0.1740421650374055,0.8259578349625945,107002.72622793674,0.006163361211189,4.8430984426568315,378.2515328601034,53.9938571068144
322.01623932375634,114093.05702747572,0.5320012382945852,17,12,1.3625166001594016,46.82642065340885,106820.40662604167,0.0,0.9227091426686336,0.911665765603593,3.8583466641786126,-4.56053147467606,0.0772908573313662,4.2111330440598485,-319.61261826766565,53.173579346591694,0.0051877767993753,106820.40662604167,356.2102022592782,0.9227091426686336,-258.26270756997275,0.0883342343964069,0.911665765603593,106820.40662604167,0.005443443041711,4.2564936310350925,381.73185769809817,46.82642065340825
348.7419685557348,115154.779335296,0.5016915194858057,23,13,2.903471040252083,49.19519652814444,115154.779335296,0.0,0.9854834735700656,0.9979295184025996,5.990853500495259,-6.386185112246569,0.0145165264299343,3.9788014202097286,-318.73203142621287,50.80480347185574,0.0049080926383014,115154.779335296,357.3976322888994,0.9854834735700656,-244.22544425540136,0.0020704815974003,0.9979295184025996,115154.779335296,0.0058482371988621,4.53133945475984,388.31721312947775,49.19519652814441
326.9119716534385,116180.34515197513,0.5628234352729449,21,9,2.006973236672265,52.353722675572754,116180.34515197513,0.0,0.9963274532939332,0.8317015690305715,4.316004439408784,-4.973511462967361,0.0036725467060668,3.7241928082682096,-318.8231115419417,47.64627732443207,0.0045942462010642,116180.34515197513,357.4695349717944,0.9963274532939332,-259.95608869956766,0.1682984309694283,0.8317015690305715,116180.34515197513,0.0060078254323905,4.7002008348352815,381.44200549372414,52.35372267556801
321.8124963837498,105057.82813030078,0.6777710060460265,15,8,1.3758150608624609,51.70057217461137,105057.82813030078,0.0,0.9915730359732056,0.6153874225442707,3.478167058800038,-4.066421751438694,0.0084269640267942,3.77846624655591,-324.5998362716662,48.2994278253887,0.0046404827178116,105057.82813030078,354.1827051315167,0.9915730359732056,-284.95176980342785,0.3846125774557293,0.6153874225442707,105057.82813030078,0.0056407149367613,4.484695151874576,370.00798082136527,51.70057217461129
351.4691208260488,132808.1507086672,0.6437492715851494,19,11,2.2511820527897943,52.99137456797338,107467.16152358644,0.0,0.999458982856798,0.6718006592484875,4.61935675661996,-4.820602303905528,0.0005410171432018,3.672286959227153,-323.7049397864761,47.00862543202665,0.0045135311716056,107467.16152358644,354.77498736861526,0.999458982856798,-279.01422138618966,0.3281993407515124,0.6718006592484875,107467.16152358644,0.0058566092744015,4.638595331240489,372.70385662142274,52.99137456797329
358.3689911619086,146133.1750819497,0.5597522368795493,21,14,2.3145347463751493,57.4670130675776,116851.30940860744,0.0,0.9997959192003222,0.7659367312913796,4.242432998856772,-4.434259642757024,0.0002040807996777,3.3224516231168955,-318.6734363896682,42.53298693242253,0.0040992754891685,116851.30940860744,357.5923037890197,0.9997959192003222,-265.4311579160531,0.2340632687086202,0.7659367312913796,116851.30940860744,0.0065050950663323,5.106249864053865,379.0971543441621,57.46701306757737
331.8179688569448,132520.3890751143,0.4221910784305228,22,9,3.4643083265936605,55.98778454736317,102412.0798387551,0.0,0.9588816429461284,0.9997034642419824,6.004060115818964,-6.628906561414243,0.0411183570538716,3.463259191526519,-324.2312766982332,44.01221545263694,0.0042531183562747,102412.0798387551,354.02233443234934,0.9588816429461284,-252.2894981733454,0.0002965357580175,0.9997034642419824,102412.0798387551,0.0066197321870066,5.158393692593187,384.18603221209327,55.98778454736314
338.03908770947066,137847.81827247742,0.4628358473421853,19,11,3.177893921255952,47.36356376370743,119619.70445168598,0.0,0.8762574675300586,0.9966110147708048,6.7737015920973995,-7.3602959114000175,0.1237425324699413,4.202889198740305,-309.8736403989208,52.63643623629261,0.0052134035761267,119619.70445168598,361.1087593399432,0.8762574675300586,-241.62698584937473,0.0033889852291953,0.9966110147708048,119619.70445168598,0.0056397752852574,4.361752934462545,389.64509502612253,47.36356376370728
356.22322821200777,140376.7447145908,0.6132114766745647,20,13,2.897283096732869,42.89839009431496,105926.30725926948,0.0,0.9999084494330052,0.9015169231931937,6.730474121536529,-6.893732204055194,9.15505669947675e-05,4.46038514328506,-324.589173905619,57.101609905671616,0.0054785003803868,105926.30725926948,354.2834502292582,0.9999084494330052,-259.82545376442584,0.0984830768068064,0.9015169231931937,105926.30725926948,0.0049739323060878,3.893331260054079,380.9968922600752,42.89839009432845
332.48993122033147,115409.0284198518,0.4409974584831911,16,12,1.308723518699284,52.50096441860767,110707.90953116852,0.0,0.8152949595918557,0.8976395650470947,3.427491249141215,-4.043409641287319,0.1847050404081442,3.8332967078448688,-310.979193556428,47.4990355813925,0.004748051902464,110707.90953116852,359.8629071388894,0.8152949595918557,-257.13519523153496,0.1023604349529053,0.8976395650470947,110707.90953116852,0.0060954884196658,4.761977238036554,382.41530964742174,52.50096441860749
342.54703083360994,115033.05544949188,0.4199931694258464,17,8,2.9752365291570464,58.37853369428039,110333.52349259229,0.0,0.9881489877141568,0.9850782969303968,5.006352072682642,-5.5154022339798665,0.0118510122858431,3.258048023446618,-321.47735486388865,41.621466305702754,0.0040107152443434,110333.52349259229,355.8949632167964,0.9881489877141568,-248.6135562677533,0.0149217030696031,0.9850782969303968,110333.52349259229,0.0069057528871412,5.366687777519694,386.17000582113303,58.378533694297175
330.5847914583236,123011.18708843164,0.6061895056585808,24,7,1.492583901845541,55.79986096837819,118538.68868282156,0.0,0.9831638064193744,0.6924190610261743,3.3247873564771084,-3.8997623440975984,0.0168361935806255,3.4629922446444024,-316.82218995206824,44.20013903162268,0.0042779288470783,118538.68868282156,358.43410668199976,0.9831638064193744,-270.6737071731766,0.3075809389738257,0.6924190610261743,118538.68868282156,0.0062236169504861,4.9005735895380464,376.9328946440336,55.79986096837742
348.22416562602336,127686.20866929114,0.5389752479502845,21,8,1.5191787372201402,56.44353916122836,103627.37176675625,0.0,0.981145304176763,0.8022394069829469,3.335551736416499,-3.6282125674939074,0.0188546958232371,3.413794550361387,-324.8134442009376,43.55646083877528,0.004191477882688,103627.37176675625,353.9446692304457,0.981145304176763,-270.4781361152634,0.1977605930170531,0.8022394069829469,103627.37176675625,0.006400718972125,5.0440499673239145,376.18274306155143,56.44353916122471
332.24187283183755,115911.4019440098,0.4069606662606724,20,11,1.48837647744065,53.40099396721007,115911.4019440098,0.0,0.8551465332461893,0.984137221023834,3.591096959666353,-4.276393879643424,0.1448534667538106,3.7346139726213345,-310.5602735649116,46.59900603279064,0.004629124340068,115911.4019440098,360.50786492454665,0.8551465332461893,-245.20622842178625,0.015862778976166,0.984137221023834,115911.4019440098,0.00633130141166,4.908401986202118,387.913933716152,53.40099396720935
353.1462666861761,115266.6109548438,0.5286865751682484,15,12,2.426411947134432,59.1856595166358,112050.80891913173,0.0,0.9975823337404838,0.7946632243924096,4.219585590878489,-4.486265040748253,0.0024176662595161,3.1894673136765586,-321.09237202402824,40.814340483360326,0.003927843833841,112050.80891913173,356.2172007663716,0.9975823337404838,-265.81382989960525,0.2053367756075905,0.7946632243924096,112050.80891913173,0.0067264870396082,5.282808703484516,378.67839740684343,59.1856595166396
322.1934599751133,131477.78209674457,0.4155232645947597,20,9,3.4365840591201184,47.60749005800389,109185.81517110938,0.0,0.792811331851129,0.9996859554385082,7.296918572735055,-8.08317134969969,0.2071886681488709,4.244735872792158,-310.4512588957867,52.392509941996174,0.0052586089350417,109185.81517110938,359.924163147386,0.792811331851129,-247.82015160793617,0.0003140445614917,0.9996859554385082,109185.81517110938,0.0056465913606213,4.3862696804146175,386.47390894102,47.60749005800388
338.1584265141464,139913.74943967076,0.4324052713249626,24,9,2.7753326656996222,57.383536494132215,107414.85719147326,0.0,0.9973581900148044,0.9871627252263888,4.865234442643747,-5.418610494465633,0.0026418099851955,3.330429556743818,-323.61334043525983,42.61646350586295,0.0040935553811079,107414.85719147326,354.80249317817726,0.9973581900148044,-250.28110383992248,0.012837274773611,0.9871627252263888,107414.85719147326,0.0067821115210197,5.276896297784774,385.3026270342048,57.38353649413697
338.3267769844183,108997.11913274718,0.6579489313839133,17,8,2.818419163102824,40.26344472602824,106685.30539000792,0.0,0.9987624256801912,0.8476964320140014,6.89781676215264,-7.297386651838529,0.0012375743198089,4.667169211443102,-324.0995443203051,59.73655527397102,0.0057345532297558,106685.30539000792,354.5454970337221,0.9987624256801912,-264.40046610796725,0.1523035679859987,0.8476964320140014,106685.30539000792,0.0046166707970489,3.62379579841087,379.01656047624175,40.26344472602898
320.5583662047562,130417.99980937352,0.5461556432914123,15,9,2.66939519937491,55.088889520748445,115841.03111106048,0.0,0.997909164376304,0.8221355397645137,4.963511731706128,-5.716577565818553,0.0020908356236959,3.509406597320736,-319.0935743409097,44.91111047925072,0.0043284630679952,115841.03111106048,357.33675527317786,0.997909164376304,-261.0347583910392,0.1778644602354862,0.8221355397645137,115841.03111106048,0.0063079224625997,4.938366274215784,380.9548709868513,55.088889520749404
344.4568798886772,144448.31769082934,0.5681451815052627,18,11,2.8695563652504728,43.49271628892664,114105.55417977576,0.0,0.9953171956945884,0.9868518906222508,6.594616704835667,-7.009594304246852,0.0046828043054115,4.417599515842,-319.8611988465771,56.50728371107334,0.0054452716231553,114105.55417977576,356.8792011034953,0.9953171956945884,-246.0442263139988,0.0131481093777491,0.9868518906222508,114105.55417977576,0.0051555168401544,3.9993295320130064,387.4684416578573,43.49271628892663
325.13583806150274,112615.88243080462,0.6194852118817998,17,13,2.768396397840407,58.05416648953013,112615.88243080462,0.0,0.9998669440406668,0.6553517166690139,4.765796292378464,-5.37916725828198,0.000133055959333,3.276544520242718,-320.9207799934412,41.94583351047003,0.0040357085032462,112615.88243080462,356.33909818962667,0.9998669440406668,-277.18702780381534,0.3446482833309861,0.6553517166690139,112615.88243080462,0.0064085792885405,5.068371971944377,373.8033099475359,58.054166489530076
341.99211375717124,139647.30549165516,0.5511808844248737,18,13,2.610338691630452,43.71781572858632,102558.76781189971,0.0,0.9569725400638948,0.971234070619292,6.211191000871704,-6.6063868891871005,0.0430274599361051,4.430272877119167,-324.03659738763474,56.282184271413755,0.0054413747122517,102558.76781189971,354.1104545417623,0.9569725400638948,-255.13874797291308,0.028765929380708,0.971234070619292,102558.76781189971,0.0051375213795441,4.010451294714343,382.91976867289605,43.71781572858629
325.2465581027207,135630.82200710583,0.6735192974432977,23,8,2.6572782070325207,53.90151546858149,102638.4208577159,0.0,0.998658221585015,0.6045510227473397,5.108335192516141,-5.639104031865412,0.0013417784149849,3.6017050479783133,-326.3793612333408,46.09848453141846,0.0044177364119541,102638.4208577159,353.2616442448862,0.998658221585015,-287.30633488598244,0.3954489772526602,0.6045510227473397,102638.4208577159,0.0058610702665229,4.6674200477891645,368.83963290331303,53.901515468581486
351.48246495097294,136563.64377793786,0.690767989900263,20,10,2.2211080956302145,55.15588219461278,104248.71108660391,0.0,0.9992772696282594,0.5600633980442258,4.372721540211841,-4.528394144455355,0.0007227303717405,3.5033111596259774,-325.49774744753034,44.8441178053872,0.0042999622634716,104248.71108660391,353.76523573354484,0.9992772696282594,-289.6333780640663,0.4399366019557741,0.5600633980442258,104248.71108660391,0.0059463839370076,4.741619902428505,367.9667019032963,55.15588219461276
352.3840823562454,116060.31947088023,0.3255469739928158,21,14,1.313813934706551,56.2979116711456,115828.54119310918,0.0,0.7065458358036694,0.9702090392907936,3.206190397785628,-3.620058103789556,0.2934541641963305,3.5935353735130544,-301.2632570985892,43.7020883288547,0.0044788140543462,115828.54119310918,364.1010888430558,0.7065458358036694,-246.7034369499248,0.0297909607092065,0.9702090392907936,115828.54119310918,0.0066543843598728,5.163676233493153,387.2485008896492,56.297911671145336
345.0624657044368,126448.02072507476,0.3805211927477367,24,9,2.122827397281278,57.52128784366165,101651.38929999535,0.0,0.8949252920845095,0.9993594477406272,4.105930719514403,-4.546790087152534,0.1050747079154903,3.3806971859999653,-320.9534353113266,42.478712156338304,0.0041593792100731,101651.38929999535,355.1599307961795,0.8949252920845095,-252.84060948329312,0.0006405522593728,0.9993594477406272,101651.38929999535,0.0067980782463803,5.299404338301659,383.90546200541576,57.52128784366162
351.09173682983044,114714.411615857,0.3592127524674627,17,10,2.358192454892406,46.19907923082515,104434.37281032768,0.0,0.6634793979091191,0.9951195406572584,5.793113862766724,-6.14432313209244,0.3365206020908808,4.45644198557276,-305.01710630102525,53.800920769174986,0.0055366479388759,104434.37281032768,361.6380282372502,0.6634793979091191,-251.4139867928958,0.0048804593427415,0.9951195406572584,104434.37281032768,0.005462123374275,4.253548014263986,384.6669305977889,46.19907923082512
328.130888637528,148476.75429366715,0.367368520530255,22,13,1.2735793071141108,43.04914099891167,110694.55291067512,0.0,0.6425775343732147,0.9967128381104408,4.150725937611719,-4.874547009122161,0.3574224656267852,4.73405486955006,-299.96123327318395,56.95085900108828,0.0059024849770741,110694.55291067512,364.19884629267136,0.6425775343732147,-247.1645222672136,0.003287161889559,0.9967128381104408,110694.55291067512,0.0051061201869875,3.9644953688114817,386.8290396931425,43.049140998911646
323.1195011012352,114881.70807524196,0.370980259462503,16,10,2.978674295154571,45.23484839070456,114881.70807524196,0.0,0.6720407959451804,0.9935092107274188,6.94462495115721,-7.763801664546015,0.3279592040548196,4.5297346334829935,-299.53257177503747,54.76515160929559,0.005651070097922,114881.70807524196,364.71059233431833,0.6720407959451804,-244.86165905925688,0.006490789272581,0.9935092107274188,114881.70807524196,0.0053716246941871,4.163749566759597,388.02425683468175,45.234848390704535
349.225713164204,148311.1630361815,0.3968555116255614,24,11,3.1089190642934343,53.51735254085101,104668.3356632022,0.0,0.8535020272487946,0.9997661071840545,5.947478267330704,-6.327175868674352,0.1464979727512051,3.7263607794238713,-316.73683144674027,46.48264745914898,0.0045973868325773,104668.3356632022,357.0713110832112,0.8535020272487946,-250.77101045099985,0.0002338928159455,0.9997661071840545,104668.3356632022,0.0063344523531341,4.930829265494843,384.9642566563392,53.51735254085103
322.3846176383262,119829.2201235545,0.3785018720153483,16,12,2.577141612239489,41.52387522578395,119829.2201235545,0.0,0.6308760007883875,0.9769047696738248,6.68755927583014,-7.529938919003798,0.3691239992116125,4.870440820256508,-294.0437608277804,58.47612477421608,0.0060985341594173,119829.22012355452,367.2935789472916,0.6308760007883875,-243.56975981072384,0.0230952303261751,0.9769047696738248,119829.22012355452,0.0049237252466097,3.8124931224443106,388.79612435002247,41.52387522578388
322.62996176561563,116273.48785449154,0.6937877022803484,16,8,1.6350787700884897,57.44841257607681,114893.15113441848,0.0,0.9949658616011764,0.5292925918800037,3.380739289320451,-3.9903128944275728,0.0050341383988236,3.326787432585378,-319.42275425898583,42.55158742392328,0.0041020587389446,114893.15113441848,357.1198207071868,0.9949658616011764,-285.513375519075,0.4707074081199961,0.5292925918800037,114893.15113441848,0.0061826047560437,4.913908002721778,370.43518134652857,57.448412576076805
337.1018352786609,117906.43512480662,0.6059115993120425,24,13,2.832996666878816,52.1306981420606,113437.24993271012,0.0,0.9999129729222976,0.7558823408802527,5.52992007676181,-5.996555080618696,8.702707770255808e-05,3.739217681367277,-320.48388886707704,47.869301857938375,0.0046071193978674,113437.24993271012,356.58373845453133,0.9999129729222976,-268.35426786133434,0.2441176591197471,0.7558823408802527,113437.24993271012,0.0058798439809018,4.624737960653299,377.6494107494645,52.13069814206168
338.3834813590201,132829.52665657888,0.5694313723014692,18,14,1.7668389867262333,42.82599939619462,109499.60334606,0.0,0.9308206614573574,0.9130342263470268,4.8448835053650425,-5.30635458521867,0.0691793385426426,4.521445191286084,-318.5924250442916,57.17400060380486,0.0055748252373006,109499.60334606,356.8678945408017,0.9308206614573574,-256.4080236674065,0.0869657736529731,0.9130342263470268,109499.60334606,0.0049859424766448,3.8936797694728766,382.6792586659474,42.82599939619507
353.4593448836666,136585.4112965582,0.6518201817492749,16,8,2.1323190951506543,57.68042136031458,116783.82755003944,0.0,0.9964961602253408,0.6010653179111743,3.9920647956715096,-4.198024469476531,0.0035038397746592,3.3077400326833137,-318.516503671984,42.3195786396855,0.0040814638232153,116783.82755003944,357.6422505662079,0.9964961602253408,-278.9971672371829,0.3989346820888256,0.6010653179111743,116783.82755003944,0.0063065074435475,4.9918215230044325,373.2915762633144,57.680421360314526
339.9832757405866,149658.9777940653,0.5253458932253223,22,9,2.354508967298917,55.27755666390858,103342.60340379013,0.0,0.997566988620919,0.8567057468163854,4.545115157248263,-4.974412629214831,0.0024330113790809,3.4948785745316804,-325.914910516816,44.72244333610095,0.0042881731666531,103342.60340379013,353.5108870730119,0.997566988620919,-265.7437391652237,0.1432942531836145,0.8567057468163854,103342.60340379013,0.0063405824888637,4.982083280222781,378.2501446978651,55.277556663899034
358.0497781165028,145772.6880993062,0.583251096058607,24,10,2.117976799451921,48.23985260269932,119716.9706479106,0.0,0.9981205479404662,0.8618933814111905,4.852224756945441,-5.063959183713203,0.0018794520595337,4.044444868587961,-317.0895805427797,51.76014739730808,0.0049960266048805,119716.9706479106,358.454534664776,0.9981205479404662,-255.0301817862416,0.1381066185888094,0.8618933814111905,119716.9706479106,0.0055799291956249,4.351295732265576,383.7604592526116,48.239852602692
321.05491880190766,133163.2209179622,0.5187397242940786,25,10,3.0432995169719037,55.31911259780877,116605.47291248068,0.0,0.9993402508108448,0.869438194734333,5.437696132148324,-6.211182517097726,0.0006597491891551,3.4905198061508167,-318.7755517737656,44.68088740217553,0.0043062821239056,116605.47291248068,357.5302376011672,0.9993402508108448,-256.183647186362,0.1305618052656669,0.869438194734333,116605.47291248068,0.0064005947804047,4.9957082509105755,383.1112608293399,55.31911259782446
338.68649037320046,115179.29614943602,0.4559400721507836,16,7,1.5072178048184202,56.70229832147095,108176.19212957048,0.0,0.9457279305258632,0.9180604393886947,3.316975939268012,-3.8346400832766334,0.0542720694741367,3.4150236107790333,-320.2007079821931,43.29770167853432,0.004206153966662,108176.19212957048,356.1345362306318,0.9457279305258632,-256.76367642228604,0.0819395606113052,0.9180604393886947,108176.19212957048,0.0066046347860141,5.15929094355802,382.4597490897428,56.70229832146568
344.51442266140583,106919.1238196206,0.3200111194842985,23,11,2.1611668143377165,55.2965894801895,102449.69810318427,0.0,0.7148487438609434,0.9991873804068864,4.503435327161358,-4.976659079062944,0.2851512561390566,3.6706658702087975,-309.5084808556284,44.703410519810475,0.0045473284394819,102449.69810318427,359.6667694339631,0.7148487438609434,-252.3182388056311,0.0008126195931134,0.9991873804068864,102449.69810318427,0.0065373915264802,5.094310652946462,384.1748567054944,55.29658948018949
331.76006616201033,139841.65726810758,0.3603343298596763,17,10,2.5296043713483254,51.844076047802005,113177.17438426192,0.0,0.7406904756818592,0.992963540008339,5.369138096642532,-6.0679060292760205,0.2593095243181407,3.936701920104305,-304.93230520558427,48.15592395219815,0.0048947163170758,113177.17438426192,362.43282811529366,0.7406904756818592,-245.98528639260016,0.0070364599916609,0.992963540008339,113177.17438426192,0.0061511084110029,4.771714889109055,387.45608396184775,51.84407604780194
322.35553433322383,119084.29678186472,0.5928760013986253,20,8,3.2453230046334847,42.39025191468295,119084.29678186472,0.0,0.998713558521276,0.958670601259945,7.354354928548727,-8.089701405982646,0.0012864414787239,4.50104295747947,-317.45023237009536,57.60974808530456,0.0055585585053013,119084.29678186472,358.2607813890916,0.998713558521276,-245.90165334785084,0.0413293987400549,0.958670601259945,119084.29678186472,0.0050050383264074,3.881197183274732,387.737819455748,42.390251914695405
339.84250501621426,118932.55924577736,0.4413145860815539,25,9,2.882107470958415,58.93010893755885,118932.55924577736,0.0,0.9975046354681748,0.946308399013141,4.7959195999491655,-5.36930708137414,0.0024953645318251,3.209482265439266,-317.4579358361252,41.06989106245159,0.0039634699371543,118932.55924577736,358.2427794303035,0.9975046354681748,-247.25192170746377,0.053691600986859,0.946308399013141,118932.55924577736,0.0069388837911681,5.385346858562172,387.1368096735458,58.93010893754845
324.8039631574249,109741.6351270244,0.3910068491504022,19,8,3.478409981237598,48.15632331272713,109741.6351270244,0.0,0.7539318327589715,0.9997074790542056,7.331105618980331,-8.095312637222014,0.2460681672410283,4.228543288202088,-307.7086595871246,51.843676687272975,0.0052473556041453,109741.6351270244,361.0421856891553,0.7539318327589715,-247.4597822796031,0.0002925209457943,0.9997074790542056,109741.6351270244,0.0057131541670175,4.436850435775459,386.657690878726,48.156323312727125
341.2766925479637,147614.00087197823,0.3165508151908647,20,11,1.54112417349603,45.62324984132668,115875.86810513811,0.0,0.5800228578540481,0.997472264872876,4.452471370792863,-5.036007838718166,0.4199771421459517,4.567793133566569,-292.7582924302592,54.37675015867344,0.0057222933393867,115875.86810513811,367.5182800115151,0.5800228578540481,-243.8265904665123,0.002527735127124,0.997472264872876,115875.86810513811,0.005424782684632,4.202037016548632,388.5230642208461,45.623249841326654
328.6396349391931,134300.39643582664,0.4789551849626502,24,14,2.290179464598254,56.275967558212734,113670.73135987297,0.0,0.9997044938871912,0.9256448719605256,4.335475637392941,-5.020604856460055,0.0002955061128087,3.415545859874091,-320.3472645778415,43.724032441792325,0.0042087500026974,113670.73135987297,356.65767450989614,0.9997044938871912,-252.5440181792323,0.0743551280394744,0.9256448719605256,113670.73135987297,0.0065818487886194,5.126486339341382,384.57633423435993,56.27596755820765
345.1329325992293,115361.71870320333,0.3738606415453685,22,13,2.875962644472125,53.0635382002146,101750.25740391784,0.0,0.7941585972687001,0.997906858557974,5.7299193334197005,-6.1637102974852604,0.2058414027312997,3.8018108325876705,-314.86007016670845,46.936461799785455,0.0046944390700341,101750.25740391784,357.4996707198139,0.7941585972687001,-252.92570605542963,0.0020931414420259,0.997906858557974,101750.25740391784,0.0062695602547334,4.8876331738028895,383.8718259102436,53.06353820021456
334.8637344835292,118906.52549618244,0.6250338592338363,18,9,2.4766980154751903,46.28604320849949,118906.52549618244,0.0,0.9986359900955069,0.8085233714829653,5.616081647762099,-6.136339236696784,0.001364009904493,4.196723675984284,-317.537505606348,53.71395679149931,0.0051823896115713,118906.52549618244,358.21137030913144,0.9986359900955069,-260.4346607170176,0.1914766285170347,0.8085233714829653,118906.52549618244,0.0052915833786973,4.140409956056651,381.3678790571622,46.2860432085008
346.18624370933327,118751.88489575432,0.636361080865218,23,13,2.1579827420182305,42.12547767620782,118751.88489575432,0.0,0.9997513864259276,0.8628864413369843,5.495421450823831,-5.852431739153957,0.0002486135740722,4.520887247906334,-317.6825927580451,57.87452232380133,0.0055821388935812,118751.88489575432,358.14334255558595,0.9997513864259276,-255.51142372050936,0.1371135586630156,0.8628864413369843,118751.88489575432,0.0048717117450759,3.800358154768337,383.50550126448223,42.12547767619861
356.1672663734561,130550.7878232807,0.6546485096424658,17,10,2.3979518641371618,57.22742035041041,116279.39422907832,0.0,0.9991498359233808,0.6028366317026138,4.375434862064568,-4.537880963830873,0.000850164076619,3.3415549568366143,-318.9354073011667,42.77257964958953,0.0041219910754794,116279.39422907832,357.4390009646183,0.9991498359233808,-279.1529519802632,0.3971633682973861,0.6028366317026138,116279.39422907832,0.0062579678188038,4.954039419276788,373.19438029857656,57.22742035041039
321.3883102069251,110784.34435632656,0.6160022739057568,21,12,1.2752882516256876,53.30052450362845,110784.34435632656,0.0,0.9934672480074168,0.7147152279004249,3.210732855267505,-3.8746519995187896,0.0065327519925832,3.652061135312215,-321.53949503418573,46.699475496371846,0.0044957968348856,110784.34435632656,355.9204159859668,0.9934672480074168,-273.4576515131796,0.2852847720995751,0.7147152279004249,110784.34435632656,0.0059529072294541,4.697740731173411,375.2947389124959,53.300524503628175
326.61160099641245,124322.39458848067,0.3705534214459141,16,10,3.332145009677164,58.8596287342061,103010.6865624892,0.0,0.8815594522577076,0.9866180096140934,5.526482743464281,-6.252594541961544,0.1184405477422923,3.281897296129648,-319.3706396499157,41.14037126579396,0.0040421151422783,103010.6865624892,355.9011504437013,0.8815594522577076,-253.25139411986623,0.0133819903859066,0.9866180096140934,103010.6865624892,0.0069414991136731,5.412185612298449,383.7829891234703,58.85962873420604
342.47841576364505,132703.48303130598,0.6846380334940488,16,9,2.7223281978694134,47.90290657900131,101574.894993722,0.0,0.9993376355897368,0.6576154066576827,5.877898294609281,-6.161033924539092,0.0006623644102632,4.069883844962006,-327.0291341573146,52.09709342099871,0.0049895570804638,101574.894993722,352.90299786624416,0.9993376355897368,-283.8758441982701,0.3423845933423173,0.6576154066576827,101574.894993722,0.0052643384905025,4.183645455615263,370.2355673218097,47.90290657900126
343.4545764301945,108697.14578931064,0.6302758925418819,22,12,3.289656270114669,50.726026923551984,108697.14578931064,0.0,0.9999203908503262,0.7287873765952227,6.384245460847427,-6.721093063036935,7.960914967377556e-05,3.848935722642685,-323.05232669949146,49.273973076447966,0.0047330233659034,108697.14578931064,355.1463734612096,0.9999203908503262,-273.57127043091634,0.2712126234047771,0.7287873765952227,108697.14578931064,0.0056769202000199,4.4808451242004095,375.12436453739303,50.726026923552006
347.32138491749186,136938.17602037374,0.5041035507016691,22,11,3.350662999169164,41.98220740487474,101510.88402121051,0.0,0.8686749105222864,0.9997200176069774,7.850923996504438,-8.181317842843775,0.1313250894777137,4.638747811907617,-319.4863932049217,58.01779259512504,0.005712055849329,101510.88402121051,355.69943581517606,0.8686749105222864,-252.8982333155215,0.0002799823930224,0.9997200176069774,101510.88402121051,0.0049616688221721,3.868009805768748,383.87336666457736,41.98220740487475
337.6401492395611,131334.65093574653,0.4497660575819653,20,12,2.6606990436635787,57.9719583600922,108504.89816247793,0.0,0.9992334114956049,0.9485823419424168,4.648109984074868,-5.197066005023475,0.000766588504395,3.2833395757609933,-323.1186211665174,42.0280416398913,0.0040372779151506,108504.89816247793,355.1013764206589,0.9992334114956049,-253.52304395598176,0.051417658057583,0.9485823419424168,108504.89816247793,0.0067980655859669,5.29963501567714,383.9105241205124,57.97195836010864
340.04801596614953,148177.55512327366,0.3989093073430689,24,9,1.6528299775519328,47.47782512063173,114584.75266635852,0.0,0.75931900739825,0.9997926392271812,4.38613185065296,-4.945638750820772,0.2406809926017498,4.279915095760592,-305.3329591122599,52.52217487936827,0.0053208156878174,114584.75266635852,362.3984830474196,0.75931900739825,-244.3832848923581,0.0002073607728187,0.9997926392271812,114584.75266635852,0.0056449548939489,4.374394174110871,388.22411128305663,47.47782512063173
325.1912070780756,118586.66725350267,0.342360222013128,19,9,1.4568440462404526,40.43794277576191,107092.43036943296,0.0,0.5741606727485536,0.9990644589571128,4.737772213213514,-5.496136241586422,0.4258393272514464,5.008270438470656,-297.4573908146608,59.56205722423795,0.0062521093446581,107092.43036943296,364.9261207205608,0.5741606727485536,-249.2459330544819,0.0009355410428872,0.9990644589571128,107092.43036943296,0.0047909934704746,3.7253579148806177,385.74971817634247,40.437942775761904
356.06849066610243,127475.63184679768,0.5386355474205414,20,12,1.993167531800467,46.60890833262973,115038.24712780723,0.0,0.9911230699395002,0.9796946099979535,4.822060433885892,-5.082454607190966,0.0088769300604996,4.17712429786314,-319.1223592367214,53.39109166737588,0.0051515205055002,115038.24712780723,357.2437948542514,0.9911230699395002,-246.2099181692194,0.0203053900020463,0.9796946099979535,115038.24712780723,0.0055185858705795,4.281196703827497,387.4338021234761,46.60890833262405
353.1182591009012,113361.73436770604,0.5826449372278841,22,13,2.4575221827200835,56.22787500430333,103311.03440659965,0.0,0.9998350785600444,0.7421281226106055,4.58295858408952,-4.773746704630312,0.0001649214399555,3.419222481542449,-326.0622217849857,43.77212499569685,0.0041949732358685,103311.03440659965,353.45375018695006,0.9998350785600444,-275.867634022079,0.2578718773893944,0.7421281226106055,103311.03440659965,0.0062949121324756,4.977368353450433,373.81009337477576,56.22787500430325
350.3353733201752,112364.65298320228,0.3022289389697686,23,8,3.096183200590985,43.372923826573455,103505.9239547152,0.0,0.5337096422490996,0.9999889947275192,7.556059044846511,-7.9379703094385725,0.4662903577509004,4.793612448127593,-296.8351547110326,56.62707617342659,0.0059847942234466,103505.9239547152,364.8994706227279,0.5337096422490996,-251.5236214212211,1.1005272480900192e-05,0.9999889947275192,103505.9239547152,0.0051311810041373,3.9963064105660138,384.57696311953634,43.372923826573455
351.9524110841194,116959.8905656925,0.4528306300615279,17,13,2.2838378755111237,52.14364439428825,116959.8905656925,0.0,0.8774899347469243,0.9369128742977793,4.8452756719952985,-5.20601060498979,0.1225100652530756,3.820384279647581,-311.3563830813536,47.85635560571118,0.0047336835144731,116959.89056569252,360.3047896156637,0.8774899347469243,-249.39585891462465,0.0630871257022206,0.9369128742977793,116959.89056569252,0.006122154803975,4.758291761620905,386.10861697212925,52.14364439428877
340.6760843130048,121776.27461026066,0.3678811093134081,22,11,3.454279213116325,58.088042802647706,104280.95388797836,0.0,0.8766166935162207,0.9991841764342964,5.790546573135037,-6.318407961442344,0.1233833064837793,3.3463548998909767,-318.3404832949128,41.91195719735229,0.0041245042171989,104280.95388797836,356.4230257506809,0.8766166935162207,-251.0900798521537,0.0008158235657035,0.9991841764342964,104280.95388797836,0.0068733346569374,5.351476351200595,384.80479053728374,58.08804280264772
344.73635625374885,137304.0689877469,0.6327868529896497,17,8,2.543058733428049,41.337347315183806,104552.78614403348,0.0,0.99813104028327,0.885680357937244,6.292541464266582,-6.606659522559943,0.0018689597167298,4.583785589656141,-325.2602394198623,58.66265268481341,0.0056270856699555,104552.78614403348,353.8858357094602,0.99813104028327,-262.23620251266124,0.114319642062756,0.885680357937244,104552.78614403348,0.0047736787350294,3.7424732359162474,379.862177513226,41.33734731518654
324.2573671854964,133486.64092549952,0.4125665333685637,20,8,3.2940804651584115,53.08806416185037,102471.56927919338,0.0,0.8790701927911985,0.999665294719496,6.250874916076552,-6.983305574619842,0.1209298072088013,3.7439511917091655,-319.5380037548728,46.91193583814956,0.0046105061198869,102471.56927919338,355.7811625018375,0.8790701927911985,-252.25333908227373,0.0003347052805038,0.999665294719496,102471.56927919338,0.0062770078817463,4.8912016471626,384.2048550734716,53.08806416185037
338.61976762272764,147394.48357778168,0.3109565197631881,24,9,2.616582646014687,49.60612147828968,112266.83563800216,0.0,0.6170115374830331,0.9999587246524332,5.856795403412637,-6.470162385266441,0.3829884625169668,4.2070756071285595,-297.34314331758765,50.39387852171034,0.0052543793568948,112266.83563800216,365.3812209272362,0.6170115374830331,-245.8222103899484,4.1275347566771954e-05,0.9999587246524332,112266.83563800216,0.0058921608388624,4.570601431816925,387.49076643918136,49.60612147828967
338.27981373467446,149191.24145496468,0.4705288720550392,20,11,3.1738906115822245,40.90410949397344,113480.15761957024,0.0,0.7954945569813033,0.9989627455891132,7.724586455095388,-8.262302249959314,0.2045054430186966,4.7856061332409645,-308.2127671416844,59.095890506026535,0.0059387766727227,113480.15761957024,361.1834482110768,0.7954945569813033,-245.16251462479943,0.0010372544108865,0.9989627455891132,113480.15761957024,0.0048601126977657,3.768245309611193,387.83348620715856,40.90410949397342
334.7164007172368,106071.90890543992,0.5182560635693999,19,8,1.289534084606737,44.13726468956397,103253.90354092298,0.0,0.9225300720761588,0.993417056388134,3.9350520294164304,-4.458586517986508,0.0774699279238412,4.424243664691472,-321.6373839838796,55.8627353104372,0.0054419606566276,103253.90354092298,355.07631941640574,0.9225300720761588,-252.3807780222212,0.006582943611866,0.993417056388134,103253.90354092298,0.0052135325149441,4.0626628034383145,384.1827912584094,44.13726468956294
358.5518938289854,115660.60033359908,0.5237536195576766,25,7,1.685915495870184,59.66932631595702,115660.60033359908,0.0,0.975529035786324,0.7816027170282984,3.278492301833364,-3.479334046967444,0.0244709642136759,3.1641463989958964,-317.8827047258368,40.33067368404756,0.0039052693562978,115660.60033359908,357.7586345071392,0.975529035786324,-264.771298314899,0.2183972829717016,0.7816027170282984,115660.60033359908,0.0067733625225142,5.315048872748958,379.32076263610185,59.669326315952496
323.8945742990081,119171.0011238424,0.5099719787282095,18,9,1.6026366585566831,45.5774671304962,119171.0011238424,0.0,0.9279179016571196,0.9890833036363892,4.321559072516429,-5.084990828162592,0.0720820983428802,4.306068954681457,-313.2230353825927,54.4225328695043,0.0053307797679216,119171.0011238424,359.81672867573485,0.9279179016571196,-242.69332408285288,0.0109166963636107,0.9890833036363892,119171.0011238424,0.0054171749375544,4.192457259607598,389.15644365413607,45.57746713049574
324.2148096533025,109050.33985520752,0.3770382329997381,16,11,3.384920040918729,48.49335399389254,109050.33985520752,0.0,0.7208130209503296,0.9880981176644325,7.168808286439318,-7.942174265531187,0.2791869790496704,4.224981044156157,-306.00469086225684,51.506646006107616,0.005247967710661,109050.33985520752,361.65015404669833,0.7208130209503296,-249.12300930697853,0.0119018823355676,0.9880981176644325,109050.33985520752,0.0057368373565137,4.460005884982671,385.88862466752863,48.49335399389248
352.64958772283995,118321.0536128114,0.4308656905183615,17,11,2.273355375809656,41.076163593262265,118321.0536128114,0.0,0.723987560436942,0.9896182008534232,6.093591853766007,-6.453692515272176,0.2760124395630579,4.830773699377506,-301.0271180527707,58.92383640673779,0.0060229249005648,118321.0536128114,364.3995091218909,0.723987560436942,-243.1535510496837,0.0103817991465766,0.9896182008534232,118321.0536128114,0.0048809513823103,3.778711662025693,388.91917802049534,41.07616359326222
324.31960351071007,123125.3084251406,0.4002323378611289,19,11,2.8596853755933336,46.169613249604886,119498.98171011456,0.0,0.7412782950992663,0.9974022638959912,6.543916572234547,-7.356426157450338,0.2587217049007336,4.40014013039047,-301.5046818020038,53.83038675039516,0.0054849923317847,119498.98171011456,364.3094358604607,0.7412782950992663,-241.61621714818116,0.0025977361040088,0.9974022638959912,119498.98171011456,0.0054982698764794,4.252313378817568,389.64509361614665,46.16961324960488
355.91762213517995,127292.3249410673,0.6962017046498974,16,12,1.290729565547737,49.82649602071322,109558.48580947268,0.0,0.9951689595893288,0.6048476556973427,3.4736876743453693,-3.590815314908799,0.0048310404106712,3.922544623379275,-322.30618557783646,50.173503979286885,0.0048260376930449,109558.48580947268,355.5105190581696,0.9951689595893288,-282.989396076328,0.3951523443026571,0.6048476556973427,109558.48580947268,0.0054351809196301,4.314764789778208,371.1411340171576,49.826496020713165
334.49942829139616,126511.57913318354,0.5480155094474926,22,10,2.7314159851377195,49.55184495599026,102437.14800295164,0.0,0.999337655012383,0.9114702996980268,5.703373289807748,-6.204286636919068,0.0006623449876168,3.9410669007304615,-326.53335903189424,50.448155044014,0.0048334545501183,102437.14800295164,353.1825844433057,0.999337655012383,-261.16450845134955,0.0885297003019731,0.9114702996980268,102437.14800295164,0.0057482903606892,4.5040972128034396,380.2311986856202,49.55184495598614
323.3597271832073,140019.5481839488,0.3613570926627309,18,9,3.37738965788607,47.24064368191372,111695.39219358296,0.0,0.6841326489751637,0.9991255184744168,7.3594205930749395,-8.167584553231777,0.3158673510248362,4.35488293416537,-302.1238600160437,52.75935631808617,0.0054231029551769,111695.39219358296,363.4159976632597,0.6841326489751637,-246.2725485295033,0.0008744815255833,0.9991255184744168,111695.39219358296,0.0056087420323607,4.352099287597404,387.2671090973648,47.24064368191373
359.10656813953216,119689.74269682284,0.3312578536911139,25,10,1.5847098217474134,53.32827134165272,105992.47202217484,0.0,0.7091909828446314,0.9995008979257756,3.8409241498928575,-4.097350447457273,0.2908090171553684,3.835991329403468,-307.04118157291924,46.67172865834723,0.0047606123938915,105992.47202217484,360.9682413774109,0.7091909828446314,-249.92230616060647,0.0004991020742244,0.9995008979257756,105992.47202217484,0.0063155996709014,4.913209860795982,385.4006755106088,53.32827134165269
338.9917356441694,118233.10764727504,0.3693428514995573,16,10,1.467400000157577,56.91270523469502,118233.10764727504,0.0,0.7933900135289556,0.9516934617350028,3.323425265973732,-3.9325214080735065,0.2066099864710443,3.490496301416515,-305.49252607734314,43.08729476530527,0.004340347706246,118233.10764727504,362.6538859482101,0.7933900135289556,-247.12881128108168,0.0483065382649972,0.9516934617350028,118233.10764727504,0.0067071289298836,5.2052846238419646,387.16160133626073,56.91270523469473
330.3164240135498,127833.104246808,0.3888520006754385,22,12,2.2302839977031472,54.494472891454265,119537.12025869847,0.0,0.8503560794460773,0.9965262817979652,4.548871966562957,-5.294236304035971,0.1496439205539226,3.650036277327537,-308.3334965503267,45.50552710854584,0.0045316712468831,119537.12025869847,361.6828833364224,0.8503560794460773,-241.68594250931412,0.0034737182020349,0.9965262817979652,119537.12025869847,0.0064885331693997,5.018379964257061,389.61580299743656,54.49447289145421
359.27250808133823,149338.0939072657,0.4717396609724111,18,13,1.7243415835758726,42.33634400992275,118576.897864428,0.0,0.7922575899622919,0.9648175342259726,4.911042395820523,-5.149984774070613,0.2077424100377081,4.672241413228252,-305.2370030156083,57.66365599007735,0.0058108675973872,118576.897864428,362.78223486816233,0.7922575899622919,-245.5779121716644,0.0351824657740274,0.9648175342259726,118576.897864428,0.0050042416306352,3.879911705651857,387.8595305426463,42.33634400992258
333.30835779659026,116243.29726004288,0.5814836929053873,23,7,2.650792748326791,52.80037643762967,116243.29726004288,0.0,0.9956698100243214,0.7887680009599514,5.191567620814366,-5.742512561261144,0.0043301899756785,3.689716245030936,-318.75174559762337,47.199623562352805,0.004551930042074,116243.29726004288,357.50183922841967,0.9956698100243214,-263.78841868362343,0.2112319990400486,0.7887680009599514,116243.29726004288,0.0060042448866828,4.7085034197620725,379.77743482616864,52.800376437647
321.2261741050754,114329.9239254976,0.4994543273438484,25,8,1.8179996861642984,59.208311874706745,114329.9239254976,0.0,0.987614465996498,0.8368646032354591,3.472243515792089,-4.237637341712941,0.012385534003502,3.1934004259181235,-319.29399427334965,40.79168812527956,0.0039376570358064,114329.9239254976,357.10844009304844,0.987614465996498,-260.60623854334244,0.1631353967645407,0.8368646032354591,114329.9239254976,0.0067964353277815,5.319878466744083,381.0669600446507,59.20831187472047
346.30735355242734,127255.21956148044,0.3726024226207986,20,9,1.315418553994249,54.22676324725509,115726.62851307292,0.0,0.802187704535903,0.9900138877965358,3.312117754498188,-3.8026156829936184,0.197812295464097,3.702435631368104,-307.3974268011399,45.773236752745404,0.0045977146289126,115726.62851307292,361.6993546069936,0.802187704535903,-244.7049002078817,0.0099861122034641,0.9900138877965358,115726.62851307292,0.0064369016588214,4.988773227121014,388.12819254435993,54.2267632472546
355.00461673819484,129636.8017212212,0.6474220957356124,24,11,2.599750895826638,41.40707459776914,104694.31365041902,0.0,0.999733529301026,0.8511148751995666,6.382978354277077,-6.535339034873593,0.0002664706989739,4.577020215478297,-325.2718512352092,58.59292540223981,0.0056188255873317,104694.31365041902,353.89755484990627,0.999733529301026,-265.3742574905816,0.1488851248004334,0.8511148751995666,104694.31365041902,0.0047469081485039,3.7287103551392944,378.48410451608027,41.407074597760285
355.87439845562733,113187.84391171664,0.5506017825743175,23,10,2.808030641217276,48.86317289314537,111530.05325810282,0.0,0.9992788644413152,0.9189527101809004,5.8748327921378936,-6.105633664187898,0.0007211355586847,3.994908909808967,-321.47133828060635,51.13682710686622,0.0049184177311855,111530.05325810282,356.0245493778221,0.9992788644413152,-254.5429209500252,0.0810472898190994,0.9189527101809004,111530.05325810282,0.0057012397602523,4.4466275444471215,383.5972273239455,48.86317289313375
335.3994857939528,136108.11336519234,0.4351719144117473,22,13,2.3485879419420765,43.30770302508993,107822.61603185344,0.0,0.7662828706349099,0.9982715460040184,5.988270866448802,-6.558797969606837,0.23371712936509,4.614191399682403,-309.58166233442444,56.6922969749101,0.0057185851275932,107822.61603185344,360.13549597817456,0.7662828706349099,-248.85280837250497,0.0017284539959813,0.9982715460040184,107822.61603185344,0.0051318318367002,3.9892537980207767,385.95619226592817,43.307703025089914
358.9692324019991,118400.17501115508,0.5089539292306121,23,13,1.2471219168406773,50.295310871781645,118400.17501115508,0.0,0.9458216818874048,0.9227836514617151,3.3968974669109397,-3.6304650070127535,0.0541783181125951,3.9202971595118488,-314.69158293783016,49.70468912822086,0.0048487310530879,118400.17501115508,359.2002866809204,0.9458216818874048,-249.93065869519464,0.0772163485382848,0.9227836514617151,118400.17501115508,0.0058908449641994,4.579657031067477,385.93570569835543,50.29531087177921
321.60499782890184,140842.9845357829,0.3026506247000932,18,11,1.735765792129785,44.9255394038064,104040.2547806998,0.0,0.5457413742294314,0.9953556337426968,4.900655338790571,-5.720787495807791,0.4542586257705685,4.652885367090134,-297.34415382322,55.074460596193575,0.005807524172254,104040.2547806998,364.7311358449671,0.5457413742294314,-251.65198363932024,0.0046443662573031,0.9953556337426968,104040.2547806998,0.005310844108873,4.136442010318651,384.5432543369287,44.92553940380638
343.30773517721417,120500.55379070056,0.360985920057074,20,11,1.9239987235183549,40.94963563891373,119409.06167260336,0.0,0.6102488571794144,0.9984572600624884,5.535182953173473,-6.077807912748519,0.3897511428205855,4.9353538382673054,-292.869153711002,59.05036436108622,0.0061839849530838,119409.06167260336,367.7353430919188,0.6102488571794144,-241.5588098624936,0.0015427399375115,0.9984572600624884,119409.06167260336,0.0048775632921034,3.7721490120913512,389.6669081297701,40.949635638913726
343.7527791962567,128281.67640296498,0.5990181806816743,22,13,2.9862229080431613,51.35895822422636,107731.99806910068,0.0,0.9999315489562692,0.7806788491835509,5.859069283305339,-6.207900547970255,6.845104373078185e-05,3.7994879745758774,-323.585383576816,48.64104177577413,0.0046703203303804,107731.99806910068,354.8474698413796,0.9999315489562692,-269.7375674878151,0.219321150816449,0.7806788491835509,107731.99806910068,0.0058085222064735,4.574136783127361,376.73499593990033,51.35895822422608
346.705858689843,133392.73801078805,0.3545398132431044,23,13,3.0809395275650022,44.367179338592486,110214.8913471886,0.0,0.6369391139756259,0.9995658542067392,7.284720625446913,-7.735555165322704,0.363060886024374,4.628892470021561,-299.8633133770086,55.632820661407536,0.0057714895973573,110214.8913471886,364.1991815961072,0.6369391139756259,-247.1708281295996,0.0004341457932606,0.9995658542067392,110214.8913471886,0.0052645834131249,4.087652070074681,386.8060931704764,44.36717933859248
355.1965643174594,105265.2380073166,0.3269097796458872,24,13,2.6472741642492013,55.447490297578206,104299.52899015066,0.0,0.732604535866675,0.9990692586431728,5.160468514008531,-5.474648979480107,0.2673954641333249,3.647179225982876,-309.52599314047427,44.552509702421865,0.0045188981190028,104299.52899015066,359.8313660396645,0.732604535866675,-251.08976608396384,0.0009307413568271,0.9990692586431728,104299.52899015066,0.0065607813767044,5.108120829408785,384.8057472696741,55.44749029757819
347.5068944357508,136186.99024093096,0.4088634335953773,16,8,2.3044833657590926,51.60760695436832,101862.65590904742,0.0,0.8378854654755261,0.993430026946908,4.999841813703966,-5.380650565214387,0.1621145345244738,3.8900590081033153,-317.44138556491964,48.39239304563176,0.0047960926942846,101862.65590904742,356.515778321116,0.8378854654755261,-253.31727813147995,0.0065699730530919,0.993430026946908,101862.65590904742,0.0060919366521268,4.750288016993216,383.7017324098789,51.60760695436824
330.77474913165764,105747.03388367072,0.5113070908111383,15,10,2.683400471237559,57.7119529047796,103176.90859259006,0.0,0.9983057930014106,0.8455379476423069,4.718696094207603,-5.286895108777058,0.0016942069985894,3.3042020995215053,-326.0515206375934,42.288047095215695,0.0040538252616144,103176.90859259006,353.4423530898502,0.9983057930014106,-266.87980824686366,0.154462052357693,0.8455379476423069,103176.90859259006,0.0066035889662632,5.192451407788433,377.74024615197067,57.71195290478428
359.2368700043229,106960.33864840498,0.3030283733647332,16,10,2.3267156336253567,53.21486505037433,104012.65401372856,0.0,0.6353738373151515,0.9891611749146264,5.009645650019645,-5.261593024464785,0.3646261626848484,3.893753755796424,-303.42696026667,46.78513494962571,0.0048420581308801,104012.65401372856,362.2423443966338,0.6353738373151515,-252.3166682815978,0.0108388250853736,0.9891611749146264,104012.65401372856,0.0062822215519433,4.895043769048163,384.2452838720593,53.21486505037424
332.1102076505883,138359.5556099314,0.3040461697040533,15,13,2.102484326944425,42.64183813815912,107658.83156422387,0.0,0.4834245844811653,0.9372383667638714,5.814190461343843,-6.486443670415181,0.5165754155188345,4.895956847022042,-290.7240393355891,57.35816186184093,0.0061373078926191,107658.83156422387,367.75457067302034,0.4834245844811653,-255.2043080782491,0.0627616332361285,0.9372383667638714,107658.83156422387,0.0049862428107773,3.891413056627033,383.1262610862436,42.641838138159
358.87190506288186,138412.7201155431,0.5523365573539101,20,14,2.6873667656391005,54.8412865447792,113292.89536143982,0.0,0.9998871249501315,0.8161961506141293,5.018941680610689,-5.196297980878831,0.0001128750498685,3.5275016976454627,-320.559482058969,45.15871345522012,0.0043460105281672,113292.89536143982,356.5412176196125,0.9998871249501315,-263.1241005760587,0.1838038493858706,0.8161961506141293,113292.89536143982,0.0062647026152977,4.911601459153055,379.91537689446983,54.84128654477982
358.8093760656986,135954.05685865885,0.6638213206834422,17,12,1.5267278798176054,56.0974574469507,103287.18040480932,0.0,0.9981670246297568,0.5978416345193559,3.3604207219228734,-3.4164361502032023,0.0018329753702433,3.430437131163558,-325.9807218367474,43.902542553049365,0.0042089198871877,103287.18040480932,353.480652566684,0.9981670246297568,-287.4052878557817,0.4021583654806441,0.5978416345193559,103287.18040480932,0.0060931178670835,4.852290918987926,368.8426165389872,56.09745744695064
325.0343116812456,113881.3320795986,0.4460824886978251,23,10,3.128239806077288,57.28016647984784,104506.62571354953,0.0,0.9992264064918792,0.9664550008563768,5.33810206736262,-6.05534314505075,0.0007735935081208,3.3373883484954128,-325.34891363612667,42.71983352014852,0.0040967707441051,104506.62571354953,353.8484158295286,0.9992264064918792,-254.3260841572462,0.0335449991436232,0.9664550008563768,104506.62571354953,0.0067305120585926,5.250753033990188,383.3715918521791,57.28016647985153
353.28173195709434,110759.93289172689,0.3730370230653094,24,10,1.3948659271827766,58.27563152458852,110759.93289172689,0.0,0.8685430851792241,0.9817369532358892,3.094490113578484,-3.456148369854794,0.1314569148207757,3.3361024339892413,-314.1887932851172,41.724368475412525,0.0041244230576631,110759.93289172689,358.644193546266,0.8685430851792241,-248.68875399791423,0.0182630467641108,0.9817369532358892,110759.93289172689,0.0068899056816051,5.354496828274981,386.1548447819589,58.27563152458736
355.92349580498785,107096.44629172186,0.6465528273465604,23,8,3.346904288822862,40.145416653786114,105646.53901840752,0.0,0.99915974648979,0.8791644771299725,7.871200326773643,-8.018388495763409,0.0008402535102099,4.676057077230748,-324.70312967275765,59.854583346220274,0.0057428569517566,105646.53901840752,354.2108665104837,0.99915974648979,-262.1387394952188,0.1208355228700274,0.8791644771299725,105646.53901840752,0.0046319256482201,3.6308927805161457,379.9603575295697,40.14541665377965
325.49450717943245,131057.8175259876,0.4894894657530013,15,9,1.6068683478117851,48.01026828465124,107720.32076828352,0.0,0.903749263789756,0.959107397582393,4.17596758467116,-4.865146398017315,0.0962507362102438,4.131203362422192,-317.9882777169799,51.98973171534925,0.0050945863597747,107720.32076828352,356.9101028904454,0.903749263789756,-252.96646936039,0.0408926024176068,0.959107397582393,107720.32076828352,0.0056407031194675,4.39605283303416,384.12210962794256,48.010268284650735
328.0197596581246,149850.72967924766,0.4450427768997411,17,11,1.575036299491389,52.55779956458691,115713.16531048909,0.0,0.8836914813011189,0.950911009737978,3.764407157862321,-4.482634142215824,0.1163085186988811,3.7831953402627785,-312.39853499383827,47.44220043541388,0.0046842146846958,115713.16531048909,359.79545915467617,0.8836914813011189,-248.74850149625303,0.049088990262022,0.950911009737978,115713.16531048909,0.0061861050783724,4.8064044033338105,386.3404191246781,52.55779956458624
339.21046079898923,123227.47577617108,0.3720590171468572,20,12,1.459161323443537,40.38433071886564,118489.86870260544,0.0,0.6212766908091624,0.9958380891712838,4.695435368900209,-5.288763727206833,0.3787233091908374,4.973379774937759,-294.12845563795565,59.61566928113436,0.0062264736895927,118489.86870260544,367.1586439152581,0.6212766908091624,-242.39468357412332,0.0041619108287161,0.9958380891712838,118489.86870260544,0.0048055901658301,3.718591296130044,389.26123134007065,40.384330718865634
346.2304571325869,137070.92844362196,0.529305041889967,19,9,3.163331001607481,51.82157668180359,109726.3910602852,0.0,0.9989520098517574,0.9073248694598512,6.05684893044774,-6.432923957533322,0.0010479901482425,3.7640135034090334,-322.4323951585617,48.17842331821089,0.0046307345304569,109726.3910602852,355.48281454948153,0.9989520098517574,-256.8195304633424,0.0926751305401487,0.9073248694598512,109726.3910602852,0.0060264634035396,4.707395015838628,382.50817285596605,51.82157668178912
327.4829586854926,107276.97026546784,0.3059362486690586,23,11,3.061677181209633,57.21185151532369,103055.6155977453,0.0,0.7145492752801267,0.9996611824982238,5.5370238296426555,-6.280440729584388,0.2854507247198732,3.513580488066064,-309.1256617434509,42.788148484676334,0.0043539524352102,103055.6155977453,359.87464687197274,0.7145492752801267,-251.86032674471136,0.0003388175017761,0.9996611824982238,103055.6155977453,0.0067664587177763,5.271138279312037,384.4065423068362,57.21185151532368
357.76927858695456,107591.24021786,0.6369772286603312,17,9,1.245144012262249,51.23776662114796,101941.99643098372,0.0,0.9855327277719578,0.6947379438380032,3.32761062734066,-3.411601477691378,0.014467272228042,3.8188029208863696,-326.0309928864394,48.762233378852166,0.0046846251476968,101941.99643098372,353.3089394259974,0.9855327277719578,-280.6695794549538,0.3052620561619967,0.6947379438380032,101941.99643098372,0.005675779959746,4.5015782365381565,371.6422743435497,51.237766621147806
335.28406623611767,123543.64496506649,0.4754972580458972,16,12,3.4940733780297046,57.64200013229379,114489.38095725689,0.0,0.998964557248461,0.9091706531901008,5.735632853272836,-6.32748832178908,0.001035442751539,3.309276504578319,-319.86903165745287,42.35799986768844,0.0040792568660306,114489.38095725689,356.916241465428,0.998964557248461,-253.65732018637968,0.0908293468098991,0.9091706531901008,114489.38095725689,0.0067201946428076,5.237605986948284,384.12275198122256,57.642000132311594
345.37597955973,144884.49750861895,0.5276324334294773,17,12,3.1537539083740307,51.04167293842764,112798.62079013092,0.0,0.999324854219074,0.9248071219377751,6.131579315586246,-6.539535817227996,0.0006751457809258,3.8246886451170767,-320.79141913960694,48.95832706155189,0.0047112928201561,112798.62079013092,356.40523106719314,0.999324854219074,-253.17038250524297,0.0751928780622246,0.9248071219377751,112798.62079013092,0.0059662882910065,4.649065973441172,384.260770695594,51.04167293844819
335.476430711718,125862.06269418138,0.687009971092462,18,11,1.744725341190564,54.899265096674014,107288.29936581913,0.0,0.9989040132579458,0.569216601136908,3.742259808167916,-4.144832387110365,0.0010959867420542,3.5235947202947533,-323.77230610348937,45.10073490332602,0.0043305287181043,107288.29936581913,354.73085421095726,0.9989040132579458,-287.0747504592289,0.4307833988630919,0.569216601136908,107288.29936581913,0.005938131259604,4.726607560662665,369.26011321932793,54.899265096673965
352.0445231950391,120418.5134754516,0.5494110093555904,20,13,2.480953762594649,49.27363674682275,117337.67299561272,0.0,0.9996474377266882,0.9140996653831466,5.312736908046411,-5.629643530231259,0.0003525622733117,3.962580424581017,-318.41083076315,50.726363253161765,0.0048900457621525,117337.67299561272,357.73687374903693,0.9996474377266882,-251.4313613177415,0.0859003346168533,0.9140996653831466,117337.67299561272,0.0057577782491682,4.480626278447288,385.2295181889626,49.27363674683832
345.6815077303268,128610.58351321892,0.6611587263454339,21,11,2.11479094759617,51.512688675599065,111313.784246764,0.0,0.9993731701923791,0.6571921393313573,4.556721957660647,-4.852152391948268,0.0006268298076208,3.787859418447857,-321.593692080906,48.48731132440113,0.0046630738939255,111313.784246764,355.95716984790647,0.9993731701923791,-277.8246835015556,0.3428078606686426,0.6571921393313573,111313.784246764,0.0056854384997494,4.498603343615195,373.4513617579276,51.51268867559903
322.23044604170565,116813.66263070582,0.6246045586104247,22,11,3.248800348997049,56.0579938150388,111907.36986354976,0.0,0.9998280867221232,0.6695207475400062,5.630935869244615,-6.279724801417026,0.0001719132778767,3.4324969162657326,-321.299495822258,43.94200618496118,0.0042265713749919,111907.36986354976,356.12691508054775,0.9998280867221232,-276.47631617791006,0.3304792524599936,0.6695207475400062,111907.36986354976,0.0062047379785322,4.905238878158319,374.0641731319937,56.05799381503873
347.0044577714753,123401.06044070952,0.4306288605949144,16,8,2.0723855369787483,48.42600268413904,113852.88160809135,0.0,0.8280462710186249,0.9926231800939908,4.934847409806276,-5.3723497917639245,0.171953728981375,4.15293241188546,-310.0200860361348,51.57399731586106,0.0051483210596622,113852.88160809135,360.5230867444736,0.8280462710186249,-245.59707441913625,0.0073768199060091,0.9926231800939908,113852.88160809135,0.0057468602121779,4.4568851411413295,387.6561354946276,48.426002684138965
341.85969686666215,137468.56777396018,0.3765712816109969,15,8,1.2627354620573674,57.83496515401158,105066.84388593586,0.0,0.8165647312346875,0.9442093929512756,2.989234904017008,-3.482203310648971,0.1834352687653124,3.402077880281012,-314.274367665559,42.1650348459882,0.0042035787359668,105066.84388593586,358.05401453860003,0.8165647312346875,-256.2007578529109,0.0557906070487243,0.9442093929512756,105066.84388593586,0.006764901752192,5.283564022425787,382.5633504702824,57.8349651540118
349.5520656991538,140249.46878037552,0.5649004854698576,25,13,1.7784113856100474,43.838360097611776,117453.99413032104,0.0,0.9982469267402648,0.990262771855908,4.696044021637783,-5.0544097077984125,0.0017530732597352,4.388270024691795,-318.26855183837847,56.16163990238829,0.005415874651371,117453.99413032104,357.8001858859446,0.9982469267402648,-243.61537448378175,0.009737228144092,0.990262771855908,117453.99413032104,0.0052079549838867,4.033210225259546,388.6802130339996,43.838360097611776
356.32440314925145,133526.79756398543,0.5789022253331568,18,13,1.39267753158743,48.74938835911762,116728.17578284684,0.0,0.9758165317199284,0.8383768761293313,3.7093320222124913,-3.930091905290154,0.0241834682800716,4.02066437808047,-317.33684941951066,51.25061164088226,0.0049644856945884,116728.17578284684,358.06551090099845,0.9758165317199284,-259.0116667886142,0.1616231238706687,0.8383768761293313,116728.17578284684,0.0056034913478871,4.381176205435953,381.8808200604659,48.74938835911776
330.9269648653189,129698.24142996829,0.4080567900866428,15,13,1.6289914547155957,59.32128064687559,107475.18242249252,0.0,0.7603991682864915,0.8335569539645743,3.3770434600044523,-4.00634129477806,0.2396008317135084,3.3142019509330485,-309.41417693870807,40.67871935312465,0.0041077332415914,107475.18242249252,360.1688209562552,0.7603991682864915,-265.18878696110835,0.1664430460354256,0.8335569539645743,107475.18242249252,0.0067838841109598,5.327276519940818,378.71131113442,59.321280646875366
358.9350120700833,105428.4625275043,0.542562432498596,16,11,1.3400854199195014,58.0650140465894,103107.64926591424,0.0,0.970929505565034,0.7668074606617034,2.990213835846402,-3.110865825557477,0.0290704944349659,3.292718319148027,-324.5242767768182,41.93498595341055,0.0040432815526991,103107.64926591424,353.9923452380149,0.970929505565034,-273.90159033924874,0.2331925393382966,0.7668074606617034,103107.64926591424,0.0065338814801745,5.160094601845921,374.65502916594335,58.0650140465894
327.8982412264187,135649.49497210176,0.5718578291979641,21,13,1.7366471157771235,42.73552529630251,106418.18199804386,0.0,0.9866343222951474,0.9839317119851811,4.752024888359373,-5.363574507323356,0.0133656777048524,4.483769136333583,-323.5522785115083,57.2644747036985,0.0055107981517138,106418.18199804386,354.7151556183042,0.9866343222951474,-251.26862773618436,0.0160682880148188,0.9839317119851811,106418.18199804386,0.0050450186148652,3.9279523328214254,384.81924407557335,42.735525296301525
323.7865020836465,127767.52118520456,0.5992251900152529,20,8,3.491437546906388,50.62249622684181,113161.95994635562,0.0,0.9989367881057872,0.790656036988019,6.686275124028843,-7.346991576245034,0.0010632118942129,3.857704052760447,-320.57442820414883,49.37750377315715,0.0047527282272266,113161.95994635562,356.5220615607656,0.9989367881057872,-265.48685506661525,0.209343963011981,0.790656036988019,113161.95994635562,0.0057512000086035,4.515630341437949,378.8792159476878,50.622496226842856
354.7903885912632,141551.34196745604,0.4367707380636664,17,12,3.3380112114458944,54.34370718961896,109833.48681156468,0.0,0.9275036365492412,0.9755133342534756,6.068854197486649,-6.37053707148037,0.0724963634507586,3.6127238624062943,-318.21254809847494,45.65629281038132,0.004455524843384,109833.48681156468,357.04325027282226,0.9275036365492412,-249.9252485976975,0.0244866657465241,0.9755133342534756,109833.48681156468,0.0064136897293194,4.988478730912078,385.56599642707806,54.34370718961859
334.0108046054305,115422.15469789176,0.6364365886656409,21,14,2.995233291989371,49.38251786284072,115422.15469789176,0.0,0.999964551585267,0.7361825276894689,6.089357443304499,-6.591422430845461,3.544841473287257e-05,3.9538498339443295,-319.4337429883212,50.617482137159314,0.0048754787705353,115422.15469789176,357.1704458623648,0.999964551585267,-268.8445871523702,0.263817472310531,0.7361825276894689,115422.15469789176,0.0055515251490682,4.367289657034508,377.5459303000383,49.38251786284064
323.8098249687131,120314.43750740936,0.401722124469158,25,9,1.2929387420242393,48.45882237853125,115812.8118640038,0.0,0.7791513023110811,0.9997144631292296,3.7067901146370312,-4.512012353627064,0.2208486976889189,4.1856381158544975,-305.9093840125751,51.54117762146877,0.0052023754323994,115812.8118640038,362.2816689452648,0.7791513023110811,-243.62829205885083,0.0002855368707702,0.9997144631292296,115812.8118640038,0.0057645978763524,4.464725730759698,388.608327058978,48.458822378531245
320.0182487557798,146337.1968581917,0.4709784511999088,18,10,1.7083637257910576,48.20938621926206,107502.13155722604,0.0,0.8976801500680672,0.9874207241215822,4.327304592531545,-5.1086025053051785,0.1023198499319327,4.119789952698005,-317.7516888862511,51.790613780738205,0.0050811086623603,107502.13155722604,356.9764348402798,0.8976801500680672,-250.19735825546093,0.0125792758784177,0.9874207241215822,107502.13155722604,0.0056983739267028,4.4334308839203755,385.34370563811314,48.20938621926183
330.3458491967718,134193.78259762554,0.6267795252582335,22,12,1.331304597094308,40.68996963067944,116648.577369068,0.0,0.9946007688105968,0.9093597081592621,4.166020251923925,-4.750463457710895,0.005399231189403,4.6373073174026205,-318.47684702311267,59.310030369322405,0.0057220874480742,116648.577369068,357.64284776459374,0.9946007688105968,-252.31532342062695,0.0906402918407377,0.9093597081592621,116648.577369068,0.0047484952814881,3.697377740478189,384.8103470125283,40.68996963067757
340.4944476968008,119672.11722054452,0.3290656629986774,22,10,2.653446068194209,51.63473812841421,114465.96280152262,0.0,0.6800135634884314,0.9996604567747323,5.626754288265758,-6.217218609938746,0.3199864365115683,3.9949782989298734,-300.28971589337584,48.365261871585915,0.0049815065199758,114465.96280152262,364.37519925321305,0.6800135634884314,-244.47141319252324,0.0003395432252677,0.9996604567747323,114465.96280152262,0.0061387002486455,4.757297787274068,388.1802155076687,51.634738128414206
348.6197041887147,111786.18167398425,0.6548987610941777,24,9,1.584017978634908,48.62329940599278,106377.37344057276,0.0,0.9953604338751074,0.704842302138667,4.018207225359856,-4.25400774178128,0.0046395661248925,4.016472073063892,-324.07627241835246,51.37670059400738,0.0049349506604381,106377.37344057276,354.5198758222023,0.9953604338751074,-277.01204094078133,0.2951576978613329,0.704842302138667,106377.37344057276,0.005408605491138,4.278771285598515,373.4989898202381,48.62329940599268
323.3048758493264,118706.5265841402,0.5070977867816184,23,9,2.9817831857516897,54.559505620234,118706.5265841402,0.0,0.998597969314357,0.9022536365523444,5.441792232912992,-6.2063955355543055,0.0014020306856429,3.550334246080137,-317.6386845777135,45.44049437977412,0.0043838447772575,118706.5265841402,358.1546675185114,0.998597969314357,-251.76446825197525,0.0977463634476555,0.9022536365523444,118706.5265841402,0.0063629802888536,4.952223479410546,385.14396056436806,54.55950562022591
334.0750853810284,131001.66445791196,0.4190023492696202,15,13,1.9295367969712047,40.7248544595028,107249.97659495748,0.0,0.6386885803747537,0.9007516067561562,5.578295538779849,-6.150545193321637,0.3613114196252462,4.9304951745741565,-301.71373616292266,59.2751455404973,0.0061392341706804,107249.97659495748,363.2083332676987,0.6386885803747537,-259.04124193871286,0.0992483932438437,0.9007516067561562,107249.97659495748,0.0047240134813333,3.695630409201665,381.4081980280794,40.7248544595027
348.78301841786407,134650.5721488232,0.3205730773137937,20,7,1.2015279121125573,40.36683632387172,102165.6430782727,0.0,0.5374283682227718,0.9997831416639588,4.277786403420957,-4.664044594643445,0.4625716317772282,5.044974152154782,-297.9239773651793,59.6331636761282,0.006293798106138,102165.6430782727,364.3423587668321,0.5374283682227718,-252.44769669995023,0.0002168583360411,0.9997831416639588,102165.6430782727,0.0047723091348694,3.7192141357933206,384.1042762900142,40.36683632387172
341.43062296257136,146069.98365151594,0.5841164090002793,23,13,2.0018956238271963,43.75742591302024,108379.01849963014,0.0,0.9995423881527532,0.9498415632207512,5.10070669394316,-5.517441025717996,0.0004576118472468,4.393571954378486,-323.2057276058182,56.24257408696836,0.0054021071318578,108379.01849963014,355.056040601326,0.9995423881527532,-253.4774147209848,0.0501584367792488,0.9498415632207512,108379.01849963014,0.0051323029998544,4.000954907489591,383.92506007990767,43.757425913031646
344.89416324755246,118926.31694210463,0.5917951467849096,19,9,1.2344771788197757,47.381085837929504,108032.8005205277,0.0,0.978392168315636,0.8375389457434977,3.5687878400935604,-3.9112858588127457,0.021607831684364,4.126108165285468,-322.17803239402247,52.61891416207121,0.005076076863928,108032.8005205277,355.3926889805087,0.978392168315636,-264.47036027159174,0.1624610542565021,0.8375389457434977,108032.8005205277,0.0054243851314768,4.257648045920352,379.05568805664666,47.3810858379287
355.70137052303846,138471.7461955151,0.312642400835135,17,10,3.1900867961675887,40.32182928307059,101481.56120725986,0.0,0.5227342993516292,0.9983033178695256,8.163114761457543,-8.440229943679782,0.4772657006483707,5.061081883508182,-297.3253489090407,59.678170716929365,0.0063158833793586,101481.56120725986,364.53630718334887,0.5227342993516292,-253.06661133335385,0.0016966821304742,0.9983033178695256,101481.56120725986,0.0047639028008051,3.7142304391788024,383.7966951934404,40.32182928307059
340.1787667290486,114154.78068143156,0.307256642043412,25,10,1.644643151936687,58.63443895629344,114154.78068143156,0.0,0.7413226288093404,0.9989692448614796,3.453828894315892,-4.068112672125529,0.2586773711906595,3.381229291893538,-304.42804635570155,41.365561043706656,0.0042056752546423,114154.78068143156,362.71487003085,0.7413226288093404,-244.73899911480845,0.0010307551385202,0.9989692448614796,114154.78068143156,0.0069688689921424,5.4016374138344805,388.04890700702623,58.63443895629339
341.3689260577306,113432.70587060976,0.6954020331075061,23,14,3.426318978708837,54.37494002769719,108571.7175374594,0.0,0.9999856658550416,0.5601687593128549,6.100070795974058,-6.421103748381081,1.4334144958195889e-05,3.5638665578838005,-323.1250836252236,45.62505997230272,0.0043822347947687,108571.7175374594,355.106316263699,0.9999856658550416,-286.9690662718416,0.439831240687145,0.5601687593128549,108571.7175374594,0.005873650357417,4.674564521759649,369.3933496423348,54.37494002769717
352.31370159884386,115871.58376148704,0.4209594527174446,22,12,1.232112438503958,41.35733757606454,101439.01530387696,0.0,0.716037917455424,0.9974472390667206,4.172768382906033,-4.456408944375091,0.2839620825445761,4.814261144561341,-310.1939139096017,58.64266242393551,0.0059610763803777,101439.01530387696,359.30066570532455,0.716037917455424,-253.1851340574169,0.0025527609332793,0.9974472390667206,101439.01530387696,0.0048852366539333,3.8091192904494577,383.74173998691543,41.35733757606452
333.5818435760707,113648.14466895213,0.4503456307941919,15,11,1.9469967998331228,47.58812028272301,113648.14466895213,0.0,0.8085659334652946,0.9441855947373464,4.826453838400536,-5.441347536168749,0.1914340665347054,4.234723020959662,-308.9312682729079,52.41187971727732,0.0052529940813277,113648.14466895213,360.9218453900161,0.8085659334652946,-250.70717349377816,0.0558144052626535,0.9441855947373464,113648.14466895213,0.005587976590744,4.347438626896191,385.38610320771966,47.58812028272267
355.438674390552,125131.3826432564,0.3815479955838802,20,11,2.183495385749023,48.31572505275119,114313.67305997232,0.0,0.7356031631959753,0.9971917337563696,5.198700593387313,-5.528773962646601,0.2643968368040247,4.228829395088092,-303.974707609906,51.68427494724876,0.0052614367039448,114313.67305997232,362.90622716739966,0.7356031631959753,-244.82752375296636,0.0028082662436302,0.9971917337563696,114313.67305997232,0.0057406416165028,4.449831874974199,388.0161563992218,48.31572505275116
320.4603843389958,112335.26399410842,0.543936627607991,23,14,1.4321480207644046,53.03666931011602,112335.26399410842,0.0,0.9957507739184334,0.8561393469875533,3.447322124357648,-4.190868264559065,0.0042492260815664,3.671191288292611,-320.83327992384454,46.96333068988552,0.0045218925709005,112335.26399410842,356.3412319458303,0.9957507739184334,-260.05058568587407,0.1438606530124467,0.8561393469875533,112335.26399410842,0.006107708263104,4.779694105563393,381.2119065177448,53.03666931011449
327.1342328224326,119205.17646092144,0.6104902650086186,21,8,1.3663830870420646,53.837850096669,102687.46968370731,0.0,0.9865074953598696,0.7119179240729118,3.3184057401448217,-3.86441501987254,0.0134925046401303,3.614546831005738,-325.6580022052382,46.1621499033312,0.0044353609214884,102687.46968370731,353.5300320159723,0.9865074953598696,-278.7844089561223,0.2880820759270881,0.7119179240729118,102687.46968370731,0.0059874263982175,4.742986504367537,372.50538231856257,53.8378500966688
339.27215523000893,119949.24833736118,0.575748630009805,20,9,1.7642784840628036,40.577826489264574,119949.24833736118,0.0,0.966841338494669,0.9969675747016108,4.970886690830982,-5.482715638817299,0.0331586615053309,4.669212737911208,-315.1310564897266,59.42217351073592,0.0057744066050853,119949.24833736118,359.1897540993334,0.966841338494669,-241.38999460844155,0.0030324252983891,0.9969675747016108,119949.24833736118,0.0048328251121732,3.7370512644678464,389.7627112118094,40.57782648926408
346.56281379760554,112963.09569895298,0.6712949616962081,23,13,1.6733314119973797,52.390602294309694,102532.21017939317,0.0,0.999438602480269,0.626902051022205,3.855927890766599,-4.088434351476407,0.0005613975197309,3.7192325559444326,-326.4846265504198,47.60939770569045,0.0045615635716811,102532.21017939317,353.2112057370884,0.999438602480269,-285.6595949002657,0.373097948977795,0.626902051022205,102532.21017939317,0.0057231731186845,4.5530125243777295,369.5350142125104,52.3906022943096
350.86079765349297,143129.61553598306,0.4283073648700553,18,9,2.1873415254976374,59.64624455827716,117170.21531554234,0.0,0.9859902796226075,0.9489938403039918,3.881561724556836,-4.286281564939652,0.0140097203773923,3.160035948600186,-317.7009101232634,40.35375544171451,0.00390118438563,117170.21531554234,357.97741771700976,0.9859902796226075,-248.04961092247856,0.0510061596960081,0.9489938403039918,117170.21531554234,0.0070219561688202,5.45303787129855,386.7108581720104,59.64624455828552
342.3179404972328,117781.99721888112,0.367087215588166,24,12,1.919524167342758,52.71766689481588,117781.99721888112,0.0,0.7749213974779664,0.9986981610345864,4.328807582185755,-4.8929145949240285,0.2250786025220335,3.8425843959694,-304.5732226711899,47.2823331051842,0.0047805745577097,117781.99721888112,362.9702844219522,0.7749213974779664,-242.5239579169749,0.0013018389654135,0.9986981610345864,117781.99721888112,0.0062752042637834,4.856360417300912,389.1759211757721,52.71766689481585
341.7318897211249,114688.80336150069,0.4834892989327245,19,12,2.6040070199744334,51.894635090226,105441.29408618149,0.0,0.987860179232862,0.9840531590596772,5.258245953082939,-5.71708768180134,0.0121398207671378,3.765789962392791,-324.1708598188722,48.1053649097754,0.0046262440469489,105441.29408618149,354.3816939426929,0.987860179232862,-251.89894620088265,0.0159468409403228,0.9840531590596772,105441.29408618149,0.0061236596853096,4.769882421055533,384.49519170411463,51.894635090224654
347.6983014546675,137424.41019112658,0.3360250293847271,17,7,2.085252952138296,42.058059530716406,106047.41124266289,0.0,0.5794756879275845,0.999368560378867,5.787151078531633,-6.206045944771321,0.4205243120724154,4.867723400207913,-298.44759433478674,57.94194046928355,0.0060725162866107,106047.41124266289,364.4373654981634,0.5794756879275845,-249.90002441359772,0.000631439621133,0.999368560378867,106047.41124266289,0.0049808661935025,3.874791068100328,385.41299494564,42.0580595307164
331.14491395587345,142581.5508180111,0.5464824516839137,25,7,2.523658122076027,58.74471973953266,111994.47722123044,0.0,0.9941174417745644,0.7678829423881752,4.389620268736232,-4.966666657220992,0.0058825582254356,3.2259299161316166,-320.92221227477467,41.255280260455926,0.0039731137197199,111994.47722123044,356.27299437312814,0.9941174417745644,-268.1972077943186,0.2321170576118246,0.7678829423881752,111994.47722123044,0.0066384737530484,5.22138455467188,377.6390202564224,58.744719739544095
336.21288481186355,144276.25282425145,0.5487109568165935,20,14,1.2032431015341252,48.596546967244834,114210.7881951502,0.0,0.9497363730417652,0.8754774358641734,3.4481492805449574,-3.9730386631847296,0.0502636269582348,4.05145913578932,-317.1401243227774,51.40345303275458,0.0050018474667349,114210.7881951502,357.8845109936398,0.9497363730417652,-257.0730094806325,0.1245225641358265,0.8754774358641734,114210.7881951502,0.0056241817189052,4.392729502233272,382.60858512185064,48.59654696724543
356.92812444441813,144638.4088419261,0.4178049187017425,24,7,3.4571347027808166,43.97449491121136,112188.24424189402,0.0,0.7457362175812942,0.9999944600346,7.88567839766829,-8.160628555196855,0.2542637824187057,4.5760676664950175,-305.8069450718424,56.0255050887886,0.0056862356414471,112188.24424189402,362.00391674204326,0.7457362175812942,-245.86817893703525,5.539965399895983e-06,0.9999944600346,112188.24424189402,0.0052230998836581,4.051737504043699,387.467107793755,43.97449491121136
346.7689166703791,149542.4604127048,0.4293511954074241,17,8,3.463187093948981,42.23106459869045,105845.57015286991,0.0,0.7426510084883575,0.999219498585352,8.169978659198065,-8.560609598216917,0.2573489915116425,4.720968028372145,-309.2481497141331,57.768935401309705,0.0058510843419609,105845.57015286991,360.0836273002307,0.7426510084883575,-250.04876603917543,0.0007805014146479,0.999219498585352,105845.57015286991,0.0050007247125897,3.8906416532288817,385.3378970758152,42.231064598690445
324.6983252689116,122563.35083351174,0.6764663032183099,20,9,1.3221894292854566,43.77730512994337,106070.68988581529,0.0,0.993129206785874,0.7302202607695638,3.9541353203917935,-4.518615915818525,0.0068707932141258,4.39707654077522,-324.1198308020389,56.22269487005667,0.0054022842969394,106070.68988581529,354.47007294633306,0.993129206785874,-275.10088746152303,0.2697797392304361,0.7302202607695638,106070.68988581529,0.0048949452933615,3.867914910818884,374.3075835342164,43.77730512994329
341.2082153243613,132051.96682645983,0.6720240641501654,24,8,1.4540706181940932,49.9937863266651,119367.62811639272,0.0,0.9911863025324315,0.647217510887148,3.695725510173135,-4.086483618356872,0.0088136974675685,3.9122594356677634,-316.86352093897847,50.006213673334955,0.0048331997351485,119367.62811639272,358.50162338353914,0.9911863025324315,-273.871100277031,0.3527824891128519,0.647217510887148,119367.62811639272,0.0055252261807566,4.358962962535431,375.6174125137901,49.993786326665045
345.2882597096129,120236.85438314264,0.5525702803234203,22,10,1.638981092088482,48.06441410511288,103758.05345632198,0.0,0.9942213655796172,0.9246519702949664,4.1545029267358045,-4.503913851147634,0.0057786344203826,4.060993790532802,-325.4874177116924,51.935585894890075,0.004984236569688,103758.05345632198,353.7135258218579,0.9942213655796172,-259.0015031370531,0.0753480297050334,0.9246519702949664,103758.05345632198,0.0055950150076752,4.377781532639019,381.2566338558793,48.064414105109805
355.64705754758927,111016.15079191036,0.567526415508451,21,8,2.840389834839636,49.406165453501,105340.78520535082,0.0,0.9979933636289374,0.8732884777549107,5.880431374576925,-6.067941956125649,0.0020066363710626,3.9534015365896464,-324.8081175457362,50.5938345464906,0.0048548860660788,105340.78520535082,354.1385619618126,0.9979933636289374,-262.8909735656347,0.1267115222450893,0.8732884777549107,105340.78520535082,0.0056924656546836,4.4643954289596754,379.6127419955439,49.40616545350928
334.4674382470835,116883.87038240998,0.4456074525564544,16,13,2.223603944835141,49.75265697958979,116883.87038240998,0.0,0.8049226281035459,0.9172803603607876,5.0570859233694,-5.674051082374987,0.1950773718964539,4.0624027314929165,-306.94014941385103,50.24734302040987,0.0050465953141042,116883.87038240998,361.9781403925877,0.8049226281035459,-251.394024261914,0.0827196396392121,0.9172803603607876,116883.87038240998,0.0058165915873536,4.526404964711586,385.22585662177994,49.75265697959016
333.1319470037138,142823.00209701652,0.5107181860996418,20,9,2.6089970708652617,42.20748513087869,114826.31939742644,0.0,0.883263119076219,0.999388220659788,6.43004284568011,-7.035577740356193,0.116736880923781,4.608910315537967,-312.85011281951864,57.792514869121305,0.0057046121293239,114826.31939742644,359.5413381062424,0.883263119076219,-244.27550617881957,0.0006117793402121,0.999388220659788,114826.31939742644,0.0050184203435499,3.888569224265694,388.2816949131185,42.20748513087868
346.9653666367062,149802.85605293675,0.6741420932151138,21,12,3.4352502641661173,58.34336556140622,106593.561086627,0.0,0.9999391725024264,0.5584740697785873,5.585962081177501,-5.825753661307177,6.082749757360591e-05,3.253911905745124,-324.21813045410613,41.65663443859379,0.0039977720650361,106593.561086627,354.4922886280722,0.9999391725024264,-288.30114547364457,0.4415259302214126,0.5584740697785873,106593.561086627,0.0062945719569737,5.014339619927858,368.6946639977677,58.343365561406216
336.4944931924321,147994.57144434922,0.3317867997084616,18,11,2.3073129179304086,58.54482025403376,115179.65627972718,0.0,0.7811437390098033,0.986399721456075,4.300237896481208,-4.960629389303612,0.2188562609901965,3.3653997701931746,-306.3809467950772,41.455179745966326,0.004181496547843,115179.65627972718,362.0433791688111,0.7811437390098033,-245.42272278717056,0.013600278543925,0.986399721456075,115179.65627972718,0.0069423512702328,5.383059489114546,387.7880417226233,58.54482025403363
335.08684615704334,121193.04359680317,0.4619703644933015,19,14,3.1360395572742146,42.46113474839483,107033.06722191884,0.0,0.792670512010199,0.986159704084088,7.4784968113933985,-8.03378529197843,0.2073294879898009,4.661796890422101,-311.67340055698776,57.53886525160544,0.0057699973028941,107033.06722191884,359.2484084395292,0.792670512010199,-250.63466258744415,0.0138402959159119,0.986159704084088,107033.06722191884,0.0050164724474439,3.904059220088232,385.12855654250495,42.46113474839444
354.5230820378786,148121.3875900251,0.6958096213644572,17,12,2.509081939755744,55.37902480253142,116910.09463396888,0.0,0.9997982692935864,0.5491255317539786,4.71180684753808,-4.879868820345108,0.0002017307064134,3.4855527345082886,-318.6428397913726,44.62097519746872,0.0043006119544059,116910.09463396888,357.609374106994,0.9997982692935864,-282.8769903780179,0.4508744682460214,0.5491255317539786,116910.09463396888,0.0059897426673793,4.752306637798272,371.6699423463691,55.37902480253141
348.92671796017595,119448.36441401872,0.322241351869329,15,11,2.619844309789132,50.77028919781182,117533.6938795004,0.0,0.6275486233702795,0.9738016472799568,5.705524720915489,-6.177569407274291,0.3724513766297205,4.102610268817761,-295.0832867615548,49.22971080218832,0.0051329781365457,117533.6938795004,366.70156656252266,0.6275486233702795,-245.28515598279768,0.0261983527200431,0.9738016472799568,117533.6938795004,0.0060101463902776,4.65923799881056,387.9457273954071,50.77028919781174
358.011440396167,130821.9355932384,0.5275235725363512,15,12,2.7402631142845384,43.17359894166685,111268.35981651262,0.0,0.8733319732535119,0.9276399382712835,6.574986962658712,-6.7709760355008495,0.1266680267464879,4.539779377654888,-314.19543613386423,56.82640105833262,0.0056127716157151,111268.35981651262,358.69125667182163,0.8733319732535119,-253.8510464776033,0.0723600617287162,0.9276399382712835,111268.35981651262,0.0050462260574346,3.934127935614792,383.89083295564456,43.173598941667386
326.6687568751084,114005.07924011866,0.4814672172707583,22,12,3.0205856493273013,44.49277208718016,108737.8798006856,0.0,0.8667591655194888,0.9992060916998748,6.919936291107853,-7.604719420279096,0.1332408344805111,4.439509971807832,-315.2109860369376,55.50722791281978,0.0054842405234233,108737.8798006856,358.0586322548048,0.8667591655194888,-248.16025639057392,0.000793908300125,0.9992060916998748,108737.8798006856,0.0052755369129566,4.098998702682438,386.30356671196733,44.49277208718014
322.95307886986035,118770.79907282164,0.6491639433285442,19,8,2.1982468728531277,43.20943880659132,102626.32377264676,0.0,0.9977524981091288,0.8089891870604194,5.504408694196166,-6.098710754414726,0.0022475018908711,4.437805539826219,-326.33469907761764,56.79056119341057,0.0054434041806947,102626.32377264676,353.2764983781034,0.9977524981091288,-270.53529957205353,0.1910108129395805,0.8089891870604194,102626.32377264676,0.0049046885672531,3.865481812588509,376.101672044026,43.209438806589446
339.0844257284534,115735.01105313346,0.4903899568602827,21,8,1.4282626989037257,52.22090810030119,102038.4464804823,0.0,0.966042079564732,0.9448040546903989,3.5407156763309806,-4.007115512040564,0.033957920435268,3.7548706239379617,-324.8590344818064,47.7790918997064,0.0046093777960909,102038.44648048228,353.7493688299662,0.966042079564732,-258.1566051449784,0.0551959453096011,0.9448040546903989,102038.44648048228,0.00610033520263,4.771122489562349,381.54965236074736,52.220908100293606
356.5477533005545,121562.75859875024,0.683392411838479,17,8,1.509213015542224,59.06796366827438,104662.78132411386,0.0,0.9928388581711866,0.5310431704536,3.112864753720959,-3.196435097137196,0.0071611418288133,3.201388148527055,-324.8953911633225,40.932036331725634,0.0039309184239332,104662.78132411386,354.03089907437186,0.9928388581711866,-291.5065133528853,0.4689568295463998,0.5310431704536,104662.78132411386,0.0063308954383681,5.053888334475997,367.20864300179966,59.067963668274366
335.41718889837875,149978.7649511532,0.5149270159945011,21,11,2.7917995482925395,59.92859014931153,108873.03240958948,0.0,0.9995025383822712,0.8090856850023957,4.589373045348771,-5.11229517632072,0.0004974616177288,3.1303311607135766,-322.9316213585838,40.07140985069178,0.0038496946702454,108873.03240958948,355.2092954693264,0.9995025383822712,-266.50961138392194,0.1909143149976041,0.8090856850023957,108873.03240958948,0.0068221242076652,5.361244825958592,378.2064328136245,59.92859014930822
353.68224851498064,119793.35174680108,0.5129813368172378,24,14,1.3126980772309471,54.02005063436494,106460.54676229692,0.0,0.9705322052406286,0.8764697191380069,3.235373840646348,-3.4834461069728024,0.0294677947593713,3.6105834635376737,-322.6002847540682,45.97994936563396,0.0044400688236872,106460.54676229692,355.06784897195007,0.9705322052406286,-261.86527137704354,0.123530280861993,0.8764697191380069,106460.54676229692,0.0062315079925622,4.883721647543601,380.12200002039,54.02005063436606
354.4678048735916,134006.82520077925,0.3745841389377325,25,11,2.2867083657150165,43.01061677558226,114646.37506056888,0.0,0.6572328716984907,0.9999275085758444,5.982160843630028,-6.324722827078827,0.3427671283015091,4.725542216744982,-298.6849150969017,56.98938322441754,0.0058982406894003,114646.37506056888,365.03026192829543,0.6572328716984907,-244.3305678377398,7.2491424155717e-05,0.9999275085758444,114646.37506056888,0.0051141075736894,3.962886969516733,388.24998186336734,43.01061677558225
322.5873072022927,125026.09900895967,0.5227047329016984,19,9,2.1409901423392164,45.583714438186746,113145.52988879936,0.0,0.9578489400066252,0.996755599066182,5.197833944881843,-5.947096606388208,0.0421510599933748,4.282729038433815,-318.1889889666809,54.41628556181341,0.0052836122862124,113145.52988879936,357.39079593392233,0.9578489400066252,-245.60592711022895,0.003244400933818,0.996755599066182,113145.52988879936,0.0054127263946226,4.197937463619004,387.6230340918585,45.583714438186576
352.44586527217257,117661.5629271735,0.5915657327770234,21,9,1.9249716197042652,54.58746765090457,111482.82555350508,0.0,0.9961081454012471,0.7449821268409845,4.010202884836407,-4.248078316256368,0.0038918545987526,3.5497355059567948,-321.31361548356705,45.412532349096026,0.0043707083048208,111482.82555350508,356.076737850686,0.9961081454012471,-270.48047090934534,0.2550178731590154,0.7449821268409845,111482.82555350508,0.0061375377207139,4.834342494871913,376.6209945890701,54.5874676509039
349.478591228276,132575.05928098393,0.3009353014342477,20,13,2.924844616115478,56.36351429011753,113272.07908101934,0.0,0.6819783775387792,0.9940672539369194,5.455246806793936,-5.918683638239413,0.3180216224612207,3.6031780323378144,-301.08956378689913,43.63648570988244,0.0044903683317584,113272.07908101934,363.95881683855447,0.6819783775387792,-245.80955125803985,0.0059327460630805,0.9940672539369194,113272.07908101934,0.0066892099087187,5.1885553586877,387.5379458361146,56.363514290117465
330.1478638261384,141965.8196273871,0.5885573905058958,18,11,3.2720881599699654,41.393554891821736,103987.6681946105,0.0,0.997502840032228,0.990441903044498,7.583118790972429,-8.142872390983309,0.0024971599677719,4.579910050056566,-325.54440929489186,58.60644510817813,0.0056210747259245,103987.66819461048,353.71876477611835,0.997502840032228,-252.20002821930763,0.0095580969555019,0.990441903044498,103987.66819461048,0.0048879716912123,3.808387629133815,384.2962351592994,41.39355489182175
356.8455554500134,121714.45357639226,0.3046684498553479,23,13,1.397203820876566,49.66901938837739,117879.39805569669,0.0,0.6022867400880161,0.9969163323654476,3.8742132607558735,-4.235536826757142,0.3977132599119839,4.212219941772535,-293.16979787851005,50.33098061162259,0.0052763334071799,117879.39805569669,367.50010597123486,0.6022867400880161,-242.65311273394627,0.0030836676345523,0.9969163323654476,117879.39805569669,0.0059102664827337,4.5742771150218005,389.12269229603226,49.66901938837734
332.3189048090876,118138.247217554,0.324571481868426,22,8,1.9812892850522172,40.54296207817268,114352.56600189432,0.0,0.5458584826619058,0.9999501841217516,5.73733155282408,-6.4391499501241976,0.4541415173380941,5.023043345650598,-291.2395155125937,59.457037921827286,0.0062976893677944,114352.56600189432,368.0274826086334,0.5458584826619058,-244.5115639913215,4.981587824830669e-05,0.9999501841217516,114352.56600189432,0.0048200952779172,3.735536544163312,388.1578001509996,40.54296207817267
334.3404620612847,127108.99028172274,0.6862795257124357,20,12,3.3922071023678786,57.18459437025365,115862.25686104932,0.0,0.9999334655105814,0.548560308472194,5.661463618194271,-6.119233440643671,6.653448941861142e-05,3.344430071648952,-319.2001405211143,42.815405629746365,0.0041247395761146,115862.25686104932,357.30034774742825,0.9999334655105814,-283.52276938636004,0.4514396915278061,0.548560308472194,115862.25686104932,0.0061815772768177,4.9067967750947705,371.3311191103827,57.18459437025364
345.9414860179728,115562.34776195066,0.3259407515062799,25,8,1.378715684766489,51.738923564742606,115562.34776195066,0.0,0.6751621802058275,0.9998063051020356,3.656199498440525,-4.170427765486202,0.3248378197941724,3.989656652678267,-299.3583565204589,48.26107643525741,0.0049780862769331,115562.34776195066,364.8349888866145,0.6751621802058275,-243.77376847678855,0.0001936948979643,0.9998063051020356,115562.34776195066,0.0061542433694725,4.7670026187546695,388.53379130060415,51.7389235647426
359.76694474241384,115262.51304326892,0.4266202247792889,19,10,3.476799141885808,45.90727405502484,115262.51304326892,0.0,0.7877099830845585,0.9988532919913368,7.587099028432162,-7.833051575740019,0.2122900169154415,4.386354536222119,-306.7470516779699,54.09272594497512,0.0054488864681743,115262.51304326892,361.909024735758,0.7877099830845585,-244.06078221077615,0.0011467080086631,0.9988532919913368,115262.51304326892,0.0054587302593922,4.229085765909185,388.3945271847141,45.90727405502484
342.7810220747913,140627.1302480322,0.34640581318446,18,11,1.6181329201192305,54.532836882729,119299.79761989812,0.0,0.7382356250609293,0.9802852410350014,3.751306196598972,-4.3226261445411485,0.2617643749390707,3.7184638059063833,-301.41631800577704,45.467163117271205,0.004635416134388,119299.79761989812,364.3275433933703,0.7382356250609293,-243.53715358377457,0.0197147589649985,0.9802852410350014,119299.79761989812,0.0064695558132246,5.009489962578105,388.7891656755359,54.53283688272875
331.6807225263957,122211.7619616218,0.3486053098257118,19,8,1.874907560212638,51.408400546814896,108109.79488369817,0.0,0.716023140441242,0.9986807342317968,4.439129071677784,-5.118712891516199,0.2839768595587578,3.989130611702561,-306.2417921939002,48.59159945318508,0.0049539172901438,108109.79488369817,361.4733672016645,0.716023140441242,-248.62294357228143,0.0013192657682033,0.9986807342317968,108109.79488369817,0.0060930833273405,4.7357380130226,386.0708360559961,51.40840054681488
349.5112611816735,125733.51218331423,0.4352907198306162,23,12,1.4976402715587165,59.71644659847284,117958.35536966663,0.0,0.9500709618035806,0.9119700190242116,3.0579492639141908,-3.473186651397171,0.0499290381964193,3.1748344259765933,-315.17464157846064,40.2835534015296,0.0039254607762371,117958.35536966663,358.9794648453996,0.9500709618035806,-251.26474702350808,0.0880299809757883,0.9119700190242116,117958.35536966663,0.0069767221843528,5.428444128236516,385.330164591042,59.71644659847052
331.587960231229,126725.22717333517,0.4028347202729999,17,13,3.094422077038123,51.37737445288704,115444.4489536382,0.0,0.7947574667333978,0.9680739364552822,6.229795521682429,-6.9159217454119695,0.2052425332666022,3.93798013196122,-307.0880829158826,48.6226255471138,0.004890989855121,115444.4489536382,361.7934503094048,0.7947574667333978,-247.16068102764584,0.0319260635447176,0.9680739364552822,115444.4489536382,0.0060689524525148,4.710823122135456,387.0303102775373,51.37737445288623
357.9630185473532,124646.96154560012,0.4575559540393419,22,10,3.354856597196214,52.60988250520244,108995.20329221112,0.0,0.9649199581381877,0.9994692021087704,6.278961432765104,-6.52444883507907,0.0350800418618122,3.7250477420864327,-320.86475511860283,47.390117494797536,0.0045866056219382,108995.20329221112,355.97658745901464,0.9649199581381877,-247.96610560514935,0.0005307978912294,0.9994692021087704,108995.20329221112,0.0062390760676179,4.847000280976676,386.4008908430707,52.60988250520241
349.3841480396472,127197.8793641088,0.4117926803192807,21,7,3.1567223268248688,41.03389216129728,110092.68656578148,0.0,0.698333196720749,0.9999688684967564,7.801041230104055,-8.179886430536937,0.301666803279251,4.855457808506559,-303.9618823691644,58.96610783870272,0.0060390104208487,110092.68656578148,362.5494831520664,0.698333196720749,-247.2066808563288,3.11315032436407e-05,0.9999688684967564,110092.68656578148,0.0048692157450258,3.780780482309472,386.7850187543894,41.03389216129728
332.44097648757094,120534.26167523809,0.3383651710389853,17,9,1.6484854542349274,59.871305546006894,103424.7014369861,0.0,0.8107783177113456,0.9782693610791934,3.335671532642544,-3.990634116398178,0.1892216822886543,3.2410331313112053,-314.8818751882318,40.128694453993354,0.0040025516444623,103424.7014369861,357.65761499837305,0.8107783177113456,-253.8365008354878,0.0217306389208064,0.9782693610791934,103424.7014369861,0.0070494146405048,5.4981989162444105,383.5405392983547,59.871305546006575
340.90042016555367,138891.30143426132,0.4051089905928819,24,10,3.3042683876773955,45.42526166484758,113127.35076459136,0.0,0.7422654301396928,0.9999569086866336,7.418698372493269,-7.951895945358857,0.2577345698603071,4.460228392352522,-305.060381332704,54.574738335152645,0.005545198871617,113127.35076459136,362.37831378555774,0.7422654301396928,-245.27923204591724,4.30913133663142e-05,0.9999569086866336,113127.35076459136,0.005397627198462,4.185384836011476,387.7672217092138,45.42526166484759
324.7545549654736,111827.60317948434,0.428416181960788,15,9,2.719796257273745,48.18330848976468,107301.91275066604,0.0,0.8162451221636488,0.9886579705437276,6.032919862569802,-6.764923841845062,0.1837548778363511,4.181052272575196,-312.96604126201305,51.81669151023541,0.005171127214144,107301.91275066604,358.7751636390933,0.8162451221636488,-250.19900254306248,0.0113420294562722,0.9886579705437276,107301.91275066604,0.0056962980333651,4.431868914051854,385.33425993529914,48.183308489764606
325.68095803474523,140795.2068661181,0.6207675168781807,18,10,2.756075376019286,43.24403644013528,114491.69650326711,0.0,0.9994368323084868,0.8762198977344423,6.422536130281741,-7.06169459891662,0.0005631676915132,4.433761078282755,-319.8952119964283,56.755963559859495,0.0054652981757824,114491.69650326711,356.90699908349984,0.9994368323084868,-256.8298631613162,0.1237801022655576,0.8762198977344423,114491.69650326711,0.0050061340251142,3.9093567772604096,382.72856563139624,43.24403644014046
336.72035165415383,139137.59874999366,0.4570642795121567,17,9,1.797465727717174,41.92150177097231,101332.90730335878,0.0,0.7834986978099721,0.9951814651317173,5.127047180515318,-5.630966604511372,0.2165013021900277,4.712989692582143,-314.4570741179653,58.07849822902775,0.0058207343704901,101332.90730335878,357.61489598015567,0.7834986978099721,-253.4940735616883,0.0048185348682825,0.9951814651317173,101332.90730335878,0.0049491889834882,3.859747982181609,383.59870474468215,41.92150177097228
334.6659211901568,138460.8667927803,0.6814343776847227,23,7,3.4448540313887523,49.153498985882464,117866.28746527457,0.0,0.9984493258851336,0.6464995683766162,6.800106259359045,-7.272538217627136,0.0015506741148664,3.97281969724046,-318.06574858939297,50.84650101411741,0.0049039086335503,117866.28746527457,357.915371990814,0.9984493258851336,-274.7961169045416,0.3535004316233839,0.6464995683766162,117866.28746527457,0.0054281262341066,4.285203239990673,375.13636357229217,49.153498985882685
352.8954198440504,118267.46885661552,0.6760971698886691,20,8,2.8497628479245183,55.88677849460015,108751.7699787868,0.0,0.998683244495319,0.5785303349880979,5.130714689082793,-5.295125844379502,0.0013167555046809,3.446579653211244,-322.9511373672124,44.11322150539985,0.0042385180995723,108751.7699787868,355.18902973560773,0.998683244495319,-285.4830094839094,0.421469665011902,0.5785303349880979,108751.7699787868,0.0060606439206687,4.818929566569884,370.0321392533243,55.88677849460014
356.7990711630629,118068.14666662778,0.5977832325848143,23,13,2.002992205924357,43.22271568235746,118068.14666662778,0.0,0.999491287880362,0.9298997717828604,5.128481545109967,-5.353905378668797,0.0005087121196379,4.435383282357541,-318.0216693126601,56.77728431763551,0.005475128823772,118068.14666662778,357.9517360369281,0.999491287880362,-249.42364977811627,0.0701002282171395,0.9298997717828604,118068.14666662778,0.005069509065052,3.93997368640826,386.1442530432656,43.222715682364296
347.1995231281994,109766.5684275116,0.5416517691581317,20,11,2.4003269224061894,54.78286322800594,109766.5684275116,0.0,0.9992083241727692,0.8360100781772944,4.642422981800934,-4.986891763067558,0.0007916758272307,3.532495867040311,-322.4252114655456,45.2171367719862,0.0043459422636766,109766.5684275116,355.48975535710935,0.9992083241727692,-263.51354757977555,0.1639899218227055,0.8360100781772944,109766.5684275116,0.0062746311834599,4.9215944040841135,379.5647538125133,54.78286322801382
331.2681969434893,116468.86130329364,0.6290928781650924,17,12,2.9259797957071765,40.45082627377419,116468.86130329364,0.0,0.9994876811106118,0.9161791595083468,7.037099023864561,-7.607992099892369,0.0005123188893881,4.651923455777358,-318.85570676992256,59.549173726205225,0.0057387731565365,116468.86130329364,357.4872523110011,0.9994876811106118,-251.75544520306448,0.083820840491653,0.9161791595083468,116468.86130329364,0.0047271440483072,3.679516756828461,385.0485075882244,40.45082627379465
354.20586909378176,127708.5528779549,0.355530906606496,25,8,1.6395645986015528,56.25215044633213,105559.24920289897,0.0,0.811993001630638,0.9994641451669852,3.6198517131549193,-3.947207670518176,0.1880069983693619,3.532592351136957,-313.7100355574029,43.74784955366795,0.0043664976938418,105559.24920289897,358.31962505399935,0.811993001630638,-250.2121091230856,0.0005358548330149,0.9994641451669852,105559.24920289897,0.0066604782228335,5.182562022933242,385.25258511437255,56.252150446332045
333.63726187637155,136311.43376067252,0.655617396232303,22,9,2.539624956211741,43.73493323749712,104523.893399897,0.0,0.9991351067328408,0.786318728614522,6.028281507490207,-6.477943999919349,0.000864893267159,4.395650472382272,-325.3339371265482,56.26506676250178,0.0053958839754414,104523.893399897,353.85580307250405,0.9991351067328408,-271.2947781056076,0.213681271385478,0.786318728614522,104523.893399897,0.0049449284792673,3.89858488623592,375.87552318104247,43.73493323749817
330.2391669316644,119552.56429562625,0.4168441900395653,15,13,1.6925980631599158,44.019924113012976,109062.04909879004,0.0,0.6537869504785069,0.8844755868003717,4.828607907562104,-5.468147201917987,0.3462130495214931,4.644556531527858,-301.6496380340735,55.98007588698715,0.0057842549271866,109062.04909879004,363.385464159019,0.6537869504785069,-259.4386356610313,0.1155244131996282,0.8844755868003717,109062.04909879004,0.0050926633367256,3.984596213715428,381.32084103146167,44.01992411301279
324.0972278139338,109507.070666518,0.4635672079742268,19,13,1.864911476148969,50.18100341871687,109507.070666518,0.0,0.8987682512124204,0.9684942855823454,4.398165377929369,-5.1341124560719145,0.1012317487875794,3.962193288366163,-316.69325953438096,49.8189965812837,0.0048907011845643,109507.070666518,357.57697006181024,0.8987682512124204,-250.85650667936943,0.0315057144176546,0.9684942855823454,109507.070666518,0.0059125323984498,4.601422995263958,385.13833645647526,50.18100341871624
325.06537064133977,107388.54818017442,0.5503699027634346,18,14,1.827796603824285,49.63422981888783,104750.02361088278,0.0,0.980513259580361,0.8861131762210788,4.327777406049417,-4.96792058634876,0.0194867404196388,3.947929584663629,-324.13919034898214,50.36577018111174,0.0048497453464526,104750.02361088278,354.3165028033279,0.980513259580361,-262.0659166084297,0.1138868237789211,0.8861131762210788,104750.02361088278,0.0057328666031588,4.493932117896118,379.94741838637935,49.6342298188883
325.8975014441142,111575.6628549236,0.652920154082646,22,10,1.5031888337213006,58.65118639282701,111575.6628549236,0.0,0.9960170164949554,0.5889615380978805,3.1247529470086133,-3.699181287363575,0.0039829835050445,3.2321419748198044,-321.2581682034093,41.34881360717302,0.0039798269727694,111575.6628549236,356.10671311502915,0.9960170164949554,-282.9914396634075,0.4110384619021195,0.5889615380978805,111575.6628549236,0.0063821940330208,5.065876694774784,371.27255308484655,58.65118639282696
347.1243910978704,108979.93339844824,0.6323745629116055,19,9,3.0787479863341534,59.827586358577605,108979.93339844824,0.0,0.9992542352978337,0.6139740339947451,4.949142811428104,-5.221329929779222,0.0007457647021661,3.138361371740223,-322.85862962621445,40.17241364142259,0.003859774716471,108979.93339844824,355.24738959430914,0.9992542352978337,-282.6378861751281,0.3860259660052547,0.6139740339947451,108979.93339844824,0.0065369270938768,5.18847575622076,371.2524752344008,59.82758635857757
350.3994836320238,131388.6109990725,0.4648314374341886,20,8,3.212786318365952,42.81701990246108,104383.7362104716,0.0,0.8127675260151703,0.9998441162093212,7.554834190756176,-7.869885842469741,0.1872324739848297,4.616843629894023,-314.44103654345287,57.1829800975388,0.0057036149554608,104383.7362104716,357.9225406894182,0.8127675260151703,-250.95224428599167,0.0001558837906786,0.9998441162093212,104383.7362104716,0.0050673444659458,3.94499937090596,384.87085727555115,42.81701990246109
329.96882886656584,113239.74495388156,0.5234864586165913,23,13,1.3246804817923727,46.0378484962768,113239.74495388156,0.0,0.954542188818827,0.9817650980803752,3.817271338511848,-4.459094676159316,0.0454578111811729,4.249490187735059,-317.94425012674543,53.96215150372652,0.0052433959448605,113239.74495388156,357.49035439530013,0.954542188818827,-247.11708415725013,0.0182349019196247,0.9817650980803752,113239.74495388156,0.0054490995280621,4.230079819708227,386.9569756191812,46.037848496273405
336.96793848638663,112543.83927492348,0.4134607157994548,20,8,3.0723017784300817,55.322607789318326,109995.22745027432,0.0,0.9245332788613748,0.9992709008117634,5.577784816968872,-6.168974599770029,0.075466721138625,3.5371261525073177,-317.9481231164201,44.67739221068176,0.0043630312094922,109995.22745027432,357.158065198607,0.9245332788613748,-247.342882463114,0.0007290991882366,0.9992709008117634,109995.22745027432,0.0065634751939592,5.096772453330111,386.7203566948885,55.3226077893183
328.95609717294235,114867.38174958348,0.3914987750567346,22,11,2.3272806307003258,44.68115324025216,105230.65050276568,0.0,0.7073544744878346,0.99955588150215,5.864122584375715,-6.537962520914785,0.2926455255121652,4.548130749349362,-307.37311821670073,55.31884675974779,0.0056429190408769,105230.65050276568,360.7681302723781,0.7073544744878346,-250.4199000400997,0.0004441184978499,0.99955588150215,105230.65050276568,0.0052897228873122,4.116572970328324,385.14555370520657,44.681153240252144
348.98564375020675,110886.01788873025,0.6666306481861703,25,9,1.5588154418671298,43.53004573187274,110886.01788873025,0.0,0.9953501560779148,0.7598052828034005,4.364309951565618,-4.616518698479394,0.0046498439220851,4.414655085138748,-321.59309323089224,56.46995426812936,0.0054344613138935,110886.01788873025,355.91178926514027,0.9953501560779148,-269.57765388225874,0.2401947171965994,0.7598052828034005,110886.01788873025,0.0049083434037481,3.864132436507081,376.9791179615572,43.53004573187058
347.6204770856568,144144.0470320116,0.6184459930356376,19,9,3.3727749247992227,40.003618749518026,112662.4158633518,0.0,0.9994237431217968,0.9529344734472718,7.910516555676353,-8.239080252584527,0.0005762568782032,4.686912678703197,-320.8701720848032,59.996381250465255,0.0057730490454405,112662.4158633518,356.3623430425185,0.9994237431217968,-250.44006743760752,0.047065526552728,0.9529344734472718,112662.4158633518,0.0047042059998287,3.659461483151433,385.4610323557652,40.00361874953481
356.29540779092736,144479.17834809795,0.526425251525605,22,12,3.2772029004989687,47.53545672319754,108495.42204740328,0.0,0.9995097230238602,0.9957146928339659,6.77914348214655,-7.0138770486827005,0.0004902769761397,4.098462804273905,-323.139724945885,52.464543276856375,0.0050395080493575,108495.42204740328,355.09268638538686,0.9995097230238602,-248.68456095670095,0.0042853071660341,0.9957146928339659,108495.42204740328,0.0056314087543087,4.376985078846433,386.05988370919874,47.535456723143525
325.22306121211915,114021.18418460323,0.670661178820448,22,10,1.8468692891963776,57.40973907409401,114021.18418460323,0.0,0.9983769509500492,0.5724595959756316,3.654524855265065,-4.239651651669119,0.0016230490499508,3.3277732502206194,-320.0836629753619,42.59026092590603,0.0041013589387788,114021.18418460323,356.78976680111026,0.9983769509500492,-282.7974876053345,0.4275404040243683,0.5724595959756316,114021.18418460323,0.0062321373502681,4.94536081135627,371.5143943427128,57.40973907409398
351.0226012388081,102693.17399015276,0.3279063374276135,17,12,1.7244311725725523,59.56322605457878,101531.86838734803,0.0,0.7421859596400454,0.9533432278368384,3.4983435593670804,-3.8550907303894006,0.2578140403599545,3.3048203747397924,-311.7807766980572,40.436773945421514,0.0040882020721855,101531.86838734803,358.6822552630801,0.7421859596400454,-257.64343508572034,0.0466567721631614,0.9533432278368384,101531.86838734803,0.0069691965163806,5.449081849910324,381.7542079602412,59.56322605457848
323.93746578881627,140945.3508912241,0.5314479009429433,20,11,2.048368870276232,59.29461204099073,112987.07269913927,0.0,0.9983949753336642,0.7891084053578642,3.741750081269553,-4.437329537517384,0.0016050246663357,3.1804891527248147,-320.6366298796779,40.70538795901021,0.003918183841084,112987.07269913927,356.48115187217803,0.9983949753336642,-265.7306170805484,0.2108915946421357,0.7891084053578642,112987.07269913927,0.0067337115134504,5.287913665986465,378.7639781602956,59.29461204098986
338.7554555486786,135473.51734826207,0.3866884915255906,18,10,2.550146570200247,52.58222970070635,111058.4947634752,0.0,0.8097331779894826,0.9948060910217796,5.265463156686305,-5.839082649299961,0.1902668220105174,3.8304375809753815,-310.4406733880522,47.41777029929377,0.0047461699991045,111058.4947634752,360.1027374654738,0.8097331779894826,-247.13285952564993,0.0051939089782203,0.9948060910217796,111058.4947634752,0.0062352880169236,4.841013326189822,386.85838877608967,52.5822297007063
339.42629127852194,136653.20563104554,0.3355542699997072,24,14,1.830360239004373,57.9447418355246,115203.94786805424,0.0,0.788859461226362,0.9934465373288652,3.7287479009561135,-4.344553702460804,0.211140538773638,3.4095636828045426,-306.85101995027014,42.05525816447558,0.0042351998730831,115203.94786805424,361.8636486385632,0.788859461226362,-244.6679371079112,0.0065534626711348,0.9934465373288652,115203.94786805424,0.0068817999464404,5.333611100391928,388.1232218378512,57.94474183552441
355.33325680142315,146840.45688977398,0.4472305420317344,19,10,2.8131149220156098,45.27252691408648,114923.9289412996,0.0,0.815705347710151,0.9981984274815296,6.509397158321111,-6.813646863109047,0.1842946522898488,4.4163355362389405,-308.6736329282684,54.72747308591356,0.0054797258980521,114923.9289412996,361.13674827413735,0.815705347710151,-244.3406007591476,0.0018015725184704,0.9981984274815296,114923.9289412996,0.0053816869519077,4.170195518905374,388.25681674867405,45.27252691408646
322.78802888075296,118055.31869284596,0.3174353552498318,24,12,2.5975203882562456,54.68386400347684,118055.31869284596,0.0,0.6999275282128902,0.9995332358229728,5.168746388012817,-6.052065313937156,0.3000724717871097,3.730462087685269,-299.6082080358972,45.3161359965232,0.0046549121425811,118055.31869284596,364.9370696692627,0.6999275282128902,-242.2682993799109,0.0004667641770273,0.9995332358229728,118055.31869284596,0.0065112011984298,5.03812735435535,389.29983582571225,54.68386400347684
323.99873761204367,114648.76804926724,0.6479655892202412,23,12,3.259543632463993,41.4787962324472,105918.74116975366,0.0,0.999937265102324,0.8486208124022468,7.538943843366789,-8.140826731669263,6.273489767604777e-05,4.571250401423228,-324.59506007114794,58.52120376755381,0.0056146479770497,105918.74116975366,354.28047016115784,0.999937265102324,-264.8093797311541,0.1513791875977529,0.8486208124022468,105918.74116975366,0.0047552904195114,3.733717833166682,378.79683492703646,41.478796232446
353.7253241158688,114535.93262331682,0.3413782697410661,18,11,2.822832708074808,46.38108209790332,114535.93262331682,0.0,0.6334523722761086,0.9962744243486812,6.566757764706376,-6.93909504099162,0.3665476277238913,4.4639493532151535,-297.159024038597,53.61891790209678,0.0055767992254639,114535.93262331682,365.6339689184929,0.6334523722761086,-244.78561184784576,0.0037255756513186,0.9962744243486812,114535.93262331682,0.0055102161195517,4.271056344328115,388.04381475368695,46.381082097903295
343.69207026712485,111662.91888183146,0.3391225620279208,16,14,2.392259479262963,53.74792913077749,101519.02113307628,0.0,0.6335271140032128,0.9142233886421272,5.057435090658785,-5.506371796467184,0.3664728859967871,3.850586881886102,-304.82339641236456,46.252070869222806,0.0047833714109476,101519.02113307628,361.4613315711453,0.6335271140032128,-261.51271376215567,0.0857766113578728,0.9142233886421272,101519.02113307628,0.006236032255836,4.887582804382382,380.0307486297316,53.74792913077724
351.05701422720153,146205.60317867916,0.6587370420153853,22,12,2.170887258820704,58.767357119154966,115486.77719210176,0.0,0.9996083637374188,0.5804267755506952,3.937057455311408,-4.167813660907488,0.0003916362625812,3.220984107640455,-319.3789694950635,41.23264288084504,0.0039719350138246,115486.77719210176,357.19694231255886,0.9996083637374188,-281.33584374916086,0.4195732244493048,0.5804267755506952,115486.77719210176,0.0063941406887834,5.068875451743284,372.22412046518656,58.76735711915492
327.3392078679096,145708.5636437761,0.6345217658163792,22,14,2.082089783693081,49.591400382854175,106886.91597156112,0.0,0.99985698477964,0.7368336836483742,4.696705991490974,-5.251995408174518,0.00014301522036,3.937609588368858,-324.05003391043147,50.40859961714586,0.0048383817767505,106886.91597156112,354.58576682099766,0.99985698477964,-274.02945143337894,0.2631663163516258,0.7368336836483742,106886.91597156112,0.0055548306996228,4.386215746112904,374.82028478961456,49.591400382854125
337.2346143185901,108373.923472215,0.6572690413362475,20,10,1.51529584262873,40.29665799519768,104925.28271949136,0.0,0.9966373017482076,0.8455374027952582,4.547127983496222,-4.953389113610156,0.0033626982517922,4.666353937000644,-324.96452120373124,59.70334200480074,0.0057296469381945,104925.28271949136,354.03518303947294,0.9966373017482076,-265.7364813194158,0.1544625972047417,0.8455374027952582,104925.28271949136,0.0046146219337042,3.625564726747693,378.3366953601375,40.29665799519922
341.5538896460239,119885.7308626623,0.3885860174999275,18,11,3.1728596402255764,50.517968417112186,116323.59640762067,0.0,0.7799463049648633,0.9947489168096884,6.47408663270911,-7.028239973751812,0.2200536950351365,4.017863918941099,-305.68082788056324,49.482031582887934,0.0049947416866362,116323.59640762067,362.41484804607376,0.7799463049648633,-243.83761621021736,0.0052510831903114,0.9947489168096884,116323.59640762067,0.0060043974460386,4.65092540633849,388.5362782681337,50.51796841711216
357.35346617725736,140506.78673466784,0.3681681847695264,20,13,1.720719150688472,41.77099676209117,107156.640115432,0.0,0.6278762777405874,0.993866350165176,5.096391855814465,-5.354111205638097,0.3721237222594124,4.8523082548571175,-301.05038390658353,58.229003237908806,0.0060442585302848,107156.640115432,363.4685486346396,0.6278762777405874,-249.7496614544916,0.0061336498348239,0.993866350165176,107156.640115432,0.0049434862400398,3.845120327262232,385.52806307769725,41.77099676209114
351.3963245511991,131240.34550381577,0.6989729277003986,22,13,3.0244937360325,41.707681179824334,107450.16154559664,0.0,0.999962836469208,0.7217025744441421,7.089917324296726,-7.272048118720771,3.716353079201754e-05,4.553350667391141,-323.743279939558,58.29231882017554,0.0055962947542216,107450.16154559664,354.7592041381759,0.999962836469208,-274.94281433640646,0.2782974255558577,0.7217025744441421,107450.16154559664,0.0046580829256117,3.6800716648135383,374.45776828143727,41.70768117982436
342.00252683279035,118989.83199700568,0.4333268516310712,15,9,3.280384997977718,52.32139035135755,116749.13849253525,0.0,0.894259678363136,0.9867047295716036,6.273450046926921,-6.80593049024043,0.105740321636864,3.794979704424368,-312.4815713707696,47.67860964864254,0.0046990281346201,116749.13849253525,359.86253863002446,0.894259678363136,-244.42137008701647,0.0132952704283963,0.9867047295716036,116749.13849253525,0.0062090274478411,4.811053487193643,388.2953056962988,52.3213903513575
349.6372058591278,114063.19600518997,0.5378208036896481,18,13,3.05280333069537,49.444127979846655,114063.19600518997,0.0,0.9994900531141122,0.9342290117916776,6.174006117442774,-6.52076406468596,0.0005099468858878,3.949373803141605,-320.12587622172987,50.555872020130096,0.0048673615631228,114063.19600518997,356.7788523251385,0.9994900531141122,-251.44689806453425,0.0657709882083223,0.9342290117916776,114063.19600518997,0.0057945219275891,4.510090006175882,385.07780031502494,49.444127979869954
328.18724215289546,137649.14752811973,0.345087593393953,24,12,2.458560572917992,46.69666605883516,118157.74596335283,0.0,0.6471887231468516,0.9997549566701728,5.886128264915947,-6.664886881284508,0.3528112768531484,4.4274057865954335,-296.06130493787293,53.303333941164816,0.0055363577649241,118157.74596335283,366.3567650328046,0.6471887231468516,-242.1822172170656,0.0002450433298271,0.9997549566701728,118157.74596335283,0.005560680676956,4.302396994742192,389.3419605709733,46.696666058835135
351.52026011901387,126925.122869136,0.4765268859640064,19,14,2.1339841877775307,41.293367813421256,104719.53439645431,0.0,0.7954091020724365,0.976826811329524,5.785433350187793,-6.072862783040324,0.2045908979275634,4.754154224908433,-313.18379327095147,58.70663218657889,0.0058778153003915,104719.53439645431,358.4412720301996,0.7954091020724365,-253.1227776468699,0.0231731886704759,0.976826811329524,104719.53439645431,0.0048634277093409,3.7912840497521376,383.9174270532472,41.29336781342106
342.9228610633313,138005.43384615827,0.5739927959289419,20,14,2.552568968007799,59.40178518823793,119046.6326421158,0.0,0.9998799886003746,0.71708026995388,4.335952872832692,-4.756244470787389,0.0001200113996253,3.1712696006952386,-317.53783177570995,40.59821481176225,0.0039161452735646,119046.6326421158,358.2253146706807,0.9998799886003746,-268.3210131468067,0.2829197300461198,0.71708026995388,119046.6326421158,0.0066612854550621,5.237457238159868,377.9691370063794,59.40178518823777
322.72012803279523,117356.82494244912,0.4596931153961431,16,9,1.841869349480036,41.88165316126365,117356.82494244912,0.0,0.784313505022026,0.9907762183371284,5.172658149694866,-5.959864393499962,0.2156864949779739,4.7155591194194395,-305.3948290991125,58.118346838736336,0.0058635812766259,117356.82494244912,362.6154752134227,0.784313505022026,-243.6208922207865,0.0092237816628713,0.9907762183371284,117356.82494244912,0.004975846338071,3.8534911950321136,388.6738554823346,41.881653161263614
337.61806411478653,146965.47200712204,0.3751168275607274,16,11,1.986398744616792,42.03845664851908,114835.69051324842,0.0,0.6348956385045136,0.9830595188785892,5.543669244737248,-6.140305562667574,0.3651043614954863,4.824313670203272,-297.08695399267395,57.961543351480906,0.00602740345982,114835.69051324842,365.6864900202317,0.6348956385045136,-245.9853020133116,0.0169404811214107,0.9830595188785892,114835.69051324842,0.0049806298378274,3.863368335567216,387.524804610164,42.03845664851902
324.62761865216766,131407.69306873585,0.5035461638933083,20,8,2.077758212788648,40.47197634907258,109624.05674650044,0.0,0.8456324364616165,0.9996098853311066,5.699756886532815,-6.400610705451372,0.1543675635383834,4.778736543283864,-313.43844849106733,59.52802365092733,0.0059099408367969,109624.05674650044,358.81867546420165,0.8456324364616165,-247.54572279432384,0.0003901146688934,0.9996098853311066,109624.05674650044,0.0048011433759485,3.728802898015696,386.61450908781495,40.47197634907258
343.05647081805245,148915.21944065287,0.6825717653491491,19,9,2.5171619676613277,48.92036234280919,110944.67282858847,0.0,0.999094732783446,0.6479220763241073,5.42170216738509,-5.742420087712213,0.0009052672165539,3.990573083576917,-321.7775140727079,51.07963765719092,0.0049119226232575,110944.67282858847,355.85113723662994,0.999094732783446,-278.78601541487933,0.3520779236758926,0.6479220763241073,110944.67282858847,0.0053879679885867,4.265854486610218,373.0179999463736,48.92036234280918
339.3581792918108,117732.27895173064,0.5339588618229651,20,13,2.962654017445324,58.1468170248822,117732.27895173064,0.0,0.999865433960432,0.8013935101673244,4.9888922741914445,-5.487124592103887,0.0001345660395679,3.26930813003756,-318.2180327589619,41.853182975118216,0.0040351130297722,117732.27895173064,357.84669199428697,0.999865433960432,-261.7732604168148,0.1986064898326755,0.8013935101673244,117732.27895173064,0.0066341784187863,5.195572666796704,380.7280376485805,58.14681702488184
342.4998653596337,116050.32434810992,0.4245576143917567,25,12,2.1206488024611487,58.581688536566034,116050.32434810992,0.0,0.9967899681369996,0.9800209911236994,3.893520879851241,-4.429601702144846,0.0032100318630002,3.2371254107437744,-318.9183647592244,41.41831146342397,0.0039931191796415,116050.32434810992,357.42170378247886,0.9967899681369996,-245.54975230556903,0.0199790088763005,0.9800209911236994,116050.32434810992,0.0069397480419969,5.381208030411098,387.7677197117122,58.58168853657601
342.6979832345501,147684.7061066972,0.6966279585229317,24,11,1.8041175373953824,49.702927704053465,109791.85162284116,0.0,0.9990931252617272,0.6094528512243399,4.25858843742723,-4.569421026886034,0.0009068747382726,3.929436660522759,-322.4047646979293,50.2970722959466,0.0048343580600742,109791.85162284116,355.4998990537951,0.9990931252617272,-282.4933036380358,0.3905471487756601,0.6094528512243399,109791.85162284116,0.0054274848910937,4.307274863803425,371.36683340591424,49.702927704053415
345.8737047979571,133608.83522897438,0.5218732823319786,24,13,1.594797382006818,46.74461112171412,101771.39969622422,0.0,0.974327660350213,0.9936007642549874,4.2104958205776875,-4.566559241705825,0.0256723396497868,4.1790534348325865,-325.48870383937407,53.255388878286645,0.0051280758826487,101771.39969622422,353.48798051723395,0.974327660350213,-253.36130794986903,0.0063992357450125,0.9936007642549874,101771.39969622422,0.0055178570816483,4.302779308844913,383.6779196583757,46.744611121713376
333.80089657976765,118200.9473358608,0.6222930417862659,23,10,2.2477014363776044,44.34918579608959,118200.9473358608,0.0,0.9989647162173888,0.8503669404291301,5.436653480809459,-5.9753378959250965,0.0010352837826111,4.3477956283285994,-317.9220189987221,55.65081420391593,0.0053673858615863,118200.9473358608,358.0012082985331,0.9989647162173888,-257.01510985965933,0.1496330595708697,0.8503669404291301,118200.9473358608,0.0051139848898229,3.993182435972516,382.82288694394026,44.349185796084015
350.6776372169124,126434.95169724023,0.4963206951390686,20,8,2.5382657094237207,48.12475528268183,108763.39518046948,0.0,0.9559123540758142,0.9990881570688376,5.595313794827881,-5.928827742106655,0.0440876459241858,4.084150432075432,-320.46872353777974,51.87524471731829,0.0050298021646466,108763.39518046948,356.0976239729023,0.9559123540758142,-248.15616947976665,0.0009118429311623,0.9990881570688376,108763.39518046948,0.0057061034455281,4.433523878001465,386.3064695848164,48.12475528268171
323.73098023840345,109972.87611253189,0.6226211742774974,21,8,1.739041017523038,51.59314187805292,109972.87611253189,0.0,0.9940664381430252,0.7258844125795268,4.007447331206439,-4.632837549058158,0.0059335618569747,3.785177545056928,-322.016050783768,48.40685812194807,0.0046580050397122,109972.87611253189,355.6604861482248,0.9940664381430252,-273.0238212848711,0.274115587420473,0.7258844125795268,109972.87611253189,0.0057737116079084,4.5553402612521685,375.4350431562352,51.59314187805188
344.31573749027467,139452.1761354575,0.4115315869667683,21,9,2.5201884703629487,53.64948300385602,105319.67816471194,0.0,0.8868395172284551,0.9991111082929844,5.048930619538084,-5.50193914541298,0.1131604827715449,3.6940942896365474,-318.34945543850347,46.35051699614407,0.0045535329602089,105319.67816471194,356.5271333970224,0.8868395172284551,-250.4076976864401,0.0008888917070155,0.9991111082929844,105319.67816471194,0.0063511164984481,4.942510226120232,385.1548817294764,53.64948300385602
340.28640362522725,132644.70142842908,0.6773079873211006,25,13,2.794089646538416,49.501146069422816,105163.46724968989,0.0,0.9999448425879156,0.6518316936852719,5.7966625977511,-6.131939761802569,5.51574120844669e-05,3.944597467877384,-325.0194813627812,50.49885393057726,0.0048433945699282,105163.46724968989,354.0419289352027,0.9999448425879156,-282.04528480217,0.3481683063147279,0.6518316936852719,105163.46724968989,0.0054423583038367,4.319213387934789,371.25702066840216,49.50114606942274
341.9506582629838,108018.73919182684,0.4357456468893642,21,11,2.910618844892963,59.26856875990472,105537.4451450656,0.0,0.999265537104021,0.9515249105233028,4.818935429370962,-5.296680195278247,0.0007344628959791,3.1820266556052785,-324.7704120234373,40.731431240089954,0.0039077811966675,105537.4451450656,354.17424626094703,0.999265537104021,-255.15760388095728,0.0484750894766971,0.9515249105233028,105537.4451450656,0.006945054337387,5.4206137910745325,383.0489368792914,59.26856875991003
336.8673229272364,120644.7568509342,0.4824044047746941,25,8,3.25013087120498,59.25831963712029,119151.11036898172,0.0,0.9974296757170622,0.8716892498554247,5.208193862678028,-5.789014055841383,0.0025703242829377,3.183876472949232,-317.34069532880125,40.74168036288911,0.0039321976117964,119151.11036898172,358.3071152775902,0.9974296757170622,-254.43969361329823,0.1283107501445752,0.8716892498554247,119151.11036898172,0.0068671608286022,5.353317647053902,383.99240782766486,59.2583196371109
346.4276179698396,131808.5104819258,0.3826358956156829,17,12,2.279913913212712,49.84400830257746,111256.87276587795,0.0,0.739841686090383,0.9768057157523484,5.2017692483530364,-5.652316624299244,0.260158313909617,4.10080273333292,-305.9577181280387,50.15599169742245,0.0050948109028072,111256.87276587795,361.8629961386394,0.739841686090383,-248.8835993375182,0.0231942842476515,0.9768057157523484,111256.87276587795,0.0058880516366738,4.576332583958664,386.089663835675,49.8440083025774
322.64939141018573,114600.6157214764,0.3646737103766457,22,12,2.400897738914669,49.960232165783,105084.27747008656,0.0,0.727660450933614,0.998890897651934,5.406421669762181,-6.192096931965142,0.2723395490663859,4.099850011416112,-308.7500111693605,50.03976783421708,0.0050824669465254,105084.27747008656,360.20984960601777,0.727660450933614,-250.58679655627105,0.0011091023480658,0.998890897651934,105084.27747008656,0.0059134449786166,4.602480126660697,385.06468185207103,49.96023216578299
333.02521076295903,145362.258946841,0.5937164713860725,19,12,2.708826477045657,46.21154352903572,105615.08462425185,0.0,0.9997871104693457,0.8789341095393759,6.034431613286395,-6.542640187196814,0.0002128895306541,4.201675924177913,-324.75667763820684,53.78845647095632,0.0051600738522317,105615.08462425185,354.18790930560215,0.9997871104693457,-262.1809405398467,0.121065890460624,0.8789341095393759,105615.08462425185,0.0053314876496411,4.179385323784162,379.94013594821666,46.211543529043595
338.5591753930229,134122.65836848074,0.4886767651249249,18,8,1.4797954602688417,45.75186980953372,114909.98654452918,0.0,0.8948044878499023,0.9928701020973164,4.138233498295628,-4.6795274355953005,0.1051955121500976,4.317466243562006,-313.49921253253194,54.24813019046664,0.0053418979909624,114909.98654452918,359.3057497877903,0.8948044878499023,-244.91133642712447,0.0071298979026836,0.9928701020973164,114909.98654452918,0.0054323331495649,4.210929893744609,388.003409505216,45.751869809533375
329.550825253978,122423.82792669424,0.6669168475594449,23,12,3.1048887415299378,44.56686986664434,103565.77833413985,0.0,0.9999323660412822,0.747294260998739,6.889566294640594,-7.3819066070845265,6.763395871767836e-05,4.33003637963462,-325.9227333661046,55.43313013335639,0.0053130015229804,103565.77833413985,353.5334271008132,0.9999323660412822,-275.26700323715613,0.2527057390012608,0.747294260998739,103565.77833413985,0.0049954428678349,3.9483497018845,374.0867026762151,44.566869866643685
329.27441099088287,118060.84290443512,0.6972539537360983,19,9,2.613711055930331,47.93346511502277,103612.0912233237,0.0,0.999338433853398,0.6308778031584839,5.6974377048016125,-6.168393775742395,0.000661566146602,4.06749599459036,-325.86252121999166,52.06653488497712,0.004991059333014,103612.0912233237,353.56056783612013,0.999338433853398,-284.66509669179567,0.3691221968415161,0.6308778031584839,103612.0912233237,0.0052432284065644,4.168337471916109,370.0331523556226,47.93346511502276
343.6141969758331,122321.39256807856,0.5984821984274136,24,9,3.402978297498854,51.29845404908247,108608.56169208112,0.0,0.9994104033036808,0.7821496111417414,6.477759701892516,-6.833419317602333,0.0005895966963191,3.804570128371745,-323.0717330004707,48.70154595092004,0.004678372341126,108608.56169208112,355.1296852725308,0.9994104033036808,-269.05681379380104,0.2178503888582586,0.7821496111417414,108608.56169208112,0.0058057768216402,4.569806429664254,377.08012607171173,51.29845404907992
339.19357365152496,147466.17539623854,0.5094781538956361,17,11,2.7421183567503737,46.347780195897926,108052.05099845238,0.0,0.9361651000760433,0.9844549261192712,6.146698686293368,-6.63518312414774,0.0638348999239567,4.238913053797105,-319.71065289177534,53.65221980410224,0.0052223311475019,108052.05099845238,356.30281972307256,0.9361651000760433,-250.14825133718108,0.0155450738807287,0.9844549261192712,108052.05099845238,0.005476184746012,4.260305828337821,385.3894853265396,46.34778019589783
323.7189027263797,112115.10326899156,0.5013507441413643,19,13,2.1072994194074743,46.46018079093731,102318.31749356585,0.0,0.9174739082650848,0.9781815907873664,5.125783276466161,-5.8090482963661545,0.082526091734915,4.244069326236206,-321.88450792737814,53.53981920906276,0.005219102749338,102318.31749356585,354.8827968998165,0.9174739082650848,-254.58836828060905,0.0218184092126335,0.9781815907873664,102318.31749356585,0.0054673890437724,4.26654954033724,383.154407687432,46.46018079093725
340.7835753877964,142901.29931159777,0.5345505122642846,15,13,1.6502379356213774,46.62347700193892,112496.72152846742,0.0,0.8341666855431796,0.8084627203813606,4.403709532967049,-4.842913911966658,0.1658333144568202,4.293496268498376,-311.14134383014664,53.376522998061674,0.0053184141274445,112496.72152846742,359.968473219991,0.8341666855431796,-264.30908054450725,0.1915372796186391,0.8084627203813606,112496.72152846742,0.0053153593970014,4.17055464451955,379.3575399445803,46.623477001938326
353.8590160604308,137244.14136737608,0.5002753651144218,19,11,2.140397443806847,41.86266795820335,118689.73729650174,0.0,0.8564812111383443,0.9944101997473181,5.645918243084031,-5.964362840631608,0.1435187888616557,4.658249032855938,-309.15726313832766,58.13733204179665,0.0057801819918286,118689.73729650174,361.29426954251863,0.8564812111383443,-242.4239828131076,0.0055898002526817,0.9944101997473181,118689.73729650174,0.0049803872375319,3.853878223788047,389.2562323910731,41.86266795820331
350.8214809342296,117510.73943745924,0.6053665000297195,15,11,1.5010711240998027,44.50524085420472,117510.73943745924,0.0,0.9654012993156292,0.8435703911541667,4.206096737714076,-4.4993551297750844,0.0345987006843709,4.361729453130329,-316.3143132372901,55.49475914579598,0.0053891966562868,117510.73943745924,358.5172649488949,0.9654012993156292,-258.06078751484586,0.1564296088458334,0.8435703911541667,117510.73943745924,0.0051230340932268,4.002990777304484,382.33355687928815,44.505240854204025
349.1085562786913,107752.06177274667,0.6595878172523135,18,14,1.8956045790936904,55.712275908061045,102868.48754813366,0.0,0.9997294759049624,0.6108032174891591,3.884259718872046,-4.085032766964205,0.0002705240950377,3.4595636693564638,-326.308763116529,44.28772409193905,0.0042436658189247,102868.48754813366,353.3136391179907,0.9997294759049624,-286.68326226437654,0.3891967825108408,0.6108032174891591,102868.48754813366,0.0060665261020212,4.829102542484224,369.12101277393566,55.712275908060974
344.1076251271771,111356.7711386369,0.4452818819140733,20,13,2.262971863256692,54.83100535206512,111356.7711386369,0.0,0.9577608755819128,0.97689095211534,4.485837026285162,-4.957280838736921,0.0422391244180871,3.5549945969158814,-319.15251177296875,45.16899464793504,0.0043825895966139,111356.7711386369,356.85288834497555,0.9577608755819128,-248.81134950083504,0.0231090478846597,0.97689095211534,111356.7711386369,0.0064775731870046,5.034269763880427,386.1259924569066,54.83100535206498
329.8192602778789,131875.2294480309,0.6394256412427365,16,11,1.6894167245889251,41.45299154288492,118290.15827796752,0.0,0.9945808255467218,0.862185287307877,4.740689078743114,-5.32692658101141,0.0054191744532781,4.57766486379676,-317.61969015178465,58.54700845710758,0.0056521898971785,118290.15827796752,358.11968051017595,0.9945808255467218,-255.85372720224584,0.137814712692123,0.862185287307877,118290.15827796752,0.0047922779964361,3.739282005683348,383.33439463138126,41.45299154289246
356.1034533670862,115509.73480108548,0.6461235830572114,17,13,1.801711661150984,48.73512574016618,115509.73480108548,0.0,0.9988433784597884,0.7249052321072847,4.325743485203559,-4.500953612463021,0.0011566215402116,4.00522534924272,-319.3224022282343,51.26487425983269,0.0049391884350675,115509.73480108548,357.2197923328827,0.9988433784597884,-269.74724350294093,0.2750947678927151,0.7249052321072847,115509.73480108548,0.0054659367174051,4.302326591869836,377.1617412661661,48.73512574016731
331.16536383790657,107316.81627072472,0.595594007115379,17,13,2.43926902390795,51.66813019237353,102941.35579713028,0.0,0.9996904114739404,0.7824095074779844,5.034702948244721,-5.542256406418945,0.0003095885260594,3.775501161072488,-326.2648998311407,48.33186980762232,0.0046313625551603,102941.35579713028,353.337911264518,0.9996904114739404,-272.66271881321575,0.2175904925220155,0.7824095074779844,102941.35579713028,0.0058327969121567,4.602926544501065,375.18692674160286,51.66813019237773
358.63521600828847,141761.02820196768,0.5708463048972403,21,12,2.9610735183663084,45.65173099238508,117098.00072680906,0.0,0.99979759132902,0.9398191047020564,6.4776455247095175,-6.686103198623756,0.0002024086709801,4.245397593356153,-318.5446333185665,54.34826900760041,0.0052385312922255,117098.00072680906,357.6640663086776,0.99979759132902,-249.0198167824626,0.0601808952979435,0.9398191047020564,117098.00072680906,0.0053636248020067,4.167742699462983,386.28021533320646,45.651730992399536
335.5744541934239,129200.41499777428,0.3179836286150147,16,12,1.8591848519043437,51.99817575120481,109947.19881470816,0.0,0.6226922294240943,0.963306406887714,4.412135433635561,-5.0500718934639295,0.3773077705759057,4.003552857258201,-299.0661011122503,48.00182424879538,0.0049940899996063,109947.19881470816,364.4993557046179,0.6226922294240943,-251.10527546415028,0.0366935931122859,0.963306406887714,109947.19881470816,0.0061209822094324,4.764267544212286,385.0473002101921,51.99817575120462
326.085967981641,113259.27433360668,0.389643200464811,18,10,1.5350895489631828,47.807433764018654,103650.12944352864,0.0,0.7397533847135462,0.9925808082843476,4.198805405250791,-4.909937846059721,0.2602466152864537,4.267379695238963,-310.3608537027632,52.192566235981324,0.0052843937555964,103650.12944352864,359.4418955263601,0.7397533847135462,-252.2025950644397,0.0074191917156524,0.9925808082843476,103650.12944352864,0.0056470841170195,4.399926762840248,384.2800503659318,47.807433764018576
351.7562980026746,126002.01199336907,0.676888110350458,24,10,2.055014558092067,53.81257399851758,110978.0032817114,0.0,0.998897785177342,0.5994933544766629,4.258380128627691,-4.451544610658066,0.0011022148226581,3.6084989020135687,-321.7480755018151,46.187426001482486,0.004441724819372,110978.0032817114,355.8653726183126,0.998897785177342,-282.54377783261486,0.400506645523337,0.5994933544766629,110978.0032817114,0.0058670646867841,4.65590089801037,371.4227612075202,53.81257399851755
345.99481796154663,116939.92377237829,0.5647386079147624,18,10,2.8152399420440357,53.46853327775433,112690.12865455545,0.0,0.9992634939639808,0.813410539550225,5.353044888596068,-5.7148982907756976,0.0007365060360191,3.63513918471686,-320.8460343110899,46.53146672224472,0.0044776141598395,112690.12865455545,356.37401108564165,0.9992634939639808,-263.7455036565888,0.186589460449775,0.813410539550225,112690.12865455545,0.0061026619008574,4.786568124244026,379.61337373994394,53.46853327775524
347.41797717721164,124599.5769782059,0.5365321852855156,16,10,1.3413662099195742,51.92476992105908,104882.45152070196,0.0,0.9639487528158724,0.8591970563618154,3.431970073335355,-3.7510879118282814,0.0360512471841276,3.7795551729750967,-323.1099420938272,48.07523007894067,0.0046457433381985,104882.45152070196,354.70842392641106,0.9639487528158724,-264.5046527048225,0.1408029436381845,0.8591970563618154,104882.45152070196,0.0059634336360125,4.681716128544509,378.87723320739013,51.92476992105936
336.0046382011436,121011.45227294616,0.5328700562633021,18,14,3.306465297858007,52.49322094154776,104565.07545405564,0.0,0.9998480497841143,0.8897487117494207,6.191533222439195,-6.6868405616504525,0.0001519502158856,3.71094317798676,-325.3513866157723,47.50677905843432,0.0045553447023867,104565.07545405564,353.8541073526508,0.9998480497841143,-261.841588762825,0.1102512882505792,0.8897487117494207,104565.07545405564,0.0060672817257495,4.755464841765013,380.03735592070205,52.49322094156568
321.0869567914712,149418.82182411492,0.5249402958972449,20,10,1.7945028244469547,55.55127801663295,105569.28881556232,0.0,0.9957415418776212,0.8517659553206067,3.760664560872327,-4.471441857698507,0.0042584581223787,3.474626455101189,-324.55078917729173,44.44872198336928,0.004267671783682,105569.28881556232,354.25760446230487,0.9957415418776212,-264.74570686750667,0.1482340446793933,0.8517659553206067,105569.28881556232,0.0063718567569192,5.00290431439588,378.8066812518534,55.55127801663074
328.2563383757614,136076.8421707487,0.5706941587857617,19,11,2.1962095394033563,52.19411717420753,119749.36481035648,0.0,0.9989645235139054,0.8215692605880847,4.593073746405133,-5.242737730826864,0.0010354764860945,3.734899812747668,-317.1222981146288,47.80588282579345,0.0046135798062346,119749.36481035648,358.445929634038,0.9989645235139054,-258.7522546992419,0.1784307394119152,0.8215692605880847,119749.36481035648,0.0059857219913342,4.678453889184056,382.1401706208008,52.19411717420656
327.4453787112536,106709.99765892809,0.5200737524753158,24,10,1.2057965293758373,48.79013735111548,106234.0782183958,0.0,0.9639996413613924,0.9458684446646696,3.44182840765542,-4.081532160404439,0.0360003586386076,4.02595564616565,-322.34961457235147,51.20986264888483,0.0049514734887902,106234.0782183958,355.1352581751931,0.9639996413613924,-255.26895230633156,0.0541315553353304,0.9458684446646696,106234.0782183958,0.0057120658201403,4.458401224261085,383.0316680929632,48.79013735111523
325.8785190098572,128869.16861033268,0.4819639666776549,22,7,3.036967548421774,56.68063670783151,115479.081609109,0.0,0.9949620673484446,0.9101055720907008,5.2713931203732605,-6.0000012837083245,0.0050379326515554,3.3868163378678866,-319.1128240900151,43.31936329215294,0.0041770643890417,115479.081609109,357.29258770011154,0.9949620673484446,-252.9570754003213,0.0898944279092989,0.9101055720907008,115479.081609109,0.0066122990147592,5.150995566596008,384.4756621240981,56.680636707847135
346.92141388058565,112022.06898048086,0.5851825464424582,18,13,2.383141454341425,43.60097610459562,104231.00699769746,0.0,0.9976451092488056,0.9483487644135812,5.778167852141371,-6.092508851832058,0.0023548907511942,4.407294451743549,-325.414565352035,56.39902389541789,0.0054097606870398,104231.00699769746,353.7934639652114,0.9976451092488056,-256.33869186943434,0.0516512355864188,0.9483487644135812,104231.00699769746,0.0051025310395041,3.985736982846012,382.46287341498174,43.60097610458202
324.4190434009987,114366.17161146412,0.4861626984614819,23,14,1.2429962556064968,44.25966075827862,106131.01407588324,0.0,0.8639788326804981,0.9896565719883776,3.883357391806323,-4.581748115920922,0.1360211673195018,4.460328186358514,-316.52283893678486,55.74033924172162,0.0055043651739238,106131.01407588324,357.30070616301566,0.8639788326804981,-250.86196516674988,0.0103434280116223,0.9896565719883776,106131.01407588324,0.0052307482706401,4.0715943291801695,384.9877923705949,44.259660758278265
334.91349139440746,115113.80491774564,0.517399529244853,23,8,3.418431811221861,51.45979176264037,101820.95012982724,0.0,0.9985764414113472,0.9364776963625348,6.501052526630759,-7.013991071472384,0.0014235585886526,3.792534214391591,-326.8440698914517,48.54020823734872,0.0046501526591091,101820.95012982724,352.9987119833727,0.9985764414113472,-259.1299177317345,0.0635223036374651,0.9364776963625348,101820.95012982724,0.0060000338015177,4.6955736793173575,381.1056701741884,51.45979176265134
328.4271901671398,128060.91343068302,0.6717752953722277,24,9,2.227423737243018,52.05448586785036,118258.58018969696,0.0,0.9985426392695052,0.629198348753765,4.654967671330421,-5.219598044035982,0.0014573607304945,3.746092421288464,-317.8674855529207,47.9455141321497,0.0046247496745658,118258.58018969696,358.0267590562201,0.9985426392695052,-275.94394515643194,0.3708016512462348,0.629198348753765,118258.58018969696,0.0057286013460067,4.525478914680028,374.6726521429042,52.05448586785038
322.12567221151244,149731.612032287,0.5877577844031725,25,13,2.7574164225654183,53.97940470764373,117285.10763455556,0.0,0.9998904682902178,0.7636094000746657,5.202536381351353,-5.908981737000891,0.0001095317097821,3.5948240802163167,-318.4524046030069,46.02059529235123,0.0044360849998696,117285.10763455556,357.7164847190267,0.9998904682902178,-265.3758837921727,0.2363905999253342,0.7636094000746657,117285.10763455556,0.0061084318038843,4.794595173670508,379.1438319857596,53.97940470764871
346.63376708716527,140729.89952196568,0.6191384389108798,21,11,1.9822160652571927,44.4301281713076,113723.09308977514,0.0,0.9989501378133168,0.8559015462465202,4.995009027530829,-5.329871705917223,0.001049862186683,4.341483258282218,-320.27563134912367,55.56987182868425,0.0053499692954441,113723.09308977514,356.68910023198686,0.9989501378133168,-259.21523537664143,0.1440984537534797,0.8559015462465202,113723.09308977514,0.0051194445176669,4.003919638133492,381.64586675086343,44.43012817131582
332.0791476312486,116296.81183995324,0.4187902731430964,17,9,1.7298077927721016,59.01148547296164,116296.81183995324,0.0,0.9459651767140101,0.9473777028046576,3.4060188125636763,-4.090124161902871,0.0540348232859897,3.232754480244476,-315.806660292399,40.98851452703602,0.0039949772233343,116296.81183995324,358.5835798456232,0.9459651767140101,-248.74762524448087,0.0526222971953424,0.9473777028046576,116296.81183995324,0.0069421742052515,5.3936685740189,386.3658100305775,59.01148547296391
340.5597790755806,117840.91913832088,0.5949976006648876,23,10,2.08576391798176,55.184711603462304,117840.91913832088,0.0,0.9982167394359136,0.7324550844352051,4.161144644367408,-4.60152661063356,0.0017832605640863,3.5017256044967926,-318.0653681889503,44.8152883965388,0.004322396736664,117840.91913832088,357.9129433451393,0.9982167394359136,-267.7267586857529,0.2675449155647949,0.7324550844352051,117840.91913832088,0.0062053265333416,4.87753865595219,378.1591816802827,55.184711603461096
342.05714090071046,115247.30863157276,0.4637374055758053,21,13,1.5327050466153005,43.026487849876005,115247.30863157276,0.0,0.8072694977250225,0.9911505205386832,4.506661117289405,-5.00219448922064,0.1927305022749774,4.604325308280199,-307.9745190376272,56.97351215012405,0.0057155009468743,115247.30863157276,361.4344244503863,0.8072694977250225,-244.88255324938848,0.0088494794613168,0.9911505205386832,115247.30863157276,0.0051075816040954,3.959052246152236,388.02995844693834,43.02648784987591
321.02386448437005,139946.92461005272,0.6858314804638797,21,8,2.8040767619770657,51.748910625567085,106839.14055116166,0.0,0.9988718734464012,0.6060498325341312,5.550121781567168,-6.15316045225999,0.0011281265535985,3.769744887116064,-324.0201375424893,48.2510893744328,0.0046321731019017,106839.14055116166,354.5913385568686,0.9988718734464012,-284.5614458671644,0.3939501674658685,0.6060498325341312,106839.14055116166,0.0056394951838424,4.48211041432794,370.2936512971408,51.748910625567056
359.0679897259956,126094.16107652766,0.4654798131077228,17,9,1.3738715148814942,59.75159216130972,112576.43053057716,0.0,0.9367490392863692,0.851965050384035,2.9186737056375405,-3.132286234688396,0.0632509607136307,3.1795853913372176,-317.25581173972336,40.24840783869039,0.0039245650640137,112576.43053057716,357.6770669809633,0.9367490392863692,-260.2895407856612,0.1480349496159648,0.851965050384035,112576.43053057716,0.0068756089948837,5.381348159488912,381.11901201940657,59.75159216130957
334.60185075173035,112839.63976498623,0.5615389358310365,23,9,3.3315979311001422,50.7172910746909,112839.63976498623,0.0,0.999256933805006,0.8637978325255387,6.436444273147873,-6.973996019836857,0.0007430661949941,3.8500767324834624,-320.7655059589696,49.282708925295886,0.0047426563908061,112839.63976498623,356.4189396643933,0.999256933805006,-259.0215873553574,0.1362021674744612,0.8637978325255387,112839.63976498623,0.0058514642511486,4.576118625322713,381.6878671856031,50.71729107470411
321.7949878163167,149661.18962206243,0.5656922238658726,22,9,1.6589398216088536,51.798198791523006,108816.91112712398,0.0,0.993376463382856,0.8322974972856801,3.8764270867496897,-4.567321632246457,0.0066235366171439,3.769609602535737,-322.60978665992025,48.201801208470485,0.004636714746271,108816.91112712398,355.3200784336792,0.993376463382856,-264.45118605312945,0.1677025027143198,0.8322974972856801,108816.91112712398,0.0059255670897236,4.650760108428787,379.1047556457754,51.79819879152956
332.7989547881011,125784.93435706536,0.5890182280580574,17,10,2.1899197979412395,54.76194588476582,116036.92700351102,0.0,0.9984290794380402,0.7491901747088017,4.345475847412697,-4.893868047578659,0.0015709205619596,3.534624450040716,-319.02080078139727,45.2380541152342,0.0043598337862911,116036.92700351102,357.38322238673186,0.9984290794380402,-267.36553063868286,0.2508098252911981,0.7491901747088017,116036.92700351102,0.006174831736082,4.853026831209592,378.2176859646117,54.76194588476574
356.2408991126364,110735.25224868197,0.4737473897358006,24,7,3.122911720732203,58.80322395407342,110735.25224868197,0.0,0.9945648606541873,0.8911305755774074,5.13133262392796,-5.38654055397582,0.0054351393458128,3.2210966758446555,-321.6295937544454,41.19677604591364,0.003965041301398,110735.25224868197,355.8824531922608,0.9945648606541873,-257.7436483767468,0.1088694244225925,0.8911305755774074,110735.25224868197,0.0068177651743901,5.328240284215917,382.1484647487715,58.80322395408636
344.43120426309065,102833.12333291826,0.3218342578265432,19,11,1.5868451444656435,50.38966180655899,102833.12333291826,0.0,0.6424295898787846,0.9938027652478908,4.129372455183164,-4.59681231765511,0.3575704101212153,4.123975129983912,-304.6060950880807,49.61033819344108,0.0051242028745382,102833.12333291826,361.6638688218658,0.6424295898787846,-252.6232274644874,0.0061972347521091,0.9938027652478908,102833.12333291826,0.005951387192827,4.63844415176736,384.0556466743847,50.38966180655893
332.72761667359873,135112.32196663533,0.3712936568313674,23,13,3.4961817597732834,52.75070694295616,110076.52185404905,0.0,0.7849661018535774,0.9992365543677928,6.674616068509069,-7.341171903523293,0.2150338981464225,3.8332421744842313,-309.4600920798982,47.249293057043886,0.0047519951273069,110076.52185404905,360.39061931247846,0.7849661018535774,-247.2943244823857,0.000763445632207,0.9992365543677928,110076.52185404905,0.0062585280719689,4.859802436118346,386.74536827433656,52.75070694295615
351.7119826768163,131598.3350919758,0.4879011887426787,15,12,1.962830691043992,51.96798151042872,104770.4977167384,0.0,0.8866206002098393,0.8806199195844104,4.4050141115701855,-4.680199184722749,0.1133793997901605,3.8282559280368527,-318.6517502512767,48.03201848957215,0.0047178217823859,104770.4977167384,356.3562846247754,0.8866206002098393,-262.5726052064386,0.1193800804155895,0.8806199195844104,104770.4977167384,0.0059954332007202,4.7012280784625675,379.7244438824744,51.967981510427855
338.2809179960255,124106.98475041051,0.5060764136290882,18,11,2.3434479494871496,48.38785262796723,118510.3262458812,0.0,0.9647507580207086,0.983161413073476,5.227731182092753,-5.787063992519584,0.0352492419792913,4.057038219482091,-315.7538367463536,51.612147372032794,0.005014835819714,118510.3262458812,358.8211000983054,0.9647507580207086,-243.71551087018867,0.0168385869265238,0.983161413073476,118510.3262458812,0.005742181268257,4.446952144253332,388.67859544945,48.38785262796712
330.8756509762103,112012.31124022296,0.3475788874999666,17,9,1.4822746242656846,59.84801285344805,112012.31124022296,0.0,0.8185263936591921,0.9683794428177028,3.11159269806495,-3.8292592783556967,0.1814736063408079,3.238550707126713,-310.4503521518454,40.1519871465517,0.0040130997897389,112012.31124022296,360.18775423799264,0.8185263936591921,-249.2736229712765,0.0316205571822971,0.9683794428177028,112012.31124022296,0.0070593074215061,5.487757638111478,385.94922249228006,59.84801285344833
341.34779733382703,123725.77833179627,0.5414854416044773,17,13,2.250446619533244,45.71501175994865,118816.54289552744,0.0,0.9392664913959524,0.9308657353662912,5.372406876461827,-5.855670219986216,0.0607335086040476,4.286544830057945,-314.084614943935,54.28498824005127,0.005303786758963,118816.54289552744,359.46430084969035,0.9392664913959524,-248.87503734087616,0.0691342646337087,0.9308657353662912,118816.54289552744,0.0053646635947381,4.167778741906541,386.4177614872094,45.71501175994872
327.5581875470657,118175.90159444792,0.3732091300438717,16,12,3.366123526890433,40.933395144804926,118175.90159444792,0.0,0.6202463311959214,0.9832638352052196,8.261947557269474,-9.024368923672608,0.3797536688040786,4.928428260263759,-294.23200541549653,59.06660485519515,0.0061696635684597,118175.90159444792,367.0932288786333,0.6202463311959214,-243.90835333069884,0.0167361647947803,0.9832638352052196,118175.90159444792,0.0048569704740254,3.761929594598036,388.5799188549073,40.9333951448049
340.2752373339915,129850.84580700877,0.4011016909592106,22,9,2.6781918174814825,46.54014884401093,118796.37891202226,0.0,0.7501450076498302,0.9998382334019016,6.186972604481808,-6.761812008500409,0.2498549923501698,4.363203457975681,-302.45136745327727,53.45985115598906,0.005435575448244,118796.37891202226,363.8813683707004,0.7501450076498302,-241.7841976082504,0.0001617665980983,0.9998382334019016,118796.37891202226,0.0055436668309386,4.288030645285152,389.543168678771,46.54014884401092
330.6069923689422,145158.35185841462,0.462503418376178,16,7,1.368225137584649,52.62197358486675,113656.26212047016,0.0,0.9245037578432372,0.9534571166609032,3.434064034152467,-4.098238576419287,0.0754962421567629,3.750956009012429,-315.94727365087067,47.37802641512996,0.0046338092875662,113656.26212047016,358.27017512112855,0.9245037578432372,-249.7651482501,0.0465428833390966,0.9534571166609032,113656.26212047016,0.0061914773988666,4.81415240867147,385.8027328231786,52.62197358487009
349.19150374097524,135399.19250506404,0.4865350980017426,17,8,2.5935576746263997,48.36933184970712,107937.22503935866,0.0,0.9385172654118308,0.9959222856956128,5.677932829176299,-6.032505086966803,0.0614827345881691,4.077492422133885,-319.9124507365795,51.630668150293005,0.0050228147867399,107937.22503935866,356.21602167929683,0.9385172654118308,-249.02514456522212,0.0040777143043869,0.9959222856956128,107937.22503935866,0.00572899268544,4.4539077438380605,385.8843646071016,48.36933184970696
335.9928456701114,102547.8108040972,0.4971389841313847,19,10,2.2996420453392736,48.35416489975479,102547.8108040972,0.0,0.95796784763587,0.9950604270946408,5.208016246812497,-5.7266836601502735,0.0420321523641297,4.064599927744793,-324.1002955000851,51.64583510024524,0.0049920552112167,102547.8108040972,354.0857502965644,0.95796784763587,-252.68406306127537,0.004939572905359,0.9950604270946408,102547.8108040972,0.0057117693786317,4.451926601912446,384.01567629606393,48.354164899754686
327.4258883376534,109238.13414927476,0.5086501328830232,24,8,2.529218263472483,58.70128753577123,109238.13414927476,0.0,0.9961005226708016,0.8342907860219891,4.404886781677424,-5.051989282847516,0.0038994773291983,3.2281773098576525,-322.5353837011692,41.29871246423234,0.0039710804127982,109238.13414927476,355.39269480265324,0.9961005226708016,-264.00343223190833,0.1657092139780109,0.8342907860219891,109238.13414927476,0.0067193813709068,5.2722030034027725,379.3228393327093,58.70128753576757
332.8485694485772,131925.94217571823,0.4423224238257706,22,12,2.7694841023888253,40.0764454998512,106741.25863422258,0.0,0.7377984311793423,0.9994825418916734,7.159636518722031,-7.753682175340239,0.2622015688206577,4.901125584745867,-308.4194953318189,59.923554500148725,0.0060778468391244,106741.25863422258,360.4915403615216,0.7377984311793423,-249.43196027990547,0.0005174581083266,0.9994825418916734,106741.25863422258,0.0047478275289197,3.692289886573104,385.65168444499886,40.07644549985118
327.16303824957566,142403.0973458313,0.4322636359875814,19,7,1.5712177200750896,50.13627898367555,119972.8253720496,0.0,0.8640889088741436,0.9972140869607548,3.957195199154524,-4.7230546698717,0.1359110911258563,3.9900056573650415,-308.9458121103522,49.86372101632468,0.0049521760644147,119972.8253720496,361.4905338669513,0.8640889088741436,-241.34962585154287,0.002785913039245,0.9972140869607548,119972.8253720496,0.0059716188379671,4.617518863244223,389.7814612240877,50.13627898367537
347.5575245068556,139586.99591146637,0.3900744299611381,24,9,1.2079049480592732,49.807410568802766,116511.99719147915,0.0,0.7760933171750632,0.99892968202435,3.4765123647974088,-3.9393719073902447,0.2239066828249365,4.078272732212855,-305.3357402651044,50.192589431197355,0.0050709559273632,116511.99719147915,362.56496513877175,0.7760933171750632,-243.2794301474876,0.00107031797565,0.99892968202435,116511.99719147915,0.0059258184669142,4.588428857932252,388.79091068946286,49.80741056880268
343.9093355161108,121057.97436888205,0.3242576044002061,19,10,2.698643985806642,44.15989081247114,102487.62846678909,0.0,0.580061807136874,0.999206388572578,6.697120644397172,-7.162949298914575,0.4199381928631257,4.690688717420504,-300.6534181803595,55.8401091875288,0.0058422183562824,102487.62846678909,363.243620830062,0.580061807136874,-252.2906427647204,0.0007936114274217,0.999206388572578,102487.62846678909,0.0052208804178445,4.068331435449099,384.1888889869808,44.15989081247115
351.8597581015255,119418.69719381069,0.3933099511358811,15,7,2.738248822617061,54.11393537398524,116705.11053653306,0.0,0.849235725447072,0.9932935993197312,5.3159210078093535,-5.71856408975948,0.1507642745529279,3.681280596801092,-309.772265986036,45.886064626014914,0.0045654525544931,116705.11053653306,360.8799688823447,0.849235725447072,-243.75601617490497,0.0067064006802688,0.9932935993197312,116705.11053653306,0.0064308334990146,4.9808826604485965,388.58779733357846,54.11393537398515
351.4222262668205,124403.3538315676,0.6179247964096678,23,13,1.4140183923162204,53.145697904560976,107066.97996112816,0.0,0.997203999114702,0.7164552765356933,3.42094905870695,-3.636950327652997,0.0027960008852978,3.66171329738676,-323.7976924731885,46.854302095439515,0.0045001091600328,107066.97996112816,354.69726013875743,0.997203999114702,-275.6195461743954,0.2835447234643066,0.7164552765356933,107066.97996112816,0.0059279534749854,4.6853919256060585,374.1422874112823,53.14569790456056
326.8260798082703,127570.8203145009,0.3627626336782195,17,8,2.297015909363617,53.7961354815144,119331.38155513372,0.0,0.7805700756895142,0.996079470363578,4.769496593895255,-5.575396219954822,0.2194299243104858,3.751277602561681,-304.0971664919784,46.20386451848574,0.0046689088920471,119331.38155513372,363.2872915934069,0.7805700756895142,-241.85787281410364,0.003920529636422,0.996079470363578,119331.38155513372,0.0064041965704985,4.95373312444586,389.531747845377,53.79613548151434
359.4568058138399,130963.10573976018,0.6066006710784355,20,13,2.679332434772477,46.098774592607775,114028.7925598018,0.0,0.9998637901912248,0.8532242204731875,5.975566590812123,-6.12662682293853,0.000136209808775,4.210426876304736,-320.1658452837458,53.9012254073875,0.0051889565021829,114028.7925598018,356.7607876155484,0.9998637901912248,-259.27697839300305,0.1467757795268124,0.8532242204731875,114028.7925598018,0.0053093916643371,4.152562233001053,381.6336916117038,46.09877459261247
341.1782836765203,110813.7081105602,0.6643679185526004,24,13,2.727806504073645,51.17202512656024,106387.55337024247,0.0,0.9999327822241814,0.6558256382050506,5.503773161831289,-5.838806086402824,6.721777581852579e-05,3.814088997619558,-324.33268865041566,48.82797487343978,0.004685599094154,106387.55337024247,354.4278584113391,0.9999327822241814,-280.9618926605319,0.3441743617949492,0.6558256382050506,106387.55337024247,0.0056338894892159,4.467872362111369,371.8001810403295,51.17202512656022
323.16370095680503,122160.78550283452,0.4747908460780798,16,9,2.2157046510301512,47.96730031028565,119431.25873719576,0.0,0.8999156076385781,0.9863647517114232,5.1318876364666846,-5.926332951760243,0.1000843923614219,4.137415640479679,-311.40592909141776,52.03269968971443,0.0051275206404288,119431.25873719576,360.5170047194116,0.8999156076385781,-242.8213488695448,0.0136352482885767,0.9863647517114232,119431.25873719576,0.0056984885850796,4.410457706151278,389.1103206832663,47.96730031028553
347.463075469837,107975.0542488987,0.3285993140139151,21,13,2.491923637609052,54.29237020803204,105523.74341729168,0.0,0.7137396875768188,0.9956424449164948,5.079703295342089,-5.518283043059513,0.2862603124231811,3.753834901486063,-307.60732865400166,45.70762979196798,0.0046568864896487,105523.74341729168,360.7016961422768,0.7137396875768188,-250.63672278198715,0.0043575550835052,0.9956424449164948,105523.74341729168,0.0064229866552812,4.999095313318488,385.06161971884666,54.292370208032
342.8208943777725,117263.79240883909,0.4202773898691211,15,9,2.473860260286478,50.1704399731377,113036.83856193826,0.0,0.8274006747173579,0.9840797210420048,5.393553610919365,-5.895224023358591,0.1725993252826421,4.012914986828433,-310.4288828910626,49.829560026862445,0.0049731828358271,113036.83856193826,360.2911833921669,0.8274006747173579,-247.0034777512972,0.0159202789579951,0.9840797210420048,113036.83856193826,0.0059406884654023,4.611422149775131,386.998808692109,50.1704399731376
358.50636985394806,146684.68528362413,0.3667488348223949,21,12,2.930015095131596,41.65208436960819,116994.16910133332,0.0,0.6279463385666954,0.9991471375400676,7.34314299345199,-7.635502214515288,0.3720536614333045,4.862160059611363,-295.4100495159995,58.34791563039174,0.0060818396107751,116994.16910133332,366.528750764518,0.6279463385666954,-242.95954249893583,0.0008528624599322,0.9991471375400676,116994.16910133332,0.0049568148922769,3.837259386485482,388.9518006533745,41.65208436960819
321.1695393968704,142124.703516306,0.5192342260181237,21,12,1.9379604887208104,49.88202955417416,102158.78975039472,0.0,0.9983791381746984,0.9621770309282518,4.462733359417753,-5.176452229788528,0.0016208618253014,3.915946328878439,-326.6385455666178,50.117970445805234,0.0048022134761428,102158.78975039472,353.112360614157,0.9983791381746984,-256.3294627639848,0.0378229690717481,0.9621770309282518,102158.78975039472,0.0058493335812509,4.569588110889201,382.3698971100049,49.88202955419474
332.02549146620873,125084.78672519988,0.4928793861705783,19,7,3.1450774406630275,58.45960814421544,117302.65892410516,0.0,0.9952656635199044,0.864107659869283,5.185711916013919,-5.82062555453112,0.0047343364800954,3.247554998225473,-318.17358181607347,41.5403918557746,0.0040081953708193,117302.65892410516,357.8192375217422,0.9952656635199044,-256.2658962426648,0.1358923401307169,0.864107659869283,117302.65892410516,0.0067582873700442,5.274946294847892,383.1079553945998,58.459608144225406
344.5244044504515,119288.25513097909,0.4027819132814701,20,7,3.432880297094376,47.140202092546765,119288.25513097909,0.0,0.7618891000218841,0.9998963204890404,7.357942554733975,-7.871386925723245,0.2381108999781157,4.305521668189843,-302.9359235091053,52.859797907453206,0.0053623962164056,119288.25513097909,363.7339310148642,0.7618891000218841,-241.47927954008907,0.0001036795109594,0.9998963204890404,119288.25513097909,0.0056163990680171,4.343355656108671,389.6972868663761,47.140202092546765
352.8661921370407,130866.93285073552,0.3366200526930323,24,7,3.0661933347167984,45.9898153094812,104807.19396353846,0.0,0.6232482917514632,0.9999945656716064,7.076844548187217,-7.412994578365413,0.3767517082485367,4.504253980482152,-302.1441902198209,54.0101846905189,0.0056059513122485,104807.19396353846,362.8292811582997,0.6232482917514632,-250.6546926428493,5.4343283934968015e-06,0.9999945656716064,104807.19396353846,0.0054440973018917,4.23742587302746,385.0222625647816,45.989815309481195
358.0946962506166,143491.08359799694,0.5291184165700795,22,8,2.335082321889501,57.11081644165685,109121.16922023904,0.0,0.9949722128592524,0.8207293044972933,4.324176742822823,-4.503911887262889,0.0050277871407476,3.353177705245269,-322.5345447381726,42.88918355835944,0.0041247999664726,109121.16922023904,355.3803509511088,0.9949722128592524,-265.3077534582635,0.1792706955027067,0.8207293044972933,109121.16922023904,0.0065181681311609,5.118492585686952,378.7453507691818,57.11081644164046
340.7159211038812,116969.09474663092,0.6305313383682456,25,11,2.034357038196278,56.6184428793302,103950.56688799724,0.0,0.9992000339395222,0.6519459121915181,3.9854925050949017,-4.330201967311701,0.0007999660604777,3.389100024360821,-325.66234539539903,43.38155712066988,0.0041592549289466,103950.56688799724,353.671702465847,0.9992000339395222,-282.80264464224746,0.3480540878084819,0.6519459121915181,103950.56688799724,0.0062215718789494,4.9403225190949165,370.8532209581472,56.61844287933016
333.1709261828903,118812.179554495,0.5640149700120932,15,9,2.918554910023984,41.11328663460129,113689.21367627088,0.0,0.948120035913902,0.986140144537195,7.029403959110003,-7.602265473854328,0.051879964086098,4.6426013340964,-317.3248937830916,58.88671336539876,0.0057307559638504,113689.21367627088,357.76389542167084,0.948120035913902,-246.3790653432121,0.013859855462805,0.986140144537195,113689.21367627088,0.0048718160777139,3.7801209920813954,387.3027916792497,41.11328663460121
353.01945439772743,139037.76571723484,0.4609756273045529,21,9,2.0368820699916697,51.91583415808451,106366.84918489652,0.0,0.9556636876684432,0.9972017885127622,4.4567001106476525,-4.761368689874185,0.0443363123315567,3.785845599652253,-321.7917620197096,48.08416584191589,0.004657734929746,106366.84918489652,355.3548555950038,0.9556636876684432,-249.91752729897985,0.0027982114872377,0.9972017885127622,106366.84918489652,0.0061463181937777,4.781405787928342,385.41904098853473,51.915834158084074
336.2729275638828,137168.33204181644,0.3919849391330322,16,10,1.8489428319972083,41.97478996862472,118891.66109371792,0.0,0.6671233524370545,0.9883615553127656,5.262696951256466,-5.892590327114273,0.3328766475629454,4.803382837550688,-296.9893346484007,58.02521003137532,0.0060035104256428,118891.66109371792,366.0430144743677,0.6671233524370545,-242.9386561565541,0.0116384446872342,0.9883615553127656,118891.66109371792,0.0049875931427964,3.86063895970991,389.0369546184981,41.97478996862468
349.99019992884257,119912.23599165148,0.4613284494116041,19,10,3.1399176077671345,40.2502297864803,119912.23599165148,0.0,0.7713857431956949,0.9989385392466368,7.753812613455604,-8.150437187360438,0.228614256804305,4.858762791392706,-303.2054485896775,59.7497702135198,0.006050793042241,119912.23599165148,363.68185584281287,0.7713857431956949,-241.20327008960584,0.0010614607533632,0.9989385392466368,119912.23599165148,0.0047957905554208,3.7079937070840754,389.8437068176429,40.25022978648029
323.52315552887853,119284.7701135046,0.5740047872159875,19,12,2.5788858303970503,47.95598447796231,102290.22788870796,0.0,0.9997296897959498,0.8880112401718814,5.6431980641990265,-6.280574606495606,0.0002703102040499,4.065451139881555,-326.6399362613305,52.04401552202975,0.0049856194480729,102290.22788870796,353.12696845017064,0.9997296897959498,-263.5101582652176,0.1119887598281184,0.8880112401718814,102290.22788870796,0.0055349017169293,4.343258879286862,379.18326300148885,47.95598447797034
328.59315183118895,128891.69921128477,0.6925009530177961,15,13,2.6968920645411307,51.003544354696096,113950.8752813298,0.0,0.9997003698122252,0.6026095689991994,5.458126678184214,-5.9881012500828525,0.0002996301877746,3.8274092257368593,-320.1978223380761,48.996455645303655,0.0047167995630222,113950.8752813298,356.74107581094654,0.9997003698122252,-280.5344341923322,0.3973904310008005,0.6026095689991994,113950.8752813298,0.0055715825192397,4.415091080004151,372.46410832702526,51.00354435469634
321.9131451359996,119309.82206182554,0.43291863805331,19,11,1.321049497630471,41.851974054343,119309.82206182554,0.0,0.7389910146679932,0.9923302277117684,4.252670669251551,-5.074318318608248,0.2610089853320066,4.754933061110209,-301.45949476341264,58.14802594565701,0.0059273257282997,119309.82206182554,364.31148053040926,0.7389910146679932,-242.2671586269254,0.0076697722882315,0.9923302277117684,119309.82206182554,0.0049781864231706,3.851672714956559,389.3501421564253,41.851974054342925
345.5629495029339,148022.0796828504,0.3524855850506628,17,13,1.9664580556178013,49.92500327406013,108270.09152037816,0.0,0.6662209327456607,0.9621923414063028,4.75255941801722,-5.210156789015046,0.3337790672543392,4.145890356936183,-302.9281973030096,50.07499672593995,0.0051589192247115,108270.09152037816,362.8060591687409,0.6662209327456607,-252.29695581741035,0.0378076585936972,0.9621923414063028,108270.09152037816,0.0058710522352631,4.573535564822232,384.4440781307517,49.92500327406001
345.6296666027791,142872.86996752964,0.3163225575069682,22,8,3.1368055012847176,56.67029932161262,113507.39524335269,0.0,0.7298533792387051,0.9998601156290042,5.670345036418527,-6.190315853804697,0.2701466207612947,3.548749103521438,-304.0559640941889,43.32970067838737,0.00441478167883,113507.39524335269,362.80526605366055,0.7298533792387051,-245.0505085431656,0.0001398843709957,0.9998601156290042,113507.39524335269,0.0067348043046676,5.2214012142883846,387.88428465701423,56.6702993216126
344.92881122509783,126301.62664566656,0.5830745403862565,21,9,2.104754228193084,40.51548894982836,103268.93154762311,0.0,0.9796031552154628,0.9991055438705326,5.616983314862444,-5.9621321764686925,0.0203968447845371,4.663463019924555,-324.92975415889043,59.484511050171896,0.0057252309714332,103268.93154762311,353.86187129103115,0.9796031552154628,-251.77534214098063,0.0008944561294674,0.9991055438705326,103268.93154762311,0.0047916796077032,3.7325252283317782,384.4539854453057,40.51548894982809
334.5563113131177,137107.68533949344,0.5244090578845501,18,10,1.90850135327246,42.09825312963128,114805.25787163012,0.0,0.8999967961448525,0.9921726178775396,5.17576596094276,-5.753098169038266,0.1000032038551474,4.604030995678216,-313.866989503175,57.90174687036888,0.0056951803914918,114805.25787163012,359.1579815417966,0.8999967961448525,-245.0498776301243,0.0078273821224603,0.9921726178775396,114805.25787163012,0.0049975341560743,3.874244919598495,387.9377555527688,42.0982531296312
326.1232161703853,149276.91855411092,0.5004387553604411,16,13,2.242926218233904,42.7968846207586,119833.48397608804,0.0,0.8155398434285422,0.9207312446667651,5.773964721635785,-6.491820064075675,0.1844601565714578,4.616244904260637,-306.0230419019123,57.20311537924211,0.0057391880854276,119833.48397608804,362.5894604806544,0.8155398434285422,-249.2725537749591,0.0792687553332346,0.9207312446667651,119833.48397608804,0.0050134441401796,3.895653171584312,386.28686665950266,42.796884620757936
333.08681308985354,134162.88573615663,0.4158537548682109,16,7,2.432487740183757,44.21895103175562,102189.70112298692,0.0,0.7442983433819114,0.9984704940738308,6.076171426363926,-6.6605802568362416,0.2557016566180886,4.557225926169994,-311.5172542002521,55.78104896824448,0.0056386938911006,102189.70112298692,358.84877529839605,0.7442983433819114,-252.56906077023476,0.0015295059261692,0.9984704940738308,102189.70112298692,0.0052262876087095,4.073316061880317,384.05106687976826,44.2189510317556
351.9816996348264,135318.22034319543,0.3294318980636512,20,7,2.218511281991897,44.3380588471954,105028.00673704788,0.0,0.5917552641604875,0.99988851303078,5.794150801070187,-6.146571683022593,0.4082447358395125,4.666592586924417,-299.89692981505823,55.66194115280461,0.0058160227705637,105028.00673704788,363.76215627463534,0.5917552641604875,-250.51925895702243,0.0001114869692198,0.99988851303078,105028.00673704788,0.0052489885569712,4.0851697963695175,385.09236634745656,44.3380588471954
353.2672134907049,148716.70990406486,0.5429515081014974,16,10,1.358226961226192,55.73965847483652,106669.29098526304,0.0,0.9733105492054432,0.7987771400261509,3.173535849962728,-3.402999022465869,0.0266894507945568,3.473826104808029,-322.64386310459986,44.2603415251638,0.0042718757772026,106669.29098526304,355.0745785443175,0.9733105492054432,-268.8229165065787,0.2012228599738491,0.7987771400261509,106669.29098526304,0.0063251076202585,4.978441075789833,377.0758915021755,55.739658474836205
332.2108086521635,112199.19843377282,0.4955905288341329,20,9,1.3996698295861378,44.09949061566531,103810.54125002716,0.0,0.8841035976900913,0.9968885939020876,4.156007603494518,-4.728232257133706,0.1158964023099087,4.457365263676883,-319.0566822711524,55.90050938433481,0.0054913037404119,103810.54125002716,356.1035255405872,0.8841035976900913,-251.64494278394096,0.0031114060979124,0.9968885939020876,103810.54125002716,0.0052143680221608,4.061333220739124,384.53623220457433,44.099490615665125
333.7749613501874,140976.49369614018,0.688594343778675,23,10,1.949791561947423,54.16860302667584,115185.55434762283,0.0,0.998773101171794,0.5738441347579725,4.072319285575912,-4.535593230195159,0.001226898828206,3.5807634693468176,-319.4893950879342,45.83139697332414,0.0044151815866495,115185.55434762283,357.12586627552,0.998773101171794,-282.01185186533394,0.4261558652420273,0.5738441347579725,115185.55434762283,0.0058849133158497,4.667216477002925,371.92041773691193,54.16860302667582
324.9707738177757,139807.33250964092,0.4063585389469418,16,9,2.507840787945403,40.132987585680574,103719.21939383048,0.0,0.6764265735579273,0.996506220280084,6.7242138924546975,-7.432981706894531,0.3235734264420726,4.948036820557506,-306.286385867372,59.867012414319575,0.0061423338041104,103719.21939383048,361.0660655309312,0.6764265735579273,-251.7460704326997,0.003493779719916,0.996506220280084,103719.21939383048,0.0047447666196399,3.6958237175617223,384.4870178044334,40.13298758568056
335.1997534717865,118631.92503292103,0.3617240593774267,19,12,1.7715056630003911,44.04337444888159,103800.40410560924,0.0,0.6415981853110774,0.9938529567409043,4.988291356314142,-5.574049914648953,0.3584018146889224,4.652177629252127,-303.96549597638324,55.95662555111845,0.0057832079200841,103800.40410560924,362.0064505603824,0.6415981853110774,-251.9692933996536,0.0061470432590955,0.9938529567409043,103800.40410560924,0.0052042735490926,4.05428986334559,384.39092306660814,44.043374448881565
324.9510917102185,144102.17629369342,0.43405450345627,18,13,2.780787208163676,46.5348653896682,107232.9177003335,0.0,0.7963697284764292,0.9822190178024984,6.347773191405048,-7.06928298218088,0.2036302715235707,4.328969207066676,-311.78641414484247,53.46513461033157,0.0053577853688624,107232.91770033352,359.22364394463983,0.7963697284764292,-250.91322762692383,0.0177809821975017,0.9822190178024984,107232.91770033352,0.0054935596867782,4.276043337169646,385.0133113020304,46.53486538966848
333.34744855021944,145757.27764001064,0.4799492854825524,20,13,1.85435131479105,50.69046927308083,101699.44680149844,0.0,0.9473326694804268,0.9747013749865012,4.3124197906024175,-4.870112791564181,0.052667330519573,3.888085247818004,-323.9779506785377,49.3095307269193,0.0047751926398742,101699.44680149844,354.0363835327732,0.9473326694804268,-255.36349528498397,0.0252986250134989,0.9747013749865012,101699.44680149844,0.0059589584710069,4.65255256735629,382.77970352777936,50.69046927308068
322.11481530143664,111231.7097103144,0.6144718188740542,20,13,2.088198463717428,55.58026974977077,111231.7097103144,0.0,0.9996974462198864,0.6934003546367244,4.138685529351302,-4.793726006995244,0.0003025537801135,3.4698953705037754,-321.656822602435,44.41973025022944,0.0042714511239512,111231.7097103144,355.92553513646936,0.9996974462198864,-274.94478710139686,0.3065996453632755,0.6934003546367244,111231.7097103144,0.0061809702740176,4.882053202506167,374.68070115598607,55.580269749770615
324.1712426948279,143228.774162275,0.3335926095013097,16,10,2.992880567885386,56.15670784219114,117644.33089215672,0.0,0.7466325750475097,0.988880565621102,5.513884627204689,-6.365814620903061,0.2533674249524901,3.5804940646060386,-302.8504002884521,43.8432921578089,0.0044590094798352,117644.33089215672,363.6289622533741,0.7466325750475097,-243.6441701359928,0.011119434378898,0.988880565621102,117644.33089215672,0.0066699072762603,5.165432259343454,388.6751609537004,56.156707842191054
336.8028022871762,131771.12962165137,0.5620513122837238,20,7,2.8741140169149824,52.26930436192417,103476.84479865093,0.0,0.9964941137991902,0.834668280303297,5.603165113634803,-6.056944378192982,0.0035058862008096,3.730679647716784,-325.7772205441753,47.730695638054016,0.0045779265489973,103476.84479865093,353.5762161983123,0.9964941137991902,-267.6733177885244,0.1653317196967029,0.834668280303297,103476.84479865093,0.0059678536758586,4.694797020646644,377.4067849443569,52.26930436194602
334.9435629751228,142535.261636638,0.3224894442758995,22,13,2.062420683250458,50.66867143865821,114629.186110309,0.0,0.6511345424077718,0.9974814342904564,4.8287896049407,-5.505252239368372,0.3488654575922282,4.094758408548811,-298.2891211503772,49.331328561341806,0.0051121295961157,114629.186110309,365.1874083663215,0.6511345424077718,-244.60000602254945,0.0025185657095433,0.9974814342904564,114629.186110309,0.0060214234552106,4.666741870032595,388.1298716391881,50.6686714386582
346.261165582769,129734.88147208608,0.4975842030658916,20,13,1.3887271076858605,51.0853524142618,106996.74658681772,0.0,0.944311957193166,0.9301613174642293,3.5731713872253774,-3.950273126209776,0.0556880428068337,3.8590210098370727,-320.77740918121384,48.914647585737136,0.0047508606599064,106996.74658681772,355.796618523998,0.944311957193166,-256.33518262321314,0.0698386825357708,0.9301613174642293,106996.74658681772,0.0059626656644861,4.656881029474724,382.59407423128096,51.08535241426284
346.1580501270646,137600.4588959148,0.4983043449926493,25,10,2.7999407308938,50.60120184607307,108201.6215282622,0.0,0.9990797406081654,0.9905714481893952,5.672080279671448,-6.073261075592684,0.0009202593918346,3.8592686622767167,-323.2769593200908,49.39879815392687,0.0047448745329368,108201.6215282622,355.01081959049486,0.9990797406081654,-249.4138606749305,0.0094285518106047,0.9905714481893952,108201.6215282622,0.0059870994229401,4.6556232634802335,385.7227127616361,50.60120184607307
353.55762352062845,120794.10030566053,0.6758282658596014,20,7,2.880306554494675,41.27484253303864,110608.99108751786,0.0,0.9979291901346558,0.7824515563629941,6.879591262040605,-7.06134277550562,0.002070809865344,4.588835858503699,-321.892464577144,58.72515746696163,0.0056477468884143,110608.99108751786,355.773542739676,0.9979291901346558,-267.78141930278326,0.2175484436370058,0.7824515563629941,110608.99108751786,0.0046758140707596,3.6770505419339425,377.74466829612027,41.27484253303841
359.90408699188407,148563.46797703084,0.4066117595852617,17,11,2.536130170362206,48.67640640133608,118844.0932517161,0.0,0.7795065268922636,0.9865622831848326,5.6844043729956555,-5.955006570332939,0.2204934731077363,4.167712481270817,-304.2910108808177,51.32359359866401,0.0051864019944707,118844.0932517161,363.1706634406664,0.7795065268922636,-243.15647469454652,0.0134377168151673,0.9865622831848326,118844.0932517161,0.0057815230889499,4.4757928746410816,388.938867783088,48.67640640133595
342.861871527805,123694.37107467206,0.4661256735818898,19,11,2.4944667774110427,57.16983440230842,103227.04375835563,0.0,0.9986724819516856,0.932844661551172,4.5335782966547,-4.964701474000518,0.0013275180483141,3.346340563638744,-326.0438290634569,42.830165597681,0.004105563444437,103227.04375835563,353.4508626936626,0.9986724819516856,-258.54800018732686,0.067155338448828,0.932844661551172,103227.04375835563,0.0066650202053444,5.213687065180558,381.4325334455005,57.16983440231903
357.0510122295519,119103.17239390052,0.6310013009691771,18,8,1.7738265754800184,44.909253893392446,102876.20740535425,0.0,0.9944840810810645,0.8148875931283138,4.6337746710670205,-4.7493813398528655,0.0055159189189354,4.307501890667092,-326.0053611653328,55.09074610660798,0.0052847181834283,102876.20740535425,353.4248725012775,0.9944840810810645,-269.84653931416665,0.1851124068716862,0.8148875931283138,102876.20740535425,0.0051046067295763,4.021261455516782,376.418139983208,44.909253893392005
358.66962624290795,116682.4815811201,0.5305113705040028,18,7,2.165030760050799,55.85623643438101,116680.24418632378,0.0,0.9889421499729308,0.831791234037908,4.214662960548494,-4.4236039370606255,0.0110578500270691,3.454997467788768,-318.130060778918,44.14376356562661,0.00426406811908,116680.24418632378,357.7719152165735,0.9889421499729308,-259.64643540344383,0.168208765962092,0.831791234037908,116680.24418632378,0.0064112573296438,5.014718983771457,381.6015574045711,55.85623643437338
347.81382644763505,111421.03958744628,0.4666024013423024,17,8,3.160422240492869,53.877273446234014,111042.4346938612,0.0,0.9938078662313444,0.9847224697834472,5.797285563630608,-6.2043815813657766,0.0061921337686556,3.6067370042811513,-321.4190921314391,46.12272655376604,0.0044404253120089,111042.4346938612,355.991637333226,0.9938078662313444,-248.19825335625612,0.0152775302165526,0.9847224697834472,111042.4346938612,0.0063748277487147,4.9526219380544605,386.3846230966933,53.87727344623402
340.3409423314172,131177.076705095,0.5594566684675162,22,12,2.332462606374622,45.46911645649257,113489.441291798,0.0,0.999474009049594,0.9682539233876054,5.477246194222595,-5.9521461526251365,0.0005259909504059,4.259909971599491,-320.43060101516244,54.530883543486794,0.0052488566540172,113489.441291798,356.6085104966822,0.999474009049594,-248.3580314651736,0.0317460766123945,0.9682539233876054,113489.441291798,0.0053666338946444,4.169206097264534,386.41797424526686,45.46911645651324
351.2334066351621,115474.86145572834,0.3982004801661278,17,13,2.030048437125666,53.1098221693241,112387.5421024582,0.0,0.785494571252103,0.943737942182398,4.458826521188198,-4.831453142328987,0.2145054287478969,3.8037602835530184,-308.1960209474262,46.89017783067593,0.0047199365222124,112387.5421024582,361.0912177855209,0.785494571252103,-251.5407878854112,0.0562620578176019,0.943737942182398,112387.5421024582,0.0062322736280122,4.851543229137612,384.9621762367438,53.10982216932407
340.5981038379096,117860.39648617788,0.4148086042306823,19,10,3.016672721350117,42.98080948459251,114777.43225287132,0.0,0.7266933761282984,0.9989438923122044,7.2442985635209265,-7.782067711692186,0.2733066238717015,4.672460372028424,-303.14643496155253,57.01919051540766,0.0058164904770192,114777.43225287132,363.27099439391793,0.7266933761282984,-244.3529838280201,0.0010561076877955,0.9989438923122044,114777.43225287132,0.005109763583913,3.959547605969981,388.2453745346052,42.980809484592505
322.3078124059189,111397.55289472568,0.4084608033746594,19,8,1.3476471273350326,49.8773432388397,111397.55289472568,0.0,0.8109221736911792,0.9959800071032164,3.6792833850505375,-4.481934721226705,0.1890778263088205,4.048104102788501,-310.3244765785193,50.12265676116055,0.0050163692265414,111397.55289472568,360.17897156510475,0.8109221736911792,-246.79348183195856,0.0040199928967836,0.9959800071032164,111397.55289472568,0.0059169486346178,4.592807675210784,387.02333382950826,49.87734323883953
324.32451762869124,126189.83837336596,0.3923834516450221,20,8,1.3867226702839992,48.68571962410704,113097.60724593016,0.0,0.763166483941424,0.9984182993567078,3.855728836586168,-4.644127822375801,0.2368335160585759,4.178717185386056,-306.4005494035112,51.31428037589288,0.005191053710135,113097.60724593016,361.85209964882176,0.763166483941424,-245.4605917899679,0.0015817006432921,0.9984182993567078,113097.60724593016,0.0057830355002221,4.484745634712967,387.6855336199032,48.685719624107016
321.64511869447256,120560.64249569208,0.6153400212471822,17,13,2.4150604640129503,42.50648940734655,103457.73416247834,0.0,0.9987751479132904,0.9032874124447636,5.946616521908306,-6.593910889515041,0.0012248520867094,4.4919116675982735,-325.9182318408434,57.493510592667455,0.0055115763054286,103457.73416247834,353.52277525548186,0.9987751479132904,-261.27574461360723,0.0967125875552364,0.9032874124447636,103457.73416247834,0.004924709796794,3.8588191135391687,380.2326296615274,42.506489407332474
331.9477019065282,145256.26825569672,0.3690625186716795,16,13,2.1452152655796386,40.63029328471445,119637.86564816632,0.0,0.5904258780816866,0.954397556636874,5.999581198745667,-6.7012902861603525,0.4095741219183132,4.978551739039016,-291.3783431294779,59.36970671528558,0.0062438263207454,119637.86564816632,368.3554932109505,0.5904258780816866,-246.00456249181477,0.045602443363126,0.954397556636874,119637.86564816632,0.0047939401724707,3.717622397583479,387.7154482571405,40.63029328471438
359.3785329686127,117408.80348054864,0.4544407251503205,25,10,2.302147009358012,44.16260390966208,117408.80348054864,0.0,0.8138007966171521,0.9999194998624888,5.746859837478038,-5.996423365340194,0.1861992033828479,4.507394503822862,-307.2094393333854,55.837396090337805,0.0055987618323545,117408.80348054864,361.92130532916406,0.8138007966171521,-242.62304801766865,8.050013751128105e-05,0.9999194998624888,117408.80348054864,0.0052574088829738,4.069023123078505,389.1172290605528,44.16260390966208
351.67934835662567,113012.9568287843,0.5361405121908942,24,13,2.521402379150614,47.45044867689705,106020.7605102271,0.0,0.9997889059952648,0.977332294609774,5.596440710177214,-5.880326636422289,0.0002110940047352,4.104897740513835,-324.52945771506114,52.549551323083016,0.0050420933679703,106020.7605102271,354.31565066201506,0.9997889059952648,-252.211876924573,0.0226677053902259,0.977332294609774,106020.7605102271,0.0055925869092768,4.3569229447970175,384.38156216491,47.45044867691722
328.31957252495954,105714.5696097378,0.69925199559714,24,12,3.317875899908956,42.942979645379246,105714.5696097378,0.0,0.9999523102959303,0.7002792925922635,7.451676041238127,-7.95091357576383,4.768970406969875e-05,4.456867011622943,-324.71032768592886,57.05702035462062,0.0054736765796566,105714.5696097378,354.21584849149593,0.9999523102959303,-277.8043419783184,0.2997207074077363,0.7002792925922635,105714.5696097378,0.0047707441037398,3.776163883484764,373.11637458298975,42.94297964537931
331.5325078257718,135230.48414617387,0.6794077417966905,22,14,2.61835161417978,48.65375932208485,111444.67438923162,0.0,0.999957091523382,0.6588806924280596,5.604459642272831,-6.093078375483045,4.290847661779982e-05,4.010780239663138,-321.5566438724457,51.34624067791513,0.0049376731411474,111444.67438923162,355.98454179026174,0.999957091523382,-277.6105264163224,0.3411193075719402,0.6588806924280596,111444.67438923162,0.0053721092147278,4.250085376636052,373.55091386291065,48.6537593220848
324.8477102081478,124752.05401290666,0.6806774901370364,22,7,1.752927342614572,44.23202923149218,114147.1764731424,0.0,0.9936730911150053,0.7139489791723348,4.631794234028073,-5.2291734705448825,0.0063269088849945,4.361087935956641,-319.7435629512498,55.76797076851021,0.0053759993427559,114147.1764731424,356.92620536227776,0.9936730911150053,-271.4818055598276,0.2860510208276652,0.7139489791723348,114147.1764731424,0.0049465445725278,3.897996656405228,376.3387465342648,44.23202923148971
333.7202800125829,138557.1172157852,0.5608002462141666,25,9,1.7813725515875476,40.79062965363559,115521.32430247382,0.0,0.9470697259905576,0.9998866781059124,5.013687386309256,-5.5913408258284845,0.0529302740094424,4.668911749959346,-316.28338351928926,59.2093703463645,0.0057677315093388,115521.32430247382,358.3311214152913,0.9470697259905576,-243.7906973952037,0.0001133218940874,0.9998866781059124,115521.32430247382,0.0048519631012711,3.758319737486125,388.52463609488535,40.790629653635584
333.2246513802723,102836.6933039501,0.5141275390742485,21,10,2.1947229930928187,54.19632478712573,102393.1239030172,0.0,0.9980987581029052,0.8948976229795432,4.434782338482808,-4.970009306094242,0.0019012418970945,3.5790308393295662,-326.48807316879504,45.8036752128817,0.004389536179708,102393.1239030172,353.1939962679805,0.9980987581029052,-262.78661587396925,0.1051023770204567,0.8948976229795432,102393.1239030172,0.0062646631486515,4.913666540840088,379.5092158792349,54.19632478711832
350.7349839358574,135565.31563092876,0.4724220283347507,18,11,3.084350529658265,55.03529196007402,110239.7162413204,0.0,0.9989118851196216,0.9577285505604372,5.544324781245276,-5.894806093644808,0.0010881148803782,3.5129623557730567,-322.15005210096393,44.96470803990224,0.004322803656095,110239.7162413204,355.6405000232685,0.9989118851196216,-251.4864561972843,0.0422714494395629,0.9577285505604372,110239.7162413204,0.0064715413780654,5.038233634384949,384.8911870386876,55.03529196009774
321.9812636386104,136870.49707479688,0.3306783526287844,18,9,1.4740156879520012,42.69812309566207,111797.4622114874,0.0,0.5756135578130523,0.9980304045585616,4.5789452493828895,-5.418063660284743,0.4243864421869474,4.8170556151661,-294.7877794556203,57.30187690433798,0.0060253011546307,111797.4622114874,366.3837162382936,0.5756135578130523,-246.3233259999396,0.0019695954414384,0.9980304045585616,111797.4622114874,0.0050684454868374,3.932958417413961,387.2488028117172,42.69812309566206
328.91800125355525,112745.34913199944,0.67826536486326,23,11,2.2925949615646037,51.30369495781363,112745.34913199944,0.0,0.9995933829421288,0.6267319106709198,4.834199342521617,-5.363198379046993,0.0004066170578711,3.804035725024353,-320.83551620956376,48.69630504218643,0.0046857084148817,112745.34913199944,356.3836411104808,0.9995933829421288,-279.3738452054073,0.3732680893290802,0.6267319106709198,112745.34913199944,0.0056298335178907,4.458432256561912,372.8799862834124,51.303694957813576
347.2422366646104,149250.31734342026,0.3330308965724343,24,12,1.2824112715619354,59.80476885456103,113082.9722505054,0.0,0.7975365645436003,0.9791668269548098,2.872634893355448,-3.357164353939626,0.2024634354563997,3.2538727593462418,-308.55937138085625,40.19523114543849,0.0040369785086181,113082.9722505054,361.01372726738646,0.7975365645436003,-247.4855405669252,0.0208331730451902,0.9791668269548098,113082.9722505054,0.0070740883881029,5.492841456298369,386.7871162881058,59.80476885456158
334.3141054675284,107482.28696035456,0.3428604065336095,22,7,2.447971078922513,43.937877681499394,101351.8610964484,0.0,0.611554432910511,0.9999772125745756,6.248264218056063,-6.844091096301557,0.3884455670894889,4.684573741784857,-303.4711557654218,56.06212231850053,0.005824090231858,101351.8610964484,361.99618564705366,0.611554432910511,-252.9793844264601,2.2787425424301124e-05,0.9999772125745756,101351.8610964484,0.0051926959562328,4.048353023247105,383.82990044867535,43.937877681499394
322.07616330833883,110298.2551841026,0.5562896210970123,23,9,2.163290135541444,50.75043310137736,101633.50268913226,0.0,0.9976440653845754,0.8720124425826575,4.723702126289191,-5.38548218916204,0.0023559346154245,3.848601777492631,-326.8990490604687,49.24956689863664,0.0047186558917351,101633.50268913226,352.95708102480046,0.9976440653845754,-265.4541460227756,0.1279875574173425,0.8720124425826575,101633.50268913226,0.0058356362146446,4.584956578869055,378.2883030894075,50.75043310136336
339.3079398055687,117241.32036466865,0.3480552454156339,16,14,1.978952330402844,44.394675971187,117241.32036466865,0.0,0.5595234060114305,0.9168133527770416,5.346478238770611,-5.934549592547348,0.4404765939885694,4.686985250703539,-290.5594172588735,55.605324028813165,0.0058800243100683,117241.32036466865,368.5154205935888,0.5595234060114305,-251.222691350167,0.0831866472229583,0.9168133527770416,117241.32036466865,0.0051904689494254,4.0386549268170135,385.3169858122676,44.39467597118684
334.2212292195914,149599.64294269576,0.6379971057056102,23,11,2.096818086377831,44.87799158721697,119489.20067230074,0.0,0.9992479138385856,0.8057141518789596,5.131574364271686,-5.656067548589209,0.0007520861614144,4.306262994942627,-317.27273126073214,55.122008412786926,0.0053187684474109,119489.20067230074,358.3655319678702,0.9992479138385856,-260.3436954743087,0.1942858481210403,0.8057141518789596,119489.20067230074,0.005128814014041,4.012687622765436,381.4361300478212,44.877991587212925
344.34624461962767,142480.26476928013,0.3568917095097753,17,11,3.1268964026944364,42.58785570533522,115295.06128146072,0.0,0.6178587197901482,0.99491458367457,7.602625659741703,-8.11175371153358,0.3821412802098516,4.79230530632976,-295.6785259326376,57.41214429466466,0.0059927088884445,115295.06128146072,366.2899437752176,0.6178587197901482,-244.45666009873904,0.00508541632543,0.99491458367457,115295.06128146072,0.0050597588890492,3.9209403253009536,388.22050198872086,42.58785570533521
344.7108339790573,143833.76730352867,0.5678670549043601,16,9,3.440214504945508,49.78620768656026,116431.94109980852,0.0,0.9991024138755406,0.8670719324134208,6.711820632249607,-7.116482235293803,0.0008975861244593,3.92292390626878,-318.8526352252124,50.21379231343375,0.0048394448553805,116431.94109980852,357.48458639438604,0.9991024138755406,-256.512480300677,0.1329280675865792,0.8670719324134208,116431.94109980852,0.0057570764055769,4.494395258366131,382.95913329541423,49.78620768656632
357.5592736225028,114530.53647397451,0.5664185407597907,18,10,2.2025125371541523,50.34359828075567,103661.57307634072,0.0,0.9983614717056004,0.8596283138813832,4.81631997209883,-4.964700210535908,0.0016385282943995,3.8798941573918313,-325.7786519701956,49.65640171924646,0.0047611159466244,103661.57307634072,353.5966663249852,0.9983614717056004,-265.26352600769866,0.1403716861186167,0.8596283138813832,103661.57307634072,0.0057790926386245,4.53945677864458,378.4788348019524,50.343598280753525
344.85799119835616,111630.11077539036,0.6839462647920517,22,9,1.790975090227652,40.67036323866593,111630.11077539036,0.0,0.9975368539715284,0.7735174573441551,4.997272833904508,-5.306024369425565,0.0024631460284716,4.636396905585443,-321.3166289197288,59.32963676133495,0.0057087650322927,111630.11077539036,356.09128102938166,0.9975368539715284,-267.9311592806313,0.2264825426558449,0.7735174573441551,111630.11077539036,0.0046007136103861,3.6181027105876096,377.73479801884383,40.67036323866514
331.41188628262006,144774.54668030166,0.6208212712985788,16,8,2.945949467273224,48.76156215322197,114183.13444712327,0.0,0.9984677072648248,0.7760079643299006,6.093405766980029,-6.6386677569516905,0.0015322927351752,4.003429918584189,-320.0028092943044,51.23843784677792,0.004934390476663,114183.13444712327,356.83593144573933,0.9984677072648248,-266.1543563217473,0.2239920356700994,0.7760079643299006,114183.13444712327,0.0055250827965056,4.339612537837421,378.6430774420821,48.7615621532221
322.44315167143253,113611.25755165052,0.4033660817407769,21,13,2.0645320262712823,55.51664331796781,105221.22509328616,0.0,0.8918212379614144,0.9880142978851076,4.2146495961128885,-4.993368063085591,0.1081787620385855,3.5421749573974317,-318.70097430620785,44.48335668203247,0.0043653271090428,105221.22509328616,356.384570667925,0.8918212379614144,-251.63309509841625,0.0119857021148924,0.9880142978851076,105221.22509328616,0.0065560258547674,5.1058829777541455,384.6039536255556,55.516643317967606
344.05988812653817,140869.21611965258,0.48057168375497,17,13,1.9640536444564765,44.81638925214202,114669.33724740703,0.0,0.825287492186282,0.943886049421288,5.094543201966338,-5.542350304863668,0.174712507813718,4.445727472984769,-309.40388047402143,55.18361074785797,0.0055136964210699,114669.33724740703,360.8338118139965,0.825287492186282,-250.10299623462743,0.0561139505787119,0.943886049421288,114669.33724740703,0.0052645333583548,4.094037329651203,385.6975019895117,44.816389252142045
324.1491585914097,132315.26423954422,0.4130136856392316,15,11,2.674538621641116,58.79550583750324,107127.63198686576,0.0,0.9174965269160618,0.9405330692083698,4.654274935774354,-5.40579094447157,0.082503473083938,3.266242442626857,-319.13308304117567,41.20449416249699,0.004024994725984,107127.63198686576,356.4209968093495,0.9174965269160618,-255.22023120636985,0.05946693079163,0.9405330692083698,107127.63198686576,0.0068783504753746,5.368283194088124,383.0946318063711,58.79550583750303
335.6591126745071,142061.95041531444,0.63822979981036,17,8,2.48275825850392,51.24931591542776,106272.57003748493,0.0,0.9980038974788245,0.7040037122659943,5.136270038893512,-5.5662374723833645,0.0019961025211757,3.809370581701562,-324.2863932328477,48.75068408457239,0.0046798717698281,106272.57003748493,354.4319059326595,0.9980038974788245,-277.1469382987889,0.2959962877340056,0.7040037122659943,106272.57003748493,0.0056994350095104,4.509253645526237,373.43435858365353,51.2493159154276
344.6565603043122,119961.99752951204,0.4136281970698467,18,14,1.7920586399091527,58.02824036166528,117673.36152999388,0.0,0.8555530645835465,0.9060155522818516,3.6261296690990648,-4.117378585023437,0.1444469354164535,3.3635302691228457,-309.6407136486867,41.97175963833431,0.0041720695114215,117673.36152999388,361.01855472498886,0.8555530645835465,-252.02033680520285,0.0939844477181484,0.9060155522818516,117673.36152999388,0.0067699899756252,5.270133417603308,384.98568824160026,58.02824036166563
325.6220344016662,125908.15473254492,0.491996962113626,18,9,2.4419715794950347,58.39693601447578,111739.57059598732,0.0,0.997016858152364,0.8677886102603241,4.32180430375745,-5.022240917960046,0.002983141847636,3.2514326873500017,-321.22747189158827,41.60306398551352,0.0040037173187018,111739.57059598732,356.13523432296694,0.997016858152364,-259.33045259427814,0.1322113897396758,0.8677886102603241,111739.57059598732,0.0067399602194559,5.272306345768669,381.49883425100165,58.39693601448657
348.8363117969297,125392.12546268322,0.6968072178433073,16,14,2.889015306972141,55.23448995318242,104610.09754566487,0.0,0.9999202114895168,0.5488546462182895,5.268521209718328,-5.461368673659201,7.97885104830729e-05,3.496766458096,-325.3300731577126,44.76551004681748,0.0042925063630587,104610.09754566487,353.8669227835142,0.9999202114895168,-290.2360437393339,0.4511453537817105,0.5488546462182895,104610.09754566487,0.005941918807786,4.739693626531117,367.73867559435666,55.234489953182425
352.55998868558106,126245.63139930688,0.4938450619704054,16,7,2.7083880192955734,57.06305918444614,110169.52102682897,0.0,0.9927264438618288,0.8815368519051207,4.8135378584568,-5.110202489440865,0.0072735561381711,3.3582640147355862,-321.83137397031214,42.936940815549455,0.00413317123621,110169.52102682897,355.7486753952612,0.9927264438618288,-259.01613499450053,0.1184631480948793,0.8815368519051207,110169.52102682897,0.0066007638640564,5.162882764486078,381.56079791178746,57.06305918445068
341.80740950086704,126986.96990782936,0.30496080071381,25,12,2.775571627533637,42.60324962479197,117539.23563537508,0.0,0.5312782502561518,0.9999428456356516,7.014639633454126,-7.602159208460505,0.4687217497438482,4.860724609113904,-288.39297150253094,57.39675037520812,0.0061061322001301,117539.23563537508,369.4249840374169,0.5312782502561518,-242.54060937043155,5.715436434839485e-05,0.9999428456356516,117539.23563537508,0.0050720851946068,3.9253623791176695,389.15889139754216,42.60324962479197
320.287404423572,146268.52118656522,0.6088804621174625,23,10,3.0679732733558245,50.53302730695882,112226.94630844762,0.0,0.9996144299682114,0.7736105056311964,6.0685433694292445,-6.765405716273693,0.0003855700317885,3.864223785184208,-321.11509884615896,49.46697269303012,0.0047588323343271,112226.94630844762,356.2275965683689,0.9996144299682114,-267.5563701811691,0.2263894943688034,0.7736105056311964,112226.94630844762,0.0057180123047648,4.495567554702569,377.92986772109066,50.53302730696981
356.8982681033867,147244.72153351016,0.3186426239733821,23,12,1.4487782340937927,54.00705062746879,110603.3496236509,0.0,0.6882243917857451,0.9960969394450012,3.58876731827206,-3.910361019178735,0.3117756082142548,3.793727905980832,-303.0139859592173,45.992949372531285,0.0047213581504674,110603.34962365088,362.96972887993246,0.6882243917857451,-247.28763732796384,0.0039030605549987,0.9960969394450012,110603.34962365088,0.0064047323271996,4.97316814971928,386.7704972275645,54.007050627468715
340.8341829884391,127425.4263258153,0.4141812180797074,23,11,3.4235387667208848,45.72308323640544,116832.38069947677,0.0,0.7629540100581598,0.99983967595635,7.546283983667184,-8.095810839681842,0.23704598994184,4.420137704720373,-304.33095322129475,54.27691676359453,0.0054994578978212,116832.38069947677,362.9828291589185,0.7629540100581598,-242.9856390174336,0.0001603240436499,0.99983967595635,116832.38069947677,0.0054417232646977,4.2127502821091705,388.93377896548554,45.72308323640545
347.6424655315984,124500.5462745976,0.3105822385840001,18,12,1.8395089834844731,52.67241709552093,117916.7994915636,0.0,0.6383178766714461,0.9838970436977832,4.29610853072413,-4.800371987907374,0.3616821233285538,3.936945308304616,-295.5981457735866,47.32758290447919,0.0049243272623335,117916.7994915636,366.52393024183294,0.6383178766714461,-244.00012181183524,0.0161029563022168,0.9838970436977832,117916.7994915636,0.0062500308936596,4.841256719505387,388.5288945737166,52.67241709552084
350.424014720882,119496.80732648975,0.4521800659255234,21,7,3.1156648021234763,51.4220113626404,113398.4476760988,0.0,0.9306129511022544,0.9997918940187934,6.112532610632841,-6.495962481581896,0.0693870488977455,3.8417952682525622,-316.4484110497312,48.5779886373596,0.0047445304986189,113398.4476760988,358.0586042218155,0.9306129511022544,-245.12617106564807,0.0002081059812065,0.9997918940187934,113398.4476760988,0.0061107022524675,4.737793292656368,387.84625537215726,51.42201136264039
332.98274158764144,118966.2696220595,0.5392004380527372,18,8,2.377687498665952,53.36001897247933,118966.2696220595,0.0,0.995631454450538,0.8597487069268162,4.740542634474011,-5.342535533037063,0.004368545549462,3.645992637648935,-317.3309928670862,46.63998102751834,0.0045028698396441,118966.2696220595,358.2921221383908,0.995631454450538,-255.6790092093886,0.1402512930731837,0.8597487069268162,118966.2696220595,0.0061673876378556,4.811536015112454,383.4422662620517,53.3600189724817
356.7037123462921,109470.26325195866,0.6568482797905701,16,14,2.996779870055304,40.52268551873315,109470.26325195866,0.0,0.9950128835503625,0.8394940091467509,7.185160676124745,-7.329452591639271,0.0049871164496373,4.650043043632129,-322.3454890514564,59.47731448126827,0.0057209223524514,109470.26325195866,355.48673116054243,0.9950128835503625,-263.38115886692475,0.160505990853249,0.8394940091467509,109470.26325195866,0.0046441463763686,3.642465805085111,379.6076290634665,40.52268551873177
359.84175795902297,145417.5661443683,0.6685428387199077,25,10,2.058927352495011,52.25789261495151,115681.63960477294,0.0,0.9987575921373216,0.6331369158377966,4.39807580515446,-4.499407882006458,0.0012424078626784,3.7300558428884263,-319.226832140066,47.74210738504844,0.0046001844911316,115681.63960477294,357.27210414671583,0.9987575921373216,-277.13263153355217,0.3668630841622033,0.6331369158377966,115681.63960477294,0.0057494810186099,4.546049527495547,374.01300207844395,52.25789261495156
336.90767366738544,140701.4218294554,0.6456266103966527,25,13,2.584906334456801,47.412566916499344,118870.47635600966,0.0,0.9998928161198004,0.747306141378221,5.66796929051262,-6.141179310187363,0.0001071838801995,4.1077802202559575,-317.6295543974585,52.58743308349883,0.0050722710259359,118870.47635600966,358.1744493111729,0.9998928161198004,-265.85125396772105,0.2526938586217788,0.747306141378221,118870.47635600966,0.0053504497903434,4.2004688040316704,379.0220428078484,47.41256691650101
352.3298678220251,117426.7630771759,0.6196856712708843,15,7,1.7118020068716229,51.03408827811752,117426.7630771759,0.0,0.9881927245957258,0.7338874883721465,4.004905420647721,-4.257785559670433,0.0118072754042741,3.8329269910605226,-317.69564529512206,48.96591172188266,0.0047320280942219,117426.7630771759,358.0051946898452,0.9881927245957258,-267.8490826364752,0.2661125116278534,0.7338874883721465,117426.7630771759,0.0057393296316878,4.511708324960326,378.0841213339745,51.03408827811728
350.0550258284399,117689.81977119908,0.3975678994949095,17,8,2.2584711505253283,59.163288813329885,102139.21889931244,0.0,0.9499215945743542,0.9836872465808816,4.07407357383642,-4.433417302230865,0.0500784054256457,3.2185155511902894,-323.8722785567648,40.836711186672765,0.0039532732445407,102139.21889931244,354.124426570025,0.9499215945743542,-254.14160605266284,0.0163127534191184,0.9836872465808816,102139.21889931244,0.006969999807721,5.437675256472049,383.3457866635612,59.163288813327135
329.35062719470653,147851.37670033707,0.6027840731792725,23,12,2.6466767365766213,47.33394635735358,108527.21672972733,0.0,0.999819972977938,0.8389774025910051,5.801514880639747,-6.365937785343822,0.0001800270220618,4.113975346053382,-323.1400539929071,52.666053642649565,0.0050585979736036,108527.21672972733,355.0960340193552,0.999819972977938,-264.0247672076763,0.1610225974089948,0.8389774025910051,108527.21672972733,0.0054218591201864,4.254367148645043,379.2768232338355,47.33394635735032
345.082876724686,142997.0259253808,0.6750436801263109,22,12,2.4131580098770207,47.00630461961728,105297.9665133508,0.0,0.9998236312372776,0.6911048596090885,5.4720898811045,-5.7436197914836935,0.0001763687627222,4.139566153137654,-324.93689063817226,52.99369538038288,0.0050831011100223,105297.9665133508,354.086995857907,0.9998236312372776,-278.8157603348,0.3088951403909115,0.6911048596090885,105297.9665133508,0.0052111194541237,4.12742075354006,372.6541797933487,47.00630461961721
336.380907895294,148968.89086677993,0.6618543047258112,24,12,2.0230566888801884,50.48211478744968,104213.30713867,0.0,0.9996191988582168,0.6694591382014226,4.5313176650916125,-4.926073256828162,0.0003808011417832,3.8681976187957594,-325.53731937645927,49.517885212550475,0.0047476977274744,104213.30713867,353.74685863784333,0.9996191988582168,-281.24658433456966,0.3305408617985773,0.6694591382014226,104213.30713867,0.0055683366363534,4.417289483991837,371.53866725023096,50.482114787449504
