run_index,status,error_message,Feed_Temp_K,Feed_Pressure_Pa,Feed_Benzene_Frac,Num_Stages,Feed_Stage,Reflux_Ratio,Bottoms_Rate_mols,Column_Pressure_Pa,feed_vapor_fraction,distillate_benzene_purity_mole_fraction,bottoms_toluene_purity_mole_fraction,condenser_duty_kW,reboiler_duty_kW,distillate_molar_flow_mol_s,distillate_volumetric_flow_m3_s,distillate_component_2_mole_fraction,distillate_mass_flow_kg_s,distillate_temperature_K,distillate_mass_enthalpy,distillate_pressure_Pa,distillate_component_1_mole_fraction,bottoms_mass_enthalpy,bottoms_pressure_Pa,bottoms_volumetric_flow_m3_s,bottoms_component_1_mole_fraction,bottoms_molar_flow_mol_s,bottoms_mass_flow_kg_s,bottoms_component_2_mole_fraction,bottoms_temperature_K
0,OK,,326.3286225265786,130658.73199159108,0.6895446171760666,24,7,1.7751149633299663,59.11499455006179,109658.77574520062,0.0,0.99380256115432575,0.52088571090598368,3.4300090316241678,-3.9659426144795451,40.885005449938269,0.0039339122185248192,0.0061974388456742463,3.1971570940343561,355.56988746738364,-322.17249885134095,109658.77574520062,0.99380256115432575,-289.20864685245999,109658.77574520062,0.0063365383182131434,0.47911428909401627,59.114994550061787,5.0494899427820839,0.52088571090598368,368.53076148495018
1,OK,,357.7063178586004,134783.6872722913,0.6450567892722695,15,12,3.1827601666086878,52.84036835485768,117801.10833610463,0.0,0.99974214210505252,0.67149722256181632,5.9336399885642424,-6.090597043565003,47.159631645141886,0.00454695750909227,0.00025785789494749606,3.683896171638307,357.86921938559522,-318.17504718583098,117801.10833610463,0.99974214210505252,-272.81863792699056,117801.10833610463,0.005865832372964121,0.32850277743818374,52.840368354858157,4.6251521173778443,0.67149722256181632,375.97459371163785
2,OK,,348.55168335243695,115671.56304209049,0.5627616420812933,25,9,1.8847273339236934,56.551680458790514,110832.71704088125,0.0,0.9949553881819353,0.76929024093868148,3.7860346831918061,-4.0955402847176723,43.448319541199325,0.0041815657375990972,0.0050446118180646708,3.3969025309519982,355.90388084385461,-321.59921938264603,110832.71704088125,0.9949553881819353,-268.79059634849028,110832.71704088125,0.0063892735218466024,0.23070975906131852,56.551680458800668,5.027577786927897,0.76929024093868148,377.3179453791937
3,OK,,356.6542935794334,118826.50284935065,0.5442190398868125,21,14,2.460919007435284,49.69424379848431,118826.50284935065,0.0,0.9997663037430472,0.91693395977917891,5.2347652058602598,-5.4920967810228047,50.305756201499172,0.0048522405375369454,0.0002336962569528972,3.9296400798266338,358.1644829443722,-317.64488962648079,118826.50284935065,0.9997663037430472,-250.25243566676829,118826.50284935065,0.0058141834069688515,0.083066040220821133,49.6942437985008,4.5208491859047673,0.91693395977917891,385.81289991172554
4,OK,,356.40574124192483,130611.5846417603,0.479394365181097,25,12,2.213190061985895,54.41925997779876,117769.99548756794,0.0,0.99874963810035167,0.95560966985585771,4.4066160054600267,-4.7036714734461667,45.580740022175718,0.0043956012210957995,0.001250361899648379,3.5611948810117933,357.88116080213763,-318.13334138346488,117769.99548756794,0.99874963810035167,-247.01140288395442,117769.99548756794,0.0064174311791893026,0.044390330144142301,54.419259977824325,4.9802212981176579,0.95560966985585771,387.19389400316425
5,OK,,333.9622147954612,113324.53683419144,0.4715169417240971,22,10,3.413490783830241,58.41929432519523,113324.53683419144,0.0,0.99939384693759592,0.90420642983941357,5.5318274500744407,-6.1386447144416172,41.580705674820386,0.0040021398621500892,0.00060615306240421342,3.2482989587494013,356.56101183917991,-320.5140057606618,113324.53683419144,0.99939384693759592,-254.86202426924891,113324.53683419144,0.0068000789763797724,0.0957935701605864,58.419294325179614,5.3041665592888192,0.90420642983941357,383.53908922877997
6,OK,,359.31278499550433,148787.1220557256,0.4543408623681463,21,11,2.365947339914907,58.975310610588785,105792.90964104522,0.0,0.99823804841870423,0.92400751573253426,4.178042280431602,-4.375769039387702,41.024689389412515,0.0039372058368539282,0.0017619515812956933,3.2055278648829728,354.27617120516931,-324.56828036782713,105792.90964104522,0.99823804841870423,-257.7255164421025,105792.90964104522,0.0068706646724965787,0.075992484267465757,58.975310610587492,5.3710298354485859,0.92400751573253426,381.92070124236005
7,OK,,358.1881584366655,130035.83811716427,0.6789113285510955,18,13,2.5458867784534673,50.83148502354193,107213.13303414361,0.0,0.99989600625457353,0.63157222166522609,5.2696909924654571,-5.3513071352546877,49.168514976458084,0.0047199673192517668,0.00010399374542643039,3.8407148958915776,354.68677020462917,-323.87095039197396,107213.13303414361,0.99989600625457353,-282.35647214603983,107213.13303414361,0.0055701055853468332,0.36842777833477403,50.831485023541838,4.4208470189142659,0.63157222166522609,371.25710419763845
8,OK,,345.5582959829601,116018.53351796788,0.6693996819226694,19,9,2.9350609135318764,45.39877518763432,116018.53351796788,0.0,0.99934511168317397,0.72742654327190714,6.4688153975972158,-6.790862241852917,54.601224812365899,0.005261147808721482,0.00065488831682598944,4.2655036950039067,357.35853762628017,-319.08375877170312,116018.53351796788,0.99934511168317397,-269.23138178573174,116018.53351796788,0.0050955635951141533,0.27257345672809291,45.398775187634016,4.0093998165501175,0.72742654327190714,377.41198601823243
9,OK,,350.91052506543895,121757.10893356617,0.4689514345181647,22,8,3.4838369662198474,56.49959086560534,112891.55049007923,0.0,0.99783961274501098,0.93825243699175076,5.8826049768724662,-6.2420024490886643,43.500409134382181,0.0041875559276141304,0.0021603872549890153,3.399215185319957,356.46422662365478,-320.65562744700287,112891.55049007923,0.99783961274501098,-251.77495388482865,112891.55049007923,0.006623693944341892,0.061747563008249282,56.499590865617797,5.1568488644902262,0.93825243699175076,384.88103817403749
10,OK,,338.4505643395063,122930.28430467974,0.5907907808016941,22,10,3.0000835395603263,42.423673010472015,115539.20344439741,0.0,0.99953558307240375,0.96394723976023622,6.9352069812822412,-7.4285732034474092,57.576326989515003,0.0055465228972964671,0.00046441692759623782,4.4977679044862375,357.21388428329789,-319.34710414313315,115539.20344439741,0.99953558307240375,-247.52619928783193,115539.20344439741,0.0050070271351325031,0.036052760239763698,42.423673010485047,3.8873970897052441,0.96394723976023622,386.87277429809319
11,OK,,335.4901985251048,138966.7745342654,0.5047954985432556,16,13,1.5482917397541782,53.45560735145179,110901.68974893965,0.0,0.8937217806250819,0.83384694668318826,3.6560395791882678,-4.189340361112837,46.544392648549092,0.0045767786886791104,0.10627821937491806,3.7050528554377293,358.1190660731346,-315.61968276257068,110901.68974893965,0.8937217806250819,-263.00011689709231,110901.68974893965,0.006122898018146211,0.16615305331681168,53.455607351450936,4.800734195371132,0.83384694668318826,379.8476842611812
12,OK,,359.71939667707244,134893.79250288577,0.6356277329361828,22,9,3.1184780948537103,43.626400062001025,104579.4368508053,0.0,0.99942848623124081,0.83447197949148133,7.0270138511326037,-7.1115843394753329,56.373599938002037,0.0054060845856194022,0.00057151376875920511,4.4038975313053452,353.86737799028572,-325.31930631336246,104579.4368508053,0.99942848623124081,-266.97115928390093,104579.4368508053,0.0049833925104878054,0.16552802050851861,43.626400061997806,3.9183765084421087,0.83447197949148133,377.77499108972631
13,OK,,344.5966784840724,114520.15610327438,0.4586879680854162,19,10,1.2192104066219511,50.066302321718226,114520.15610327438,0.0,0.88592917006482585,0.96742165108033162,3.4150386957411638,-3.8777878853741248,49.933697678279287,0.0049254909790707535,0.11407082993517405,3.9803081564205818,359.38954634632029,-313.17605897998624,114520.15610327438,0.88592917006482585,-247.80077942130106,114520.15610327438,0.0059108511255872428,0.032578348919668411,50.06630232172072,4.5901520369527127,0.96742165108033162,386.70830924746866
14,OK,,359.53962507938087,126758.33937206677,0.3193449473792179,23,11,2.170214004814857,56.98409272270047,105959.68670959955,0.0,0.74065608679330497,0.99869259681966349,4.3222012936947705,-4.5816161904325501,43.015907277299739,0.004358870695823882,0.25934391320669509,3.5165310945732169,360.16973135676602,-309.05583844595787,105959.68670959955,0.74065608679330497,-250.02890866124204,105959.68670959955,0.0067472650424617951,0.0013074031803365224,56.984092722700424,5.249379840880799,0.99869259681966349,385.3517090829111
15,OK,,356.81355608886366,107919.32848423916,0.587199951257528,18,11,1.7161797418195142,43.9419188926533,107919.32848423916,0.0,0.99454008234106828,0.9324566018012711,4.6060603997061662,-4.7873997901198875,56.058081107332882,0.005389073478525395,0.0054599176589317094,4.3830930157284618,355.01813007777019,-323.17192192709274,107919.32848423916,0.99454008234106828,-255.51097454021851,107919.32848423916,0.0051335874583818518,0.06754339819872883,43.941918892667175,4.0071086878406099,0.9324566018012711,383.00240695020375
16,OK,,340.95819231701154,112826.16688623058,0.3509693319280641,15,9,1.433071161704499,50.23990703840573,112826.16688623058,0.0,0.68200831038865672,0.97690807297074955,3.8571366578875539,-4.4140645785408541,49.760092961594474,0.0051195220719088327,0.31799168961134328,4.1087993057478425,363.82089518661326,-301.34339138678132,112826.16688623058,0.68200831038865672,-247.88113419434916,112826.16688623058,0.0059391078106232845,0.023091927029250354,50.239907038405597,4.6127534020992726,0.97690807297074955,386.60097832356468
17,OK,,343.8654113203338,124084.84726325079,0.5797330926365557,16,10,2.9888637344659914,56.03482064465994,119086.40057113199,0.0,0.99930222746414954,0.74946279043116437,5.2727845661816204,-5.6806144660412548,43.965179355340204,0.0042415145672735476,0.00069777253585037648,3.4346313588211697,358.24893926233136,-317.48354834974953,119086.40057113199,0.99930222746414954,-265.53885216600361,119086.40057113199,0.0063269190577040849,0.25053720956883557,56.034820644659739,4.9660438011943269,0.74946279043116437,379.16808886006049
18,OK,,333.04445021616715,145515.19265134283,0.349379012464695,17,7,1.2968938871236866,55.90489717075344,119012.44509563142,0.0,0.77534287866044171,0.98660086464829977,3.1741157655946579,-3.8935328188417229,44.095102829246962,0.004460142269184641,0.22465712133955823,3.5833009290718199,363.3218691777717,-303.93758856858585,119012.44509563142,0.77534287866044171,-243.05026863385993,119012.44509563142,0.0066406199347757494,0.013399135351700172,55.904897170753017,5.1404824546834496,0.98660086464829977,388.99250952756347
19,OK,,359.99372779674724,124974.78271151727,0.3215978862187143,20,11,1.8942144039923938,55.62202501363958,105628.9583702353,0.0,0.71720022891668811,0.99403303272914478,4.0855044005278094,-4.331429969528835,44.377974986360513,0.0045183541237428758,0.28279977108331195,3.6424801246588046,360.64853160436337,-307.76562018690396,105628.9583702353,0.71720022891668811,-250.73573576820581,105628.9583702353,0.0065783099569196434,0.0059669672708551535,55.622025013639515,5.1202707058555355,0.99403303272914478,385.02206447038571
20,OK,,353.1655945703892,116893.36199661321,0.3959387394624936,20,11,3.2632324740803185,50.24772837380309,113011.97344176836,0.0,0.79422882190177158,0.99842409063653925,6.6452294453925385,-7.0021056520424452,49.752271626196915,0.0050001579233460436,0.20577117809822845,4.0298398678867091,361.07149105126621,-308.39307603082193,113011.97344176836,0.79422882190177158,-245.5139030836736,113011.97344176836,0.0059683561602560716,0.0015759093634607198,50.247728373803092,4.6286360957575861,0.99842409063653925,387.65835395760564
21,OK,,339.50762878260366,108406.33261265088,0.43761703830321375,18,9,1.2681830631853632,42.251422816799405,108406.33261265088,0.0,0.75397452616450011,0.99477537802924487,4.1384369673833126,-4.6476651145762844,57.748577183200631,0.0058416363790747576,0.24602547383549989,4.7101320967134521,360.62138779880451,-308.47514490292218,108406.33261265088,0.75397452616450011,-248.84090343636723,108406.33261265088,0.0050041966190532547,0.0052246219707551339,42.251422816799341,3.8898834259571879,0.99477537802924487,385.98649078060782
22,OK,,325.7243410930005,148666.54815689535,0.4741495558014186,21,14,2.7018629491410904,40.83700317303456,106320.35789316916,0.0,0.79829109937927745,0.99545358899636771,6.8784474536484819,-7.5592552546861862,59.162996826965262,0.0059240505082066843,0.20170890062072255,4.7887197018959711,358.88732671895576,-312.43049790640612,106320.35789316916,0.79829109937927745,-250.13148732027088,106320.35789316916,0.0048327536957176176,0.0045464110036322605,40.837003173034589,3.7600531563130106,0.99545358899636771,385.32164202119424
23,OK,,326.4695597792463,114568.44754962418,0.665356448090759,24,8,3.0870344897948874,54.27793484794796,114568.44754962418,0.0,0.99887773554701487,0.61559164025103053,5.6303131384485781,-6.2071573550204686,45.722065152051911,0.0044034530683282388,0.0011222644529851351,3.5721543734974617,356.94146672221734,-319.82206040820921,114568.44754962418,0.99887773554701487,-279.16350563894184,114568.44754962418,0.0059469868918544727,0.38440835974896953,54.277934847947996,4.7084204163799956,0.61559164025103053,373.0831608002768
24,OK,,336.62140524898723,128514.78386732958,0.39495266060458356,22,8,2.60204502554547,50.304257214685926,114404.87593893246,0.0,0.79459213725246491,0.9998525057571962,5.6043643355074781,-6.2210540022767233,49.695742785314074,0.0049969746627123003,0.20540786274753514,4.025007885475131,361.4849609802497,-307.64712082983965,114404.87593893246,0.79459213725246491,-244.48922857707788,114404.87593893246,0.0059806124765984185,0.0001474942428037332,50.304257214685926,4.6348512105538928,0.9998525057571962,388.16983146736789
25,OK,,341.6057708391505,138616.52751134086,0.5117471358179335,17,13,1.5984898879402634,50.55845882355314,108945.66296981741,0.0,0.9183565531897171,0.88587962574692702,3.9452722979010142,-4.3843791265113499,0.081643446810282891,0.0048324608072892765,0.9183565531897171,49.44154117644733,-318.16574947395952,3.9185891760543656,356.96956064951593,108945.66296981741,0.11412037425307303,108945.66296981741,4.5774470981664077,0.0058505557396894324,0.88587962574692702,50.558458823552691,381.3414481990298,-259.37903175550326
26,OK,,352.1976742462751,121302.61658553194,0.30323758478869745,21,10,3.167725768767477,43.50276516326841,119871.46830853313,0.0,0.53659114631829929,0.99981972470061253,7.6096515377925895,-8.0492781702293694,0.46340885368170071,0.0060095359614294828,0.53659114631829929,56.497234836731472,-287.46582731775561,4.7803375929231926,369.96835550050315,119871.46830853313,0.0001802752993875012,119871.46830853313,4.0081664796346645,0.0051842329058915306,0.99981972470061253,43.502765163268407,389.87256118180807,-241.13431133608464
27,OK,,346.8251735592496,108530.0269540523,0.30137656377461075,17,10,2.4439747068410744,47.07922385608012,102033.87051280428,0.0,0.56637978723854654,0.9965080468388372,5.9204495988715831,-6.3525465644842152,0.43362021276145346,0.005551447252146284,0.56637978723854654,52.920776143919795,-300.00156150765469,4.4556146282932998,363.4740284723066,102033.87051280428,0.0034919531611627606,102033.87051280428,4.3354998221391545,0.0055615615905555632,0.9965080468388372,47.079223856080098,383.90504415879684,-252.87992511435291
28,OK,,345.7713970232875,135099.40087531338,0.6996172884148075,19,8,3.0030244920707556,44.76060873036452,119476.0463619373,0.0,0.99898840349675644,0.66983877194525776,6.6477398455874681,-6.9626754973169982,0.0010115965032436293,0.0053303618608911019,0.99898840349675644,55.23939126963554,-317.26433058004079,4.3156342980504006,358.3672556008903,119476.0463619373,0.33016122805474218,119476.0463619373,3.9168842157989801,0.0049706555003139119,0.66983877194525776,44.760608730364538,376.42726960553318,-271.98197953193994
29,OK,,326.3980568455211,142611.83848648707,0.6817056719113035,25,13,1.7009591699967053,45.190717117552296,114084.87966545322,0.0,0.99948507313854573,0.70371111735477454,4.4607539073199689,-5.0354814132185002,0.00051492686145434739,0.0052769187171506395,0.99948507313854573,54.809282882447597,-320.11405697103845,4.2816498042801792,356.78539404310476,114084.87966545322,0.29628888264522552,114084.87966545322,3.9759925996623928,0.0050427398500287211,0.70371111735477454,45.190717117552509,375.95289386072415,-272.37089113168963
30,OK,,355.46196332835245,118229.90486843025,0.5760210693026455,20,11,3.1329543504622257,44.997640490909156,116472.8572623499,0.0,0.99970586327632593,0.94186527101263873,6.8421159546726447,-7.0935089697380951,0.00029413672367399672,0.0053003574462839442,0.99970586327632593,55.002359509074218,-318.866311340273,4.2965624307674739,357.48382269898002,116472.85726234991,0.058134728987361384,116472.85726234991,4.1093194321855515,0.0052876784670123919,0.94186527101263873,44.997640490925832,386.1756910559763,-249.19596678579626
31,OK,,355.5593069842832,142270.6841794387,0.384336836800795,19,11,1.9001417843537245,58.430084602174446,103872.19455912635,0.0,0.8907399282934666,0.97594218408160827,3.7304740017150264,-4.0138368979660379,0.10926007170653342,0.0040779608313918992,0.8907399282934666,41.569915397826165,-319.41347124644949,3.3108103974595582,355.97549178071574,103872.19455912635,0.024057815918391703,103872.19455912635,5.3639390793702519,0.0068776997805747838,0.97594218408160827,58.4300846021737,383.58740180049773,-253.77702233576903
32,OK,,329.77758310180275,121650.22841518855,0.30000032975648144,18,12,3.1309381478845566,55.068578839916896,115602.54670591987,0.0,0.65805358538133196,0.99214161334659856,5.9247059864840628,-6.699683533267577,0.34194641461866804,0.0046513247769915103,0.65805358538133196,44.931421160083168,-298.20390437800728,3.7251824502400384,365.29896628469987,115602.54670591987,0.0078583866534014148,115602.54670591987,5.0678623872240571,0.0065394981964001266,0.99214161334659856,55.068578839916846,388.18812567977938,-244.55806649302471
33,OK,,355.10780899880086,149896.77372874034,0.6810393365648796,24,9,1.815766930257802,56.47913631940376,105950.86763894818,0.0,0.99739536479790702,0.56273364716848417,3.7081837902900361,-3.8228015541416234,0.0026046352020929493,0.0041777974659875008,0.99739536479790702,43.520863680596243,-324.4315075272599,3.4010847382458333,354.34344653531974,105950.86763894818,0.43726635283151577,105950.86763894818,4.8574923069674067,0.006097112091490324,0.56273364716848417,56.479136319403729,368.61626390273995,-288.37990575865257
34,OK,,320.95305710421445,119334.02556862475,0.5406678017969433,18,10,1.9964239292710841,46.416585036864106,112970.84570618652,0.0,0.99029248465252429,0.97837998984900487,4.8500977212884475,-5.6108272633538183,0.0097075153474757165,0.0051666486389912976,0.99029248465252429,53.583414963148321,-320.17553078016471,4.1927952328816733,356.64681487936127,112970.84570618652,0.021620010150995145,112970.84570618652,4.2626752089176216,0.0054892386716897624,0.97837998984900487,46.416585036851664,386.71499575057379,-247.6376268078086
35,OK,,322.83627748150553,121845.41517685913,0.314150329010017,17,8,2.8526124897384824,58.98500405058067,112656.28902238925,0.0,0.76167080733683246,0.99703131624538022,4.9768166761011754,-5.8390871470738528,0.23832919266316754,0.0041496957062947355,0.76167080733683246,41.014995949419308,-306.55237626280189,3.3408677125400819,361.75391340042819,112656.28902238925,0.0029686837546197982,112656.28902238925,5.4323295011210435,0.0070029271830629727,0.99703131624538022,58.985004050580628,387.47893404271872,-245.88515981454441
36,OK,,344.13133349378535,124233.81472561491,0.5572257134862231,20,12,2.313169446028568,45.845390047095094,113890.49644012182,0.0,0.99906923049568541,0.96469946370741677,5.4074518865551129,-5.829408987222874,0.0009307695043146274,0.0052139381303177414,0.99906923049568541,54.154609952878388,-320.19336542522785,4.2308232446152827,356.73638871383042,113890.49644012182,0.035300536292583277,113890.49644012182,4.2014220933318436,0.0054078393037144097,0.96469946370741677,45.845390047121569,386.38448582796508,-248.47237424540609
37,OK,,350.52658514148186,120089.92497623274,0.6074204336777932,15,7,2.6067392636229485,43.08164446085231,106810.84354994498,0.0,0.99578680455398849,0.90567918110269019,6.2116791698241549,-6.4676386474528664,0.0042131954460113939,0.0054677617405404812,0.99578680455398849,56.918355539140322,-323.8589064605215,4.4493611716242469,354.64678173676208,106810.84354994498,0.094320818897309838,106810.84354994498,3.9124780902937002,0.0050016731769415724,0.90567918110269019,43.081644460859778,381.47175589583253,-258.84944414151465
38,OK,,341.1263087674339,117480.11807033468,0.5944940711433944,21,12,1.9441539998420105,43.198236403279736,117480.11807033468,0.0,0.99897380306944694,0.93736009757848515,5.0320465072380829,-5.4897394116760063,0.0010261969305529642,0.0054768133700162334,0.99897380306944694,56.801763596708724,-318.29732033125049,4.4377078768459377,357.79242310832728,117480.11807033468,0.06263990242151489,117480.11807033468,3.9422626638181426,0.0050735090376049672,0.93736009757848515,43.198236403291318,386.29035773845663,-249.03409011153795
39,OK,,329.6102504925924,113722.13851679757,0.5022258167644635,16,10,3.0383208966874715,41.518171822066655,108433.36918244426,0.0,0.85252236795421998,0.99119626371133018,7.3424464001341825,-7.9669587940296802,0.14747763204578002,0.0057947380205677669,0.85252236795421998,58.481828177933274,-314.525461734685,4.6890991994749518,358.28878054645099,108433.36918244426,0.0088037362886697942,108433.36918244426,3.8202922386079257,0.0049135884419704992,0.99119626371133018,41.518171822066627,385.82861836732809,-249.19828210807225
40,OK,,350.5046381569746,144561.41481720615,0.41230411575301096,24,14,2.6637743362988964,52.53951269589114,102304.71395622453,0.0,0.86672890861012208,0.99819116685263398,5.4081621418208199,-5.7473883264238852,0.13327109138987792,0.0046762084267104884,0.86672890861012208,47.460487304108661,-318.90384830763583,3.7959457284932823,356.0039131516711,102304.71395622453,0.0018088331473660078,102304.71395622453,4.8395751928086375,0.006209666189000468,0.99819116685263398,52.539512695891155,384.07789076861837,-252.52058605181816
41,OK,,337.791580561878,118484.94917598367,0.3846079100188029,19,13,1.642649322955762,46.77925475168913,109322.03553801091,0.0,0.70740307991707463,0.98263606587887586,4.4721990941213932,-5.0394917707976798,0.29259692008292526,0.0054384803759182521,0.70740307991707463,53.220745248310912,-304.98932817091196,4.3755955690284276,362.07547038884576,109322.03553801091,0.017363934121124188,109322.03553801091,4.2987736845124935,0.005528180904200315,0.98263606587887586,46.779254751689002,385.72545185483386,-249.51642154976048
42,OK,,349.5869251503716,111022.69895277485,0.6888371671493656,24,7,1.786782183338401,55.74400218277572,111022.69895277485,0.0,0.99342334661417242,0.55297836036430592,3.7263818904284456,-3.9426292040851867,0.0065766533858275739,0.0042610212419302712,0.99342334661417242,44.25599781722439,-321.4075646962508,3.4609999487383667,355.99372528705931,111022.69895277485,0.44702163963569413,111022.69895277485,4.7866393992250789,0.0060189480640765155,0.55297836036430592,55.744002182775702,369.95526220351144,-286.0322354625871
43,OK,,350.0839057195344,128367.16528402688,0.5968262728083651,16,13,3.0306693736343506,42.7148024246043,119232.53292028767,0.0,0.97741051313603833,0.91357860240403166,6.974351997429296,-7.3013236172314562,0.022589486863961689,0.0055526829493613766,0.97741051313603833,57.285197575395578,-316.12457361563906,4.4928032010406618,358.75687020472435,119232.53292028767,0.086421397595968355,119232.53292028767,3.8838960559682176,0.0049948554309631292,0.91357860240403166,42.714802424604308,385.79252211484942,-250.33922780197923
44,OK,,325.11588482657476,114191.78839887705,0.6219093642901158,21,10,3.185735698791974,46.94509343271967,103163.31416754157,0.0,0.9997182185059682,0.80507058174923041,6.7254679974017986,-7.3074635634452854,0.00028178149403189915,0.0050844040757442449,0.9997182185059682,53.054906567282067,-326.13978032610015,4.1444260689878201,353.40872540232533,103163.31416754157,0.19492941825076959,103163.31416754157,4.1970901640063705,0.0053256347629230304,0.80507058174923041,46.945093432717918,376.1337427548047,-270.53067956395762
45,OK,,346.89526422561937,124804.27554831223,0.4593486544648138,24,7,1.707619389295105,52.78096982427023,109362.74561613952,0.0,0.96545324761233875,0.99342377725573361,3.8887404984201686,-4.3037345532041948,0.034546752387661146,0.0045702341462648096,0.96545324761233875,47.219030175724718,-320.69308442850041,3.711246403363484,356.07850313823997,109362.74561613952,0.0065762227442664753,109362.74561613952,4.8582870723135612,0.0062521853533876416,0.99342377725573361,52.780969824275331,386.23924203812214,-248.36458432373831
46,OK,,354.1461944916455,143447.20700460998,0.6876834978796995,21,14,3.473438806861809,55.49603896885277,112725.35378910102,0.0,0.99998369227817274,0.56275952363630355,6.0020212583090595,-6.1607532586752285,1.6307721827376298e-05,0.0042819174819738893,0.99998369227817274,44.503961031147149,-320.86882300505965,3.4762964633441462,356.36946614228685,112725.35378910102,0.4372404763636964,112725.35378910102,4.7729610892034042,0.0060088517288043476,0.56275952363630355,55.496038968852758,370.80103725653737,-284.29128550397746
47,OK,,354.24285693740165,112922.46152647713,0.5162069970640725,21,13,2.629285866947244,45.799130934124335,101408.39611294853,0.0,0.9480890416956147,0.99490274837299841,6.0270588153309435,-6.2551708954854455,0.051910958304385232,0.0052473626199467036,0.9480890416956147,54.200869065875565,-324.19094505348494,4.273195093223233,353.92508979844359,101408.39611294853,0.0050972516270015884,101408.39611294853,4.2165855164818957,0.0054068435020234746,0.99490274837299841,45.799130934124292,383.61206310684344,-253.471849696829
48,OK,,338.91134189539764,132210.8037824276,0.6373340823857836,18,13,1.492000761582467,59.99550439916284,113566.76617538228,0.0,0.99807073200820762,0.60320206873760662,3.0055806497763498,-3.41532482612301,0.0019292679917924198,0.0038518941315205195,0.99807073200820762,40.004495600837224,-320.30801100538844,3.1259073233538253,356.66102495458699,113566.76617538228,0.39679793126239338,113566.76617538228,5.1939732899810132,0.0065535896625244644,0.60320206873760662,59.995504399162769,372.3630890725579,-280.71556701316706
49,OK,,338.80330556293234,138918.9050301629,0.4435096031288487,21,14,2.007507536475959,54.25642002683682,115780.26464706559,0.0,0.93672031209267126,0.97231627513489172,4.1965213980938598,-4.7674737503670919,0.063279687907328713,0.0044662485130231742,0.93672031209267126,45.743579973163165,-315.53344388928485,3.6137171208568057,358.63347125736715,115780.26464706559,0.027683724865108259,115780.26464706559,4.9780331427280604,0.0064158757614512039,0.97231627513489172,54.25642002683675,387.32949875440426,-246.51561768880777
50,OK,,328.0926468010158,118090.63572570602,0.4943910968997474,18,11,2.2351038107965135,58.692609038984415,117068.11374197976,0.0,0.99813293568928552,0.86013839870470088,4.0225109661655942,-4.7115909679925627,0.0018670643107144532,0.0039829086629712329,0.99813293568928552,41.307390961015479,-318.46324726433505,3.2276780940556753,357.69048410595406,117068.11374197976,0.13986160129529923,117068.11374197976,5.2927027843580214,0.006778789787199189,0.86013839870470088,58.692609038984514,382.87167841738648,-256.78086486487973
51,OK,,350.296027102628,136361.77401617702,0.5874113542780535,24,8,1.7858358040622475,47.64482050251546,117205.81777718902,0.0,0.99199161664308266,0.85716734354980784,4.3958730041130938,-4.709144320137022,0.0080083833569173472,0.0050550309102778837,0.99199161664308266,52.355179497472861,-318.03304055329346,4.0954404776162416,357.86038983921117,117205.81777718902,0.14283265645019219,117205.81777718902,4.2944646996034663,0.0054996449446297292,0.85716734354980784,47.644820502527224,382.79258358213173,-256.97664614491146
52,OK,,337.1384159376333,115615.1689036493,0.5853592115044417,19,10,3.235925916455277,55.176671039417755,115615.1689036493,0.0,0.99956912494155226,0.7511284173969599,5.7171670490248792,-6.203747034430207,0.00043087505844773455,0.0043180844701426035,0.99956912494155226,44.823328960582778,-319.30902555172355,3.501503599138645,357.23549833384504,115615.1689036493,0.2488715826030401,115615.1689036493,4.8912800346117447,0.0062230159469275495,0.7511284173969599,55.176671039417194,378.15809927955712,-267.45091909240364
53,OK,,351.2795002164618,132739.73583859878,0.30614713039369457,21,9,2.583251318732769,56.125656791233666,115438.19724073817,0.0,0.69697278374478167,0.99936767032741902,4.9923644051715597,-5.4378139860026637,0.30302721625521828,0.0045047619864745161,0.69697278374478167,43.874343208766355,-300.85674618344581,3.6135908752974717,364.22973120532748,115438.19724073817,0.00063232967258104289,115438.19724073817,5.1708320969316306,0.006675036292765185,0.99936767032741902,56.125656791233645,388.47408047509629,-243.89724698113241
54,OK,,343.1160598975402,142447.4307585187,0.604319935559551,25,12,2.8211164056548492,57.362242554000574,105808.59558600621,0.0,0.99984373231010126,0.68967567826421128,4.9277681333892298,-5.2630523896100891,0.00015626768989871539,0.0040906456356344725,0.99984373231010126,42.637757445999668,-324.65140737168457,3.3306071454013675,354.24773255401465,105808.59558600621,0.31032432173578867,105808.59558600621,5.0355810581066009,0.0063587464134514477,0.68967567826421128,57.362242554000254,372.77492679253845,-278.60927248866039
55,OK,,322.86950616252324,123428.87616310499,0.4533795789623649,19,11,1.6637225124127601,47.786524182701704,116116.59639665941,0.0,0.85772601998988796,0.98842558434438466,4.3049559186207089,-5.0970162055039854,0.14227398001011204,0.0051844755408252379,0.85772601998988796,52.213475817298523,-310.60707921806357,4.1826888620699352,360.5091575202124,116116.59639665941,0.011574415655615405,116116.59639665941,4.395217191082283,0.0056714305311421432,0.98842558434438466,47.786524182701513,388.17698849051828,-244.63059658777348
56,OK,,349.8622073071214,117774.29977919416,0.4020451647800107,19,8,3.0582141770054925,48.987832291789154,109924.42705591975,0.0,0.78766331477902518,0.9995079723727055,6.5018926969068911,-6.8895070608224662,0.21233668522097482,0.0051272053583158658,0.78766331477902518,51.012167708210796,-309.71364533638422,4.1365868627910372,360.27832696258594,109924.42705591975,0.00049202762729445013,109924.42705591975,4.5133238684237851,0.0058120310259512685,0.9995079723727055,48.987832291789154,386.70827873762568,-247.36334264870777
57,OK,,348.1407011031715,135713.58389051943,0.4722893260598949,16,9,2.2823729972922466,57.242149133012106,117320.94310734356,0.0,0.99175204512975002,0.91573086202439902,4.2299362450127704,-4.6467645547134895,0.0082479548702500335,0.0041287834620599611,0.99175204512975002,42.757850866978686,-317.95891766586203,3.3448410905631745,357.89893124592362,117320.94310734356,0.084269137975601024,117320.94310734356,5.2065410356349773,0.006691222090106792,0.91573086202439902,57.242149133021279,385.29487334946737,-251.28098931260837
58,OK,,325.59934487866985,144719.22757817688,0.6411876477461372,25,12,2.380235428933089,46.30905057630882,112149.36924277821,0.0,0.99976873965166047,0.77455309904506497,5.4731823041816936,-6.0786830594232377,0.0002312603483396092,0.0051648542216835907,0.99976873965166047,53.690949423684536,-321.16575402608748,4.194073013215335,356.20102916119629,112149.36924277821,0.22544690095493497,112149.36924277821,4.1204023619847225,0.0052409187923475268,0.77455309904506497,46.309050576315549,377.94072905446802,-267.52174067457156
59,OK,,331.34284381509474,112830.99642660662,0.5050024328679357,20,11,2.3953052225445948,49.49453548785213,109651.56393018086,0.0,0.99242942246528443,0.99238028388498956,5.1855774475457439,-5.8076139981264134,0.0075705775347155568,0.0048609867989363271,0.99242942246528443,50.505464512147924,-322.09721403678498,3.9504379074224771,355.59647548678333,109651.56393018086,0.0076197161150103375,109651.56393018086,4.5550588850934215,0.0058623277992776385,0.99238028388498956,49.49453548785214,386.28554953408582,-248.28809159875578
60,OK,,353.61488887920996,110639.77449751759,0.35607174398560126,19,14,3.460660006092949,49.526249202056356,106964.25519718874,0.0,0.6944015754423285,0.98873077741647264,7.1802179138398694,-7.5103401233661131,0.30559842455767144,0.0051665518928916861,0.6944015754423285,50.473750797943687,-305.52193179882386,4.1589534714231107,361.65790203742768,106964.25519718874,0.011269222583527343,106964.25519718874,4.5554422922297828,0.0058542455888885275,0.98873077741647264,49.526249202056341,385.22470378810726,-250.41199363886034
61,OK,,350.44925243537256,122145.4880974423,0.6100265120947483,18,13,3.192259850764718,59.59232988662651,114687.27722208132,0.0,0.99992448423779778,0.65435094497402424,5.10256308242315,-5.3672057058730109,7.5515762202162196e-05,0.0038909482914442459,0.99992448423779778,40.407670113373719,-319.81984127613305,3.1563602636298853,356.95460391144059,114687.27722208132,0.3456490550259757,114687.27722208132,5.2018235589418138,0.0065828721022049329,0.65435094497402424,59.592329886626374,374.421160518362,-276.03207230477597
62,OK,,343.3390703694441,118723.36738499842,0.6130588957644251,20,13,3.225780609568413,45.00976016040488,116072.03851406157,0.0,0.99993573949482895,0.8596041521899811,6.9951547628615858,-7.3932155374708239,6.4260505171108962e-05,0.0052980791838512674,0.99993573949482895,54.990239839587403,-319.08999907691668,4.2954383816808583,357.36177191740245,116072.03851406157,0.14039584781001888,116072.03851406157,4.0584920406451177,0.0051956432949517382,0.8596041521899811,45.009760160412696,382.53890910939617,-257.43363571206766
63,OK,,326.5334112673904,117717.34149559058,0.6200789786400979,15,14,2.2607916449210266,50.453184077946204,117717.34149559058,0.0,0.93346798813166554,0.68768014199910044,4.9271321610470284,-5.5439415496467284,0.066532011868334365,0.0048446871128865416,0.93346798813166554,49.546815922055281,-314.31571508049581,3.9164309012306178,359.27276768210612,117717.34149559058,0.31231985800089951,117717.34149559058,4.4276527386690665,0.0056197225554525734,0.68768014199910044,50.453184077944705,376.51439147871065,-271.54383096313586
64,OK,,331.6748956881869,141120.44441806176,0.5961953956690353,18,7,1.8444536570653565,45.536522803785715,110393.11173703583,0.0,0.99093408701619257,0.8759276473502019,4.6846224358127566,-5.2331451462388854,0.0090659129838074112,0.0052452172261403225,0.99093408701619257,54.46347719620136,-321.60592458822805,4.2611682017329651,355.85454124437524,110393.11173703583,0.12407235264979803,110393.11173703583,4.1164159607732964,0.0052616465845934561,0.8759276473502019,45.536522803798576,381.3996561614685,-259.40691551745988
65,OK,,359.00962726800225,144952.10369285545,0.36288370299221423,21,11,3.0895985954875465,45.514483750204015,111870.75751073759,0.0,0.66558058536177811,0.99947558451778251,7.1176979291354652,-7.3826880896534428,0.33441941463822178,0.0056227115549183247,0.66558058536177811,54.485516249796078,-300.80817864254749,4.5115426267029637,363.95549998654616,111870.75751073759,0.00052441548221755536,111870.75751073759,4.1932982813416837,0.0054046359054569304,0.99947558451778251,45.514483750204008,387.34024791149449,-246.12425567648444
66,OK,,353.64808970719423,120152.86136832435,0.31997870994895156,19,7,2.2377124566680178,48.2475040233264,118456.31468003576,0.0,0.61794992191098685,0.99963894199785042,5.3688514305820396,-5.7755622428785225,0.38205007808901309,0.0054089018911142508,0.61794992191098685,51.752495976673579,-293.92061948078708,4.3198170558192084,367.23989980466621,118456.31468003576,0.00036105800214949237,118456.31468003576,4.4452049268625,0.0057459498334828394,0.99963894199785042,48.247504023326414,389.4288618648111,-242.01240269166189
67,OK,,335.05140082841336,133214.53153718877,0.6391431227530744,17,14,1.4628779517317687,58.12383942590513,101837.31753321843,0.0,0.99774484920524087,0.61921667638238542,3.1267881836416089,-3.5344144781790758,0.0022551507947590828,0.0040124742359294646,0.99774484920524087,41.87616057409484,-326.78734254356959,3.2723485844545461,353.02123114520379,101837.31753321843,0.38078332361761452,101837.31753321843,5.0449945621277497,0.0063372484283134838,0.61921667638238542,58.12383942590516,369.04461957796047,-286.69577020434809
68,OK,,337.4354331503936,119989.93279295412,0.38928738977991684,16,12,3.391253072057454,43.911228364467426,118105.2907694165,0.0,0.67850600748080103,0.98013787125640484,7.8318202381441298,-8.442778172928131,0.32149399251919908,0.0057874998621613577,0.67850600748080103,56.088771635532574,-298.17387245726241,4.6341274758729183,365.50968243759723,118105.2907694165,0.019862128743595137,118105.2907694165,4.0336780632657661,0.0052066124141588828,0.98013787125640484,43.911228364467398,388.41391592959224,-244.27777342986869
69,OK,,337.25001698400894,112112.4895993501,0.3273238440156587,24,11,2.716391885407356,51.14700860914668,112112.4895993501,0.0,0.66985025131531062,0.99983975913505796,5.7955614181511139,-6.4231394460337672,0.33014974868468949,0.0050374729682577347,0.66985025131531062,48.85299139085317,-300.95126337587146,4.0422291515335518,363.91824255730376,112112.4895993501,0.00016024086494212655,112112.4895993501,4.712490112743267,0.0060746099257080743,0.99983975913505796,51.147008609146688,387.43540496602458,-245.93252003840541
70,OK,,321.9569448636834,104194.23399202594,0.6341819103076273,24,12,1.6554229406413428,42.283529426087924,104194.23399202594,0.0,0.99896406146318018,0.86374100622343308,4.6399716443256516,-5.2708509488310664,0.0010359385368198873,0.0055344902595270903,0.99896406146318018,57.716470573919878,-325.51072094739254,4.5091783746949528,353.75436555406503,104194.23399202594,0.13625899377656689,104194.23399202594,3.8151236611748547,0.0048593152849916478,0.86374100622343308,42.283529426080044,378.82939623830777,-264.53217377228651
71,OK,,345.7334691237063,140128.8165939715,0.4039128505549686,16,10,2.1014186088768487,53.8850825479354,113736.47402985915,0.0,0.84494770663087515,0.97352530152228556,4.4415574801165238,-4.912691362151075,0.15505229336912482,0.0045868061984898015,0.84494770663087515,46.114917452064915,-311.11873102195932,3.7024143100099249,360.09320628301077,113736.47402985915,0.02647469847771439,113736.47402985915,4.9448766949434848,0.0063679183352310228,0.97352530152228556,53.885082547935113,386.73733456361191,-247.66024669801484
72,OK,,343.4149491731324,146036.17304263462,0.4077829410160714,22,13,1.278005294642981,46.01273362040565,111160.41036927635,0.0,0.74931260710384362,0.99293772061045227,3.8834247603863346,-4.3665907618457318,0.25068739289615627,0.0054728969283462598,0.74931260710384362,53.987266379594502,-306.6124100570172,4.406879559416816,361.59791281322066,111160.41036927635,0.007062279389547791,111160.41036927635,4.2349830283205181,0.0054542997631216042,0.99293772061045227,46.012733620405562,386.80434331196039,-247.26418244465725
73,OK,,339.0509423025288,120724.53354385926,0.6353169170559865,16,14,2.8423785051555504,48.26142909231847,111008.85403157376,0.0,0.9994945227924763,0.75509897471838194,5.9987329403557705,-6.4105733565157497,0.00050547720752360285,0.0049749958771338103,0.9994945227924763,51.738570907676078,-321.76579835485398,4.0417618053253106,355.86224220813705,111008.85403157376,0.24490102528161806,111008.85403157376,4.2809482031138515,0.0054367323295436256,0.75509897471838194,48.261429092323866,376.84323655816564,-269.90658336958541
74,OK,,320.6073670711984,139089.75867295312,0.42245211513026937,22,10,1.8823159536203264,53.434783470497685,112936.26585762408,0.0,0.90463910474313214,0.99774499470601141,4.1248240785790058,-4.9607880515462472,0.09536089525686782,0.0045721337268113593,0.90463910474313214,46.565216529502372,-315.15599761794215,3.6995798263375819,358.49377586952545,112936.26585762408,0.0022550052939884673,112936.26585762408,4.9217069123058872,0.0063457588321826535,0.99774499470601141,53.434783470497592,387.60225756420385,-245.63330068702658
75,OK,,320.9000943839018,132909.19918086275,0.48483577167772907,17,10,3.499295879775624,55.873620973180756,110930.0257835668,0.0,0.99927358728996307,0.92144321368317328,5.9913458542326818,-6.7683367009014166,0.00072641271003685544,0.0042430958834022616,0.99927358728996307,44.126379026807406,-321.79577895421147,3.4472422661122217,355.84294937760347,110930.0257835668,0.078556786316826735,110930.0257835668,5.0865414752220621,0.0065209455448374818,0.92144321368317328,55.873620973192544,383.51072886600076,-254.67637895986815
76,OK,,352.10273625551434,145892.07127879316,0.566353232744071,22,9,3.295678245256229,58.17739505736037,103700.32563103938,0.0,0.99921907325561754,0.74482565422790692,5.4400539951400875,-5.6555936154896553,0.00078092674438242022,0.004009338622509029,0.99921907325561754,41.82260494264019,-325.80554686383653,3.2672987395725803,353.59129140935056,103700.32563103938,0.25517434577209308,103700.32563103938,5.1521438013398546,0.0065180435189594972,0.74482565422790692,58.177395057359831,374.04173491194024,-275.38870426082633
77,OK,,348.86202538612804,141239.4495157912,0.5865408744251257,17,14,2.210520091515362,50.85618667167547,106575.1385242011,0.0,0.99873153155371264,0.81177095419029988,4.7715290148682143,-5.0492137222134383,0.00126846844628736,0.0047174879462020128,0.99873153155371264,49.143813328319389,-324.15918728634063,3.8395880645139142,354.51164574699862,106575.1385242011,0.18822904580970007,106575.1385242011,4.5515380991058194,0.0057866173867770748,0.81177095419029988,50.856186671680696,377.54987119663207,-267.72836466579975
78,OK,,320.3361438766522,147907.6256701421,0.46831364222033656,21,7,2.3619395984853337,47.19437975568086,107957.40852875578,0.0,0.88670262065604588,0.99982026745401054,5.4868204925212538,-6.2685267455544542,0.11329737934395412,0.0051937078760785592,0.88670262065604588,52.805620244319144,-316.84289963471599,4.2086615780751506,357.36433328314035,107957.40852875578,0.00017973254598942131,107957.40852875578,4.3482970768416855,0.0055946212298322515,0.99982026745401054,47.194379755680849,386.07365037527768,-248.60200987495529
79,OK,,332.61722917602117,130882.22079100779,0.4670647578549638,22,10,1.928230887641489,43.989072242762205,119865.11703349419,0.0,0.83334306217934195,0.99931442671470661,5.0896587407057092,-5.7492232034951041,0.16665693782065805,0.0055986195547236689,0.83334306217934195,56.010927757237631,-307.11148917919138,4.5060493703601621,362.1765274337323,119865.11703349419,0.00068557328529330437,119865.11703349419,4.0526610434517298,0.0052415950253702596,0.99931442671470661,43.989072242762191,389.84691168756325,-241.19182846618725
80,OK,,323.0361656223078,134448.19716088922,0.6553270097894773,17,8,3.3504362120277893,50.4138320875206,113197.72380381767,0.0,0.9990734377377789,0.68277599467898975,6.5034402212464899,-7.132179469158177,0.0009265622622211412,0.0047727436153023701,0.9990734377377789,49.586167912479411,-320.56321941111042,3.8739112612683742,356.52987688471683,113197.72380381767,0.31722400532101025,113197.72380381767,4.4207314105073259,0.0055987149063680764,0.68277599467898975,50.413832087520568,374.93439368551719,-274.62417360434461
81,OK,,348.5602308834814,130680.71500274776,0.5733973422292697,24,10,1.6648163031795933,59.52019882027998,115907.24441283422,0.0,0.99432705790608933,0.71287776334763242,3.2513944943546838,-3.5731318426370224,0.0056729420939107709,0.0039044597801344686,0.99432705790608933,40.479801179720184,-318.85021742926608,3.1651728130511478,357.43175127937417,115907.24441283422,0.28712223665236764,115907.24441283422,5.2443892442948856,0.0066597835176296256,0.71287776334763242,59.520198820279788,376.85115052447816,-270.52066679259144
82,OK,,326.72638253574394,103086.83835312951,0.6403228877150342,16,9,3.1694472743104853,42.879342935539796,101979.81985914541,0.0,0.99942635063336938,0.83804791630709974,7.2172555153703932,-7.7646955060606606,0.00057364936663059998,0.0054715525496228769,0.99942635063336938,57.120657064456246,-326.80099152751814,4.4622592377967401,353.03269370783175,101979.81985914541,0.16195208369290032,101979.81985914541,3.8534291008437793,0.0048958365332680163,0.83804791630709974,42.879342935543775,377.02622098805807,-268.35304683283192
83,OK,,347.88174366924665,142674.75273822818,0.30055692144176377,17,10,2.4366292945459405,41.91537927673414,108804.24822609423,0.0,0.51553122558470788,0.99734568941023183,6.4981215319138466,-6.9464915987695965,0.48446877441529201,0.0061766586155721712,0.51553122558470788,58.084620723265878,-292.33985251741416,4.9318074381144434,367.16624381696113,108804.24822609423,0.0026543105897682199,108804.24822609423,3.8604566910129718,0.0049680729858737685,0.99734568941023183,41.915379276734122,386.23832776623874,-248.3131881243844
84,OK,,336.05067888455176,119267.08895987392,0.36390113870434704,21,13,2.2414019745788956,46.11676522293051,119267.08895987392,0.0,0.67252677045265241,0.99669976843487273,5.5553229947664358,-6.2119700606401187,0.32747322954734764,0.0055695134581790449,0.67252677045265241,53.883234777069624,-297.1431526857437,4.4564222393182291,366.01111919164538,119267.08895987392,0.0033002315651273536,119267.08895987392,4.2469915533678781,0.005490591034439051,0.99669976843487273,46.116765222930482,389.54100434176695,-241.83116549380648
85,OK,,357.08054864824703,124927.80154817735,0.36525446896195335,22,8,2.01291577480294,57.738182977113226,109339.13950463747,0.0,0.86217270713397565,0.99846788207365333,3.9503175287004124,-4.2519568603268283,0.13782729286602438,0.0041806631570082521,0.86217270713397565,42.261817022886753,-314.59760481671771,3.3828508173255085,358.35034241991627,109339.13950463747,0.0015321179263466248,109339.13950463747,5.318664714494755,0.0068468266266415063,0.99846788207365333,57.738182977113141,386.46728009517727,-247.84963578328052
86,OK,,336.0906255281054,116537.9324923276,0.6096156970208039,16,8,2.2976491808028325,49.43466456102198,105327.47007282234,0.0,0.99711843751387785,0.78675001579531323,5.047526923810965,-5.4902131656901094,0.0028815624861221636,0.0048530259354538632,0.99711843751387785,50.565335438977478,-324.76553670042631,3.9517951661412751,354.15254626972677,105327.47007282234,0.21324998420468669,105327.47007282234,4.4069648898912215,0.0055919500551979565,0.78675001579531323,49.434664561022522,376.16358434692927,-270.73938842714051
87,OK,,335.87686345889057,119611.40595657492,0.650671630996309,17,13,1.878597065673114,45.20244529505541,107851.12123930948,0.0,0.99908965788789039,0.77170498522770425,4.7671788005393534,-5.2028056393983144,0.00091034211210968782,0.0052626505532324926,0.99908965788789039,54.797554704939714,-323.47114147360026,4.2810375352365702,354.90199160671767,107851.12123930948,0.22829501477229583,107851.12123930948,4.0201350455017737,0.0051028269840072762,0.77170498522770425,45.202445295060222,376.43440982208529,-270.44255560523845
88,OK,,353.2301889868016,120168.17482737388,0.6093977191523403,22,14,1.4471311841185206,41.435849362214874,112169.5098484447,0.0,0.99604921697015325,0.93708357448720303,4.3254070327649314,-4.5708140161779607,0.0039507830298467096,0.0056381430179487414,0.99604921697015325,58.564150637773025,-320.93974556693502,4.5777989561299579,356.28511246672053,112169.50984844469,0.062916425512796886,112169.50984844469,3.7812668485215393,0.0048549255613171598,0.93708357448720303,41.435849362226968,384.59722320652014,-252.34449420579591
89,OK,,323.4025664776474,135394.38301745427,0.6681550580745117,16,8,2.9206685801533134,55.667136415991294,102908.81378556472,0.0,0.99886780327367408,0.59522193528913048,5.2655577828312143,-5.8247894278782395,0.0011321967263258367,0.0042488433896951099,0.99886780327367408,44.33286358400872,-326.23662990760937,3.4636255909839511,353.34446601263653,102908.81378556472,0.40477806471086941,102908.81378556472,4.8130237034123118,0.006042023823397487,0.59522193528913048,55.667136415991273,368.63017633643369,-287.84294140358372
90,OK,,358.4528745596646,118039.04709826235,0.6689254758203844,20,14,1.5695697145299872,41.377275784989386,118039.04709826235,0.0,0.99898993268106817,0.79870505955522542,4.5314716060868339,-4.6801785678841439,0.0010100673189318674,0.0056536260317052202,0.99898993268106817,58.622724215007757,-318.00752643734427,4.5799594092880351,357.95391254255082,118039.04709826235,0.20129494044477464,118039.04709826235,3.6956092517232215,0.0047188054572956904,0.79870505955522542,41.377275784992257,380.7181277339285,-261.83155795678516
91,OK,,329.48139767366314,129514.51919604694,0.5721716485679009,24,10,3.345731483644199,54.50425553283799,118611.39680099956,0.0,0.99958952026741277,0.78460222314986416,5.9453821557578115,-6.5666963103919125,0.00041047973258728798,0.0043880831755145145,0.99958952026741277,45.495744467169537,-317.74581395512934,3.5540182602051558,358.10633689637433,118611.39680099956,0.21539777685013578,118611.39680099956,4.85726302738626,0.0061987947088197482,0.78460222314986416,54.50425553283069,380.34974008249782,-262.74776797850097
92,OK,,339.3928092844011,126255.4231777016,0.4620941326902383,17,11,1.526100210379593,53.220020993185784,118625.364702858,0.0,0.91045711293705756,0.93201339323622401,3.6184710255070058,-4.1737705021861915,0.089542887062942514,0.0045981535062775761,0.91045711293705756,46.779979006814209,-312.46306444766822,3.7128250172361117,360.04709585706877,118625.364702858,0.067986606763776006,118625.364702858,4.8528574886987279,0.0062464113562713669,0.93201339323622401,53.220020993185749,386.40927214340508,-248.87568002282742
93,OK,,357.66460248109337,132235.30305259267,0.5133946207398451,23,8,1.7015697800261478,40.168377923682094,107976.36023699681,0.0,0.857976299815574,0.99986685165647593,5.0215992882932383,-5.2219059392221441,0.14202370018442606,0.0059205297076544714,0.857976299815574,59.831622076318055,-315.11250623342744,4.7927491562874005,358.02058129199281,107976.36023699681,0.00013314834352399054,107976.36023699681,3.7009762583802659,0.0047618188636042993,0.99986685165647593,40.168377923682094,386.08213662986179,-248.58477156282675
94,OK,,349.04117795708794,134072.90540506592,0.5579214843893923,18,9,1.3281179400546188,56.740139331815875,112194.01249936232,0.0,0.97602135311063087,0.76084653908151623,3.0526278555054711,-3.3613959312454433,0.023978646889369178,0.0041825627977837747,0.97602135311063087,43.259860668184217,-319.76390838346094,3.3936572780143726,356.71576497184617,112194.01249936232,0.23915346091848377,112194.01249936232,5.0376121306134802,0.0064029785171139195,0.76084653908151623,56.740139331815719,377.43870180264236,-268.68398354358612
95,OK,,330.40801718600534,114263.78434849693,0.5725109611838444,24,10,2.039361777145017,49.31685113146837,114263.78434849693,0.0,0.99807039037074985,0.86483837088114168,4.6428028800334742,-5.2409904261340134,0.0019296096292502243,0.0048814871380532228,0.99807039037074985,50.683148868541693,-319.93689838985387,3.9603257972722972,356.8682056071313,114263.78434849693,0.13516162911885829,114263.78434849693,4.4504795504245296,0.0056947135585455029,0.86483837088114168,49.316851131458257,382.18452056265221,-258.04563318489681
96,OK,,320.26981639341795,113548.04990933846,0.35678313311908516,21,12,1.3501580834065023,52.972970865149996,106719.12671092026,0.0,0.74869890716619869,0.99114212430017334,3.4974566904016653,-4.3329002244846562,0.25130109283380131,0.0047588794992715951,0.74869890716619869,47.027029134850238,-309.11872134297425,3.8391332279831913,360.21486794808447,106719.12671092026,0.0088578756998266596,106719.12671092026,4.8742646992991174,0.0062642375490923148,0.99114212430017334,52.972970865149804,385.25459695293603,-250.32088562595303
97,OK,,355.72413951670137,141065.9077162023,0.6746395216037058,22,9,2.89471558421974,59.959749074123835,111775.43301734769,0.0,0.99924431053568319,0.54212684919130694,4.7042265887141506,-4.8388351971779544,0.00075568946431682569,0.0038515495921968477,0.99924431053568319,40.040250925875988,-321.33688859260491,3.1280420903828108,356.09936128170318,111775.43301734769,0.45787315080869312,111775.43301734769,5.1395117128840413,0.0064615871211933492,0.54212684919130694,59.959749074123813,369.8564348638775,-286.39070807586961
98,OK,,329.115774130296,128406.58671304201,0.5076035149081637,21,12,1.8203647313894589,44.644418817580295,107378.14031211952,0.0,0.91256094213138683,0.99451196406526232,4.8032023893076925,-5.434245217823082,0.087439057868613126,0.0054135400625356985,0.91256094213138683,55.35558118241967,-318.70130598492494,4.3918183605352663,356.60815925540851,107378.14031211952,0.0054880359347377226,107378.14031211952,4.1100300008471651,0.0052848277036903349,0.99451196406526232,44.644418817580252,385.63220409298913,-249.53735210732
99,OK,,331.2119349255082,106394.73280232462,0.468753052573994,20,14,2.148740530950687,43.13276793614392,104027.85689224637,0.0,0.81399443513407388,0.98642111684514566,5.6153024339915873,-6.2096740759776319,0.18600556486592618,0.0056697770553535056,0.81399443513407388,56.867232063856108,-314.72374752695958,4.5903720938873276,357.77839795792266,104027.85689224637,0.013578883154854306,104027.85689224637,3.9659702181421923,0.0050889996935335781,0.98642111684514566,43.132767936144056,384.12343271017482,-252.59121227266894
100,OK,,357.4783853438127,109302.32206168273,0.6298750830434632,16,11,2.969648835932058,48.845092524421005,109302.32206168273,0.0,0.99968183882226536,0.75741930822521408,6.1320994870462009,-6.2679355548741063,0.00031816117773469666,0.0049151907116563639,0.99968183882226536,51.154907475577929,-322.70643736499619,3.996032237791372,355.3375633717863,109302.32206168273,0.24258069177478583,109302.32206168273,4.3343108081019706,0.0055010080179358741,0.75741930822521408,48.845092524422121,376.37554611275937,-270.76481424227137
101,OK,,337.4942823561249,142706.83905337373,0.6875032012783009,21,12,3.222435799960505,54.424598378198965,103932.01458304415,0.0,0.99993774591304108,0.57413088104056331,5.8255643301420115,-6.1833553745797589,6.2254086958886737e-05,0.0043688722469566021,0.99993774591304108,45.575401621800921,-325.71496783519763,3.5600182764306849,353.65048295407291,103932.01458304415,0.42586911895943658,103932.01458304415,4.6894921707674841,0.0058839510437229819,0.57413088104056331,54.424598378198951,368.30276701569613,-288.78469939911196
102,OK,,340.1327528013104,109895.24178726289,0.6982099762252036,25,8,2.9907215244550156,46.97525542465036,108718.28034864551,0.0,0.99907194283337131,0.64139709536218836,6.3925666580831839,-6.7368244442246441,0.00092805716662865394,0.0050942688282886476,0.99907194283337131,53.024744575349416,-322.99191131698831,4.1425506127232739,355.17059159054082,108718.28034864551,0.35860290463781164,108718.28034864551,4.0919418802346694,0.005161601820635792,0.64139709536218836,46.975255424650712,372.07846631057521,-280.65894779822275
103,OK,,320.65409167072613,132436.3447200588,0.5167851089237256,22,10,1.9031156958551185,47.10221642868819,101964.23876506467,0.0,0.97544774548853674,0.99831245379891909,4.6776290855246154,-5.4027976925617551,0.024552254511463222,0.0050928627701091606,0.97544774548853674,52.897783571312182,-325.44141805406474,4.1501603785359453,353.52719238896725,101964.23876506467,0.0016875462010809239,101964.23876506467,4.3388093373661949,0.0055662761430579234,0.99831245379891909,47.102216428687832,383.96531320021506,-252.73820095098904
104,OK,,321.40154290205646,111622.80191018654,0.352368511111777,21,12,3.027459090216663,59.54557247212108,109447.29931573382,0.0,0.86589164849843914,0.99651191244977066,5.0510847423270784,-5.9004559128573089,0.13410835150156086,0.0039989193591065831,0.86589164849843914,40.454427527879012,-314.76083314230817,3.2360679006675666,358.29912403593954,109447.29931573382,0.0034880875502293776,109447.29931573382,5.4835222359047693,0.0070584969222232362,0.99651191244977066,59.545572472120995,386.41128557776261,-247.98581948873877
105,OK,,354.8938122375653,136826.9525011525,0.3955835651299724,15,11,2.111799085439977,52.86733390515409,110990.27884316945,0.0,0.7804483625575005,0.9475338695671407,4.6094432982573554,-4.9194653327080475,0.21955163744249953,0.0047465910509922422,0.7804483625575005,47.132666094846108,-308.66350898361429,3.8267671837845434,360.78324300001651,110990.27884316945,0.052466130432859297,110990.27884316945,4.8322069683338089,0.0062050316614663814,0.9475338695671407,52.867333905153856,384.67908790227023,-252.04045580216473
106,OK,,356.0264409381167,136698.55568089802,0.5896621821303616,21,7,1.2597986031856891,55.574592474035676,114238.43678328188,0.0,0.96693669987086595,0.71192481029992893,3.0458068627774941,-3.2382385522963348,0.033063300129134034,0.0043071456245786129,0.96693669987086595,44.425407525964275,-318.13538220536657,3.4907532894933637,357.5218499276728,114238.43678328188,0.28807518970007118,114238.43678328188,4.8959947437818476,0.0062125993908906923,0.71192481029992893,55.574592474035754,376.29479806683787,-271.59597731565822
107,OK,,326.9593637193547,122015.71484033219,0.38636920688786,21,11,2.093800561118665,41.234158025542406,108009.35052731149,0.0,0.65696980361844759,0.99928367574922128,5.8246314566335826,-6.539911325554562,0.34303019638155241,0.0060653059078043838,0.65696980361844759,58.765841974457729,-302.47380936266143,4.8730624755630272,362.96620548371379,108009.35052731149,0.00071632425077875601,108009.35052731149,3.7988362790728609,0.0048876169489635822,0.99928367574922128,41.234158025542399,386.06574017614611,-248.62475306785123
108,OK,,330.4609195998482,110245.37488041529,0.351903050342318,23,10,2.9485923486716294,52.31078034177617,105138.375441696,0.0,0.73774017198248398,0.99984607528675484,5.9732062658918021,-6.6550172543547088,0.26225982801751602,0.0048336387887959395,0.73774017198248398,47.689219658223649,-309.3541898938642,3.9005227875504485,359.97666024776112,105138.375441696,0.00015392471324523297,105138.375441696,4.8197202317594252,0.0061931056316694068,0.99984607528675484,52.310780341776166,385.12785716997985,-250.45053359292601
109,OK,,330.72107566530536,129331.83512051341,0.34436522070518183,21,13,2.1520980862254704,45.836641397629556,111637.51571542406,0.0,0.63338414471234006,0.99715708866454955,5.4768991496642903,-6.1832297527316946,0.36661585528766005,0.0056266308811852364,0.63338414471234006,54.163358602370401,-298.80506743375946,4.5093276470738086,364.7407957763088,111637.51571542406,0.0028429113354505008,111637.51571542406,4.2214883768170743,0.0054395775494987262,0.99715708866454955,45.836641397629549,387.15615348545737,-246.51696672035206
110,OK,,321.28084178728676,126135.13295988573,0.3477864995890458,16,12,2.487917196940935,56.196345455342154,113017.6055784971,0.0,0.74346780401735069,0.96063724271159834,4.8245514247832437,-5.6796720101643388,0.25653219598264931,0.0044494518034964301,0.74346780401735069,43.803654544658009,-305.19818268677625,3.579201515999431,362.31479100484171,113017.6055784971,0.039362757288401662,113017.6055784971,5.146815620273486,0.0066204389645486738,0.96063724271159834,56.196345455341991,385.92164894458335,-249.43380788440436
111,OK,,335.813854327287,136962.4308945947,0.5257841237541153,21,9,1.9867627771466982,57.084888096668585,108669.61340543527,0.0,0.99515148587155,0.82707551284395375,3.8755605250435523,-4.3883824223235148,0.0048485141284499668,0.0041263557964218581,0.99515148587155,42.915111903320188,-322.79308006538179,3.3550969306453209,355.23749308254298,108669.61340543527,0.17292448715604633,108669.61340543527,5.1212502361138572,0.0065226721536300646,0.82707551284395375,57.084888096679833,378.84828345148662,-265.01881476994157
112,OK,,350.00309624325456,113065.8393818059,0.5179270926872044,18,12,3.404749438682229,41.66723250105317,109084.66417155629,0.0,0.8820665069709327,0.99185621941744617,7.9437492267108967,-8.2660353336184382,0.11793349302906733,0.0057456871386209526,0.8820665069709327,58.332767498946993,-315.93351068293748,4.6529741429449007,357.82016216805454,109084.66417155629,0.0081437805825538938,109084.66417155629,3.834393759153639,0.004933399872884151,0.99185621941744617,41.667232501052979,386.07459834932069,-248.70811326877848
113,OK,,352.97994337904174,108853.99063239715,0.3323026041737213,16,8,1.6758248139625134,57.33346532513177,108853.99063239715,0.0,0.7569279449166112,0.98369594435099572,3.6047564999191217,-3.9751398086629295,0.24307205508338886,0.0043141489106994528,0.7569279449166112,42.666534674868686,-308.40393232226302,3.4782318876255647,360.68997691365604,108853.99063239715,0.016304055649004286,108853.99063239715,5.269503873906725,0.0067755518370418225,0.98369594435099572,57.333465325131407,385.62005568435444,-249.70802308658517
114,OK,,329.1404985209496,147890.34280564255,0.5534631969610195,23,8,1.3806038585817013,53.69600390663993,111545.22777032417,0.0,0.97810755743622102,0.81272291332558255,3.3406289379193641,-3.9450164837605155,0.021892442563779004,0.0044737048528386203,0.97810755743622102,46.303996093354428,-320.23631037852311,3.6311091947384049,356.47546746007845,111545.22777032417,0.18727708667441745,111545.22777032417,4.8064136708754521,0.0061246365436720442,0.81272291332558255,53.696003906645622,379.21868685985675,-264.51424869762036
115,OK,,357.2810884802777,117624.00795440754,0.6581860619210932,16,11,3.389410048537777,48.16550556272411,117624.00795440754,0.0,0.99980435342405827,0.70945487164124388,6.8444913370880256,-7.0049438153975636,0.00019564657594162559,0.0049972725623855067,0.99980435342405827,51.834494437275367,-318.27080915931015,4.0490299829998833,357.81661754064305,117624.00795440754,0.29054512835875607,117624.00795440754,4.2416024135719299,0.0053893458242698315,0.70945487164124388,48.16550556272454,377.25922681475504,-269.793074847345
116,OK,,332.70924131173473,143362.01320710778,0.35035002653305974,20,11,1.22735159485081,57.549112668741316,106662.06576370941,0.0,0.79044615878934832,0.97428523644436604,2.9728624366487093,-3.6312337344773682,0.20955384121065171,0.0042582798228747191,0.79044615878934832,42.45088733125796,-311.75012529799164,3.4406939080196852,359.18342966840783,106662.06576370941,0.025714763555633936,106662.06576370941,5.2817274741134943,0.0067803635620678933,0.97428523644436604,57.549112668742126,384.45767821760364,-252.10507132749021
117,OK,,358.59199823327776,119058.02876494253,0.3872604759154089,23,10,2.5330687485528576,55.133618707004274,119058.02876494253,0.0,0.86222860749743202,0.99925689394612494,4.8961625650223111,-5.2114127339669558,0.13777139250256795,0.004455996405055054,0.86222860749743202,44.866381292995868,-309.31395459858675,3.5912982113882745,361.26849689205704,119058.02876494253,0.00074310605387503984,119058.02876494253,5.0793503967246902,0.0065671911139686678,0.99925689394612494,55.133618707004246,389.59648980081931,-241.68689455947498
118,OK,,348.451835504262,124862.70076172345,0.4763406962102118,19,7,2.91233089300121,44.06249016511194,116199.99532966632,0.0,0.85132314839049661,0.99970104650891389,6.7812235554826712,-7.184398732000429,0.14867685160950328,0.0055619386425772898,0.85132314839049661,55.937509834888125,-310.17143686791997,4.486035536844641,360.68201306708971,116199.99532966632,0.00029895349108611114,116199.99532966632,4.0596638985498323,0.0052424866284665811,0.99970104650891389,44.062490165111939,388.729317561333,-243.39025008743502
119,OK,,336.444680714255,114791.22952736157,0.3091443355330236,19,13,2.471664102855657,44.709086529524356,109000.71620212229,0.0,0.55442741161161224,0.99419277975957576,6.2226686828424951,-6.8457503077277293,0.44557258838838781,0.005832571269659778,0.55442741161161224,55.290913470475708,-294.9588781114042,4.6644356767804869,366.09990327084932,109000.71620212229,0.0058072202404242492,109000.71620212229,4.1157832386850988,0.0052960422858048129,0.99419277975957576,44.709086529524335,386.15582615543809,-248.51743336376194
120,OK,,343.18398497600145,146999.22129969264,0.6527662583691523,20,11,2.9757926407435873,43.69945742761769,114135.09471034515,0.0,0.99980658802941169,0.79434590284552431,6.7442276602352669,-7.1067664483683641,0.00019341197058832211,0.0054202334826537642,0.99980658802941169,56.300542572382248,-320.10600728389744,4.3978917116552871,356.79354361609501,114135.09471034515,0.20565409715447563,114135.09471034515,3.9003428211469036,0.0049706705554357919,0.79434590284552431,43.699457427617844,379.33036368452929,-264.56654257794639
121,OK,,343.79603518037294,133863.65146807497,0.6234843680733401,16,10,3.415095518044346,53.72505086018243,117815.66971906932,0.0,0.99963817156944401,0.70050784499744956,6.145834749929703,-6.5213637630776757,0.00036182843055601209,0.0044617842847012052,0.99963817156944401,46.274949139817657,-318.16141259743603,3.6148562787207901,357.87562765080298,117815.66971906932,0.29949215500255033,117815.66971906932,4.7244507610418243,0.0060005857486249651,0.70050784499744956,53.725050860182314,376.99848596482821,-270.42600474575272
122,OK,,344.6329992386049,133334.67006837644,0.5781184969529258,16,11,3.4440769321591462,55.65768572775522,114379.66159808796,0.0,0.99972474545300682,0.75777395933024283,5.9368422687343845,-6.3128666328331438,0.00027525454699315807,0.0042694742222918166,0.99972474545300682,44.342314272244323,-319.9713611533702,3.4638309581362661,356.86777256526858,114379.66159808796,0.24222604066975709,114379.66159808796,4.9391089290462409,0.0062827352292213236,0.75777395933024283,55.657685727755698,378.01805240236837,-267.6207552385207
123,OK,,337.04009733838404,105175.0912381432,0.31198744422486147,16,9,2.9410662769556266,57.594384888072554,105175.0912381432,0.0,0.7270234032869185,0.99359538597287267,5.3095757025746062,-5.9177350999330631,0.27297659671308155,0.0043078224932741301,0.7270234032869185,42.405615111927503,-308.65616564752395,3.474748788591123,360.25521601959883,105175.0912381432,0.00640461402712741,105175.0912381432,5.3014822148798721,0.0068094916850993748,0.99359538597287267,57.594384888072504,384.84787719053645,-251.08161962508299
124,OK,,329.3118280531467,133659.96491791992,0.38553961539301645,19,9,2.7541394160878436,44.9446908500198,114759.2409984972,0.0,0.69973505679419212,0.99933625832429684,6.5628734106774234,-7.2846997714222192,0.30026494320580788,0.0056479039079195192,0.69973505679419212,55.055309149980239,-301.41425894592498,4.5323475733820757,363.95291884131052,114759.2409984972,0.00066374167570318169,114759.2409984972,4.1407148152303703,0.0053436528690398036,0.99933625832429684,44.944690850019803,388.25801189170153,-244.32279861061107
125,OK,,339.47598259945227,123857.39073955256,0.48403208663670755,18,13,2.621880307523444,46.93125952783603,105774.21074084463,0.0,0.8894976147312782,0.97445858881812797,5.9435449119072272,-6.4240958676886493,0.11050238526872182,0.0052116405704865131,0.8894976147312782,53.068740472163995,-318.24705030582106,4.2275520081122897,356.61266367858582,105774.21074084463,0.025541411181872024,105774.21074084463,4.307359029278004,0.0055273200937662748,0.97445858881812797,46.931259527835948,384.16665144462121,-252.66975439206902
126,OK,,320.3978738202067,139376.86472720664,0.5280095768510888,19,12,3.322771602005651,44.18079223937405,104267.63436298953,0.0,0.94183223358823964,0.99482515927838022,7.392142747652211,-8.120928664228737,0.058167766411760365,0.0054179641271559446,0.94183223358823964,55.819207760625829,-322.17892869833901,4.4056836609640904,354.9848608080398,104267.63436298953,0.0051748407216198489,104267.63436298953,4.0675419539795108,0.0052227590422935215,0.99482515927838022,44.180792239374028,384.59624138477517,-251.55583584324012
127,OK,,322.42847899745686,136371.72289131006,0.6533629767611618,20,12,1.9529776516820112,40.840677031516414,113978.84543714346,0.0,0.99945771775271142,0.84796883378181864,5.2643277393934147,-5.9233633431415367,0.00054228224728853031,0.0056955191202250968,0.99945771775271142,59.15932296848176,-320.16886978460019,4.6214935579660112,356.75448166172964,113978.84543714346,0.15203116621818141,113978.84543714346,3.6759039824131485,0.0046984237252738256,0.84796883378181864,40.840677031518176,381.40402244671077,-259.79603616007739
128,OK,,332.1295146615091,137820.48666247056,0.6455686115209535,24,12,2.870893137601031,55.52675841677626,108901.02732756227,0.0,0.99987971412559595,0.63821102393844154,5.1992666345131076,-5.6821435301700474,0.00012028587440397374,0.0042722897885721879,0.99987971412559595,44.47324158322381,-322.9379400880207,3.4739617661119229,355.21004670435514,108901.02732756227,0.36178897606155852,108901.02732756227,4.8343686108207073,0.006097657007736134,0.63821102393844154,55.526758416776183,372.03098253837345,-280.79748884874965
129,OK,,343.5322811554544,134742.52329083352,0.526022965666615,18,14,2.6396182137051207,53.95430442319724,109844.37500023784,0.0,0.99950379984538895,0.87805516276278639,5.0596716256537428,-5.4734853446848915,0.00049620015461109977,0.0044254425525778974,0.99950379984538895,46.045695576790571,-322.39974410242064,3.597034483445837,355.50738474242928,109844.37500023784,0.1219448372372136,109844.37500023784,4.8789776695551952,0.0062356040422531138,0.87805516276278639,53.95430442320945,381.30907845220003,-259.55192693911249
130,OK,,347.86117798590953,133963.4586783495,0.5456546526218631,23,8,3.238591921133299,51.523127728930554,109895.94549210428,0.0,0.99834984447667263,0.88027537066275463,6.2048608838162638,-6.5445125910102924,0.0016501555233273324,0.004660346124067692,0.99834984447667263,48.476872271077056,-322.30509532049501,3.7877397388887775,355.54727475212178,109895.94549210428,0.11972462933724537,109895.94549210428,4.6607358517192781,0.0059575935594492436,0.88027537066275463,51.523127728922766,381.41863414993367,-259.30881735615134
131,OK,,348.1159101942049,123168.582089238,0.641691101503248,22,8,2.091917872638419,40.05288174910901,118089.82717887418,0.0,0.99667512729405794,0.88961322522585973,5.5784961024239621,-5.9042478686701232,0.00332487270594205,0.0057843186104907865,0.99667512729405794,59.94711825090441,-317.84603660763679,4.6853754406242629,358.01750283245104,118089.82717887418,0.1103867747741402,118089.82717887418,3.6283937606322882,0.0046572722775909394,0.88961322522585973,40.052881749095548,384.4164543552692,-253.36052559975047
132,OK,,348.3765403435901,135518.09401449657,0.5476291339709389,17,12,2.642066731941596,46.48319950066032,112120.83702772776,0.0,0.98879493905555338,0.9602916337789198,5.8919964813296657,-6.2456257069832652,0.011205060944446616,0.0051600707990818789,0.98879493905555338,53.516800499341393,-320.54566548506563,4.1887069290056385,356.42314979662581,112120.83702772776,0.039708366221080225,112120.83702772776,4.2569991375678118,0.0054735512375918673,0.9602916337789198,46.483199500658571,385.61765270944579,-250.03283123007071
133,OK,,328.79428311660774,122688.00514793392,0.6274365910464741,25,13,2.761576492191049,59.68738098026468,103397.1491195431,0.0,0.99992297275850417,0.62413922530508792,4.591641791669792,-5.1014524711720464,7.7027241495873327e-05,0.0038634979463353378,0.99992297275850417,40.3126190197355,-326.01817567965338,3.1489364017947699,353.47956323036669,103397.1491195431,0.37586077469491203,103397.1491195431,5.1848270168445865,0.0065191003806936206,0.62413922530508792,59.687380980264663,369.73749805303913,-285.32306012283846
134,OK,,336.3523656065756,133127.9572788674,0.40944403045341304,23,8,1.2387159881881151,58.232563588781545,114740.22838035252,0.0,0.89474964030540016,0.93864250309927089,2.8766621029947665,-3.4892036163190694,0.10525035969459977,0.0041126677162031267,0.89474964030540016,41.767436411224701,-313.58737597280174,3.3241927286875925,359.25637852553552,114740.22838035252,0.061357496900729176,114740.22838035252,5.3153399170006512,0.0068329951666824471,0.93864250309927089,58.232563588775356,385.48746593877019,-250.58595206054753
135,OK,,343.03035882864765,140551.0306473803,0.5519622506546644,23,8,1.540093042106378,40.10562538018892,113223.4615762149,0.0,0.92137598724673786,0.99972606038405654,4.6600724909564786,-5.0930859830030091,0.078624012753262196,0.0058608096688470565,0.92137598724673786,59.894374619811103,-315.99575474362757,4.7445129281663467,358.20917899807557,113223.4615762149,0.00027393961594352368,113223.4615762149,3.6951152532926081,0.0047654886215532421,0.99972606038405654,40.105625380188897,387.78717217900601,-245.24316402034719
136,OK,,329.9317943227516,128139.94689409246,0.3211740071176875,16,12,1.6784459733263053,57.983800826018516,109455.69067701735,0.0,0.68746452683331172,0.94424728663453183,3.5882374128221057,-4.3086655720482687,0.31253547316668828,0.0043117009181783197,0.68746452683331172,42.016199173981718,-303.62459433740742,3.466153532925293,362.62897494867008,109455.69067701735,0.05575271336546811,109455.69067701735,5.297191855425015,0.0067960286212608856,0.94424728663453183,57.983800826018268,384.03111036573614,-253.34811361445173
137,OK,,359.74436438639293,130498.0074013247,0.3598963006610964,18,12,3.1214197803376607,53.487049229122235,111673.09659739869,0.0,0.76203905253067517,0.98981164341430694,6.0401168013337045,-6.3033616280894931,0.23796094746932492,0.0047036515190716976,0.76203905253067517,46.512950770877893,-307.12633900104299,3.7884621954216948,361.44275368680087,111673.09659739869,0.010188356585693094,111673.09659739869,4.9205690193893297,0.0063374466407811105,0.98981164341430694,53.487049229122128,386.82510868675081,-247.26597183780109
138,OK,,327.9493653288869,125649.81720010244,0.44006004429273393,18,10,3.4080703518169964,40.878369469248604,116494.61321849833,0.0,0.74323653774919651,0.99841851697242079,8.2168873674406022,-8.9342578986642209,0.25676346225080354,0.0060143322788211578,0.74323653774919651,59.121630530751418,-303.26027083252768,4.8310268317432676,363.37171726716326,116494.61321849833,0.0015814830275792094,116494.61321849833,3.7655619865891294,0.0048629110253411512,0.99841851697242079,40.878369469248597,388.76150842319731,-243.34428208727385
139,OK,,357.4265819354554,117314.73912276933,0.35158904340512953,20,11,2.8109771114510314,54.9665887619091,113900.75199396852,0.0,0.77723657511609745,0.99713844305118382,5.3892484432441607,-5.7087858263161708,0.22276342488390261,0.00454375576707292,0.77723657511609745,45.033411238091006,-306.83974070678028,3.658354515666546,361.75244912329458,113900.75199396852,0.0028615569488162442,113900.75199396852,5.0623289482998652,0.0065295996001216387,0.99713844305118382,54.966588761909058,387.88225838589358,-245.09143578117715
140,OK,,353.7606250428726,112415.17779359505,0.339216044334484,17,8,3.0479292132675324,47.57804955506063,112415.17779359505,0.0,0.6461313219184881,0.99894614648175772,6.7938616659953759,-7.1577616053084476,0.3538686780815119,0.0054330385460873093,0.6461313219184881,52.421950444939256,-299.21024348914534,4.3549750713635831,364.6403462150098,112415.17779359505,0.0010538535182421959,112415.17779359505,4.3830634911062374,0.0056503970120920961,0.99894614648175772,47.57804955506063,387.49105743793467,-245.83537175807083
141,OK,,327.86191304781516,112429.003133382,0.4391851362375514,17,13,2.386463359950444,41.09177488639372,102085.73527964343,0.0,0.72523017441676607,0.97088246362348762,6.3489621589664473,-6.9876861648051607,0.27476982558323393,0.0059783158056239457,0.72523017441676607,58.908225113606427,-310.38342796822423,4.8284670842472295,359.28625774930731,102085.73527964343,0.029117536376512376,102085.73527964343,3.7693489317429725,0.0048274711079624904,0.97088246362348762,41.091774886393566,382.73968493162795,-255.49318542363619
142,OK,,329.5636170887194,106776.60437482946,0.6069410301521839,19,11,2.511884756105684,44.538379659494915,102092.02613734276,0.0,0.99961253914350712,0.88203495677648347,5.9019033025620864,-6.4342918874047594,0.0003874608564928865,0.0053126850889537265,0.99961253914350712,55.461620340499792,-326.74708137094029,4.3325106344727518,353.06521789911625,102092.02613734276,0.11796504322351656,102092.02613734276,4.0300010671150224,0.0051334131040223947,0.88203495677648347,44.538379659500301,378.86419432104174,-264.20737417228048
143,OK,,347.72889542730917,125308.32518874927,0.4269033214778652,25,10,1.8212852364431835,58.56724228174535,108631.52299892726,0.0,0.98319652649255562,0.96664024802838011,3.5434967087108262,-3.9567409356470025,0.016803473507444433,0.003993893936365552,0.98319652649255562,41.432757718265357,-322.12457413062157,3.2461544534379567,355.47675144488511,108631.52299892726,0.033359751971619923,108631.52299892726,5.3688887605612212,0.0068951233374158474,0.96664024802838011,58.567242281734629,384.765356597638,-251.60966075636856
144,OK,,346.44938488346224,118225.24682654499,0.5792085139941638,21,8,3.38061976980742,53.71899769687472,118225.24682654499,0.0,0.9985577578075896,0.78207714193420474,6.098963185824565,-6.4690958261208653,0.0014422421924104448,0.0044641201134181727,0.9985577578075896,46.281002303108437,-317.88565892493818,3.6160304995795722,358.01681909858291,118225.24682654499,0.21792285806579534,118225.24682654499,4.7853804653898875,0.0061052182421619423,0.78207714193420474,53.718997696891549,380.13439650108006,-263.19949532656699
145,OK,,354.1729992344973,134598.90614165232,0.4219209669461682,16,9,2.2064810086710462,54.1278428518677,106162.53201849588,0.0,0.89753565572284133,0.9811520283186046,4.5406967730224803,-4.8388722334262351,0.10246434427715873,0.004498016447755244,0.89753565572284133,45.872157148132509,-318.50174217758115,3.6490872265752223,356.55704821080889,106162.53201849588,0.018847971681395376,106162.53201849588,4.9729445318490244,0.0063852993646367779,0.9811520283186046,54.127842851867477,384.60497563815591,-251.72435312206338
146,OK,,357.3885954646553,122812.52943142281,0.46931395967536915,20,12,2.653695236489428,40.48101377074571,104832.11871833212,0.0,0.78683182988414846,0.99753061718022817,6.8472209682505287,-7.0508926794744351,0.2131681701158516,0.0059701700466049121,0.78683182988414846,59.518986229254253,-312.59065781692095,4.8271006386890996,358.68222079369491,104832.11871833212,0.0024693828197718125,104832.11871833212,3.7284549119464745,0.0047894752793131252,0.99753061718022817,40.48101377074569,384.91522855690266,-250.89692437145428
147,OK,,323.1232479924376,134564.47692502817,0.40427630871663683,23,8,1.864055316129826,44.45938671884786,112244.91652338255,0.0,0.72783104319103042,0.99992243780159618,5.0365107511039113,-5.8253996567318689,0.27216895680896952,0.0056583375832791024,0.72783104319103042,55.54061328115224,-304.63468987735581,4.5504114748952684,362.46900647461979,112244.91652338255,7.7562198403891407e-05,112244.91652338255,4.096369722196564,0.0052807439609414324,0.99992243780159618,44.45938671884786,387.48199753113545,-245.8399202163927
148,OK,,342.09126273506087,134991.87667895452,0.6676440561887947,24,12,2.659331476454257,40.358585612914666,112361.91770386703,0.0,0.99986760957284504,0.82331176685638685,6.5809719949314687,-6.9463741687684637,0.00013239042715493048,0.0057376446816206732,0.99986760957284504,59.641414387085149,-321.05718066165298,4.6588113712636412,356.26285773301947,112361.91770386703,0.17668823314361307,112361.91770386703,3.6185546845266408,0.0046153824335705002,0.82331176685638685,40.358585612914865,379.89899422148108,-263.05289459937899
149,OK,,337.2804832249764,138800.05375656317,0.40079069749356067,19,8,1.2145353323234993,57.81740123574578,118145.21561418762,0.0,0.87396457113161574,0.9444289635566544,2.880456407541641,-3.5007973162880206,0.1260354288683842,0.0041775630005784319,0.87396457113161574,42.182598764260611,-310.51219536744088,3.3695327982088474,360.7327945865149,118145.21561418762,0.055571036443345601,118145.21561418762,5.2821375228355523,0.006802803796930222,0.9444289635566544,57.817401235739425,386.81007448699518,-247.9184010122213
150,OK,,351.812305868301,123370.79242214673,0.3946923449442627,19,12,2.343021031004055,49.05899374839554,111498.25344243737,0.0,0.76703005128756607,0.9919290668974805,5.3620592197063219,-5.7287143434822774,0.23296994871243398,0.0051456754806880976,0.76703005128756607,50.941006251604463,-307.5382889313322,4.1455594231283639,361.26657774104433,111498.25344243737,0.0080709331025194432,111498.25344243737,4.514664807004424,0.005815006090566204,0.9919290668974805,49.05899374839548,386.8669743694133,-247.15510804799649
151,OK,,328.4938840745145,124575.53746418923,0.42422330051175855,19,7,1.6811819867247837,48.533757915704385,101731.84288982864,0.0,0.82319416411419799,0.99885399522135432,4.3254901986633589,-4.9786260730370246,0.17680583588580201,0.0051161993555752889,0.82319416411419799,51.46624208429553,-316.63438185430368,4.1477582709669605,356.81221312756372,101731.84288982864,0.0011460047786456648,101731.84288982864,4.4710440985604789,0.0057354883785939439,0.99885399522135432,48.533757915704335,383.90979764512946,-252.83898958297149
152,OK,,327.68775583296195,118419.65068905044,0.5335510757469538,15,11,2.0164722887404656,47.66199289020809,118419.65068905044,0.0,0.94145546455064899,0.91437192341303286,4.8056258613425848,-5.486774610189312,0.058544535449350989,0.0051103827597751604,0.94145546455064899,52.338007109792123,-314.42218407232747,4.1311969721888433,359.30144548132984,118419.65068905044,0.085628076586967194,118419.65068905044,4.3342558094550245,0.0055723692715006412,0.91437192341303286,47.661992890207927,385.57653447204666,-250.75007100934175
153,OK,,325.5502570445325,142068.45447970013,0.3235890462975581,23,9,3.221106686562621,59.35628381611207,104476.79095459374,0.0,0.79592698974374898,0.99984038833117328,5.3949266999661321,-6.1701018007600252,0.20407301025625088,0.0040684491031227933,0.79592698974374898,40.643716183887868,-313.35752223523298,3.2910959977480143,358.3503879922207,104476.79095459374,0.00015961166882664168,104476.79095459374,5.4688619141612831,0.0070250474471992572,0.99984038833117328,59.356283816112054,384.90244087934002,-250.89065726923837
154,OK,,349.2687956641605,130335.99226289915,0.6239394134279476,17,11,1.9608657131302991,52.09605784756813,119723.04262445768,0.0,0.99859832570028262,0.7205710850996323,4.2639915765604641,-4.5700619117978105,0.0014016742997173251,0.0046233559680908835,0.99859832570028262,47.903942152432244,-317.11441042457466,3.7428068903288421,358.44615695472066,119723.04262445768,0.27942891490036775,119723.04262445768,4.5958618759717202,0.0058479867527190237,0.7205710850996323,52.096057847567678,378.3011414813339,-267.63294195259539
155,OK,,354.71861138697307,122637.32100688329,0.6842533129315582,16,13,1.425961549269699,54.66784283960543,115394.33521316074,0.0,0.99678482371055532,0.57490685927016782,3.3137820987477014,-3.4787841567504185,0.0032151762894447465,0.0043693033469062838,0.99678482371055532,45.332157160394566,-319.26358192771357,3.5430225947593312,357.22921441861467,115394.33521316074,0.42509314072983218,115394.33521316074,4.7110463375773994,0.0059409974887700296,0.57490685927016782,54.667842839605392,372.01892048623051,-281.80961300404039
156,OK,,353.56400505713015,133017.70541933956,0.510339358378627,16,13,2.0990748300101334,52.29058704029839,105460.50630135633,0.0,0.93089606480526421,0.87337240917938985,4.5368310664408398,-4.7787314157483252,0.069103935194735788,0.0046439198859455138,0.93089606480526421,47.709412959701595,-320.86189225963989,3.7729144109295247,355.60177363977766,105460.50630135633,0.12662759082061012,105460.50630135633,4.7250964949864525,0.0060252431240383703,0.87337240917938985,52.290587040298419,379.65669340853015,-262.805188573615
157,OK,,354.0276884529836,122942.03995369522,0.5343736674854285,17,7,3.257802548995639,50.04768003626181,104150.84664231274,0.0,0.99674709391900129,0.92711875979997671,6.4422951015799192,-6.6729162106406132,0.0032529060809986039,0.0047921452563066446,0.99674709391900129,49.952319963735896,-325.408694484107,3.9041468081258852,353.78654853642939,104150.84664231274,0.072881240200023331,104150.84664231274,4.5601521578126549,0.005830041208358591,0.92711875979997671,50.047680036263912,381.49866147601642,-258.49925914805704
158,OK,,355.38644116708446,102472.705694494,0.4785248733682712,17,12,3.0237289620144963,58.955391399924125,102010.8354826038,0.0,0.99947859480410972,0.88416191552994627,5.0046509988012025,-5.2240561547970703,0.00052140519589022555,0.0039316474961213028,0.99947859480410972,41.044608600063604,-326.78612886435423,3.2063700810906068,353.04167105409749,102010.8354826038,0.11583808447005378,102010.8354826038,5.3362656985555272,0.0067979199059045956,0.88416191552994627,58.955391399936403,378.92497001287052,-264.06071714974928
159,OK,,320.5690625849579,126833.73671205142,0.6174850184679062,19,8,3.145986880478551,45.93260772193963,117187.48633327057,0.0,0.99876171222184451,0.83131677159087025,6.746247327985194,-7.4648951739401799,0.0012382877781553889,0.0052127937048808866,0.99876171222184451,54.067392278058058,-318.43756057233657,4.2242425889425235,357.71192803616242,117187.48633327057,0.16868322840912975,117187.48633327057,4.1234794925383049,0.0052728254142253841,0.83131677159087025,45.932607721941991,381.74029031396367,-259.3850494674225
160,OK,,333.5204518125195,127396.73319337296,0.6866702007308447,23,13,1.2607958177560907,42.49092918735444,116157.95342868904,0.0,0.99703324661475767,0.73338863829022938,3.9161480751328219,-4.4017232583271078,0.0029667533852422569,0.0055443737213290616,0.99703324661475767,57.509070812646165,-318.87596904226933,4.4945324877522843,357.4480897433499,116157.95342868904,0.26661136170977057,116157.95342868904,3.7561463751607862,0.0047754726969880716,0.73338863829022938,42.490929187353792,377.67297418404314,-268.64330130241569
161,OK,,323.85619993167336,111399.5024446609,0.30965597275906626,21,13,1.8334570823308591,55.356913471246855,111088.77768560403,0.0,0.68465231900490642,0.99276324254119219,4.0317215022136308,-4.8660870209043914,0.31534768099509364,0.0045871590205957182,0.68465231900490642,44.643086528753216,-302.50378459027047,3.684621281884795,363.21380180013864,111088.77768560403,0.0072367574588078545,111088.77768560403,5.0948799810209353,0.0065614888157494748,0.99276324254119219,55.356913471246756,386.77293456307348,-247.32811909771218
162,OK,,328.82595139820637,126668.10666042715,0.6214402160066697,17,7,2.246460310441729,59.44001721812718,111817.46671575373,0.0,0.99467660623038368,0.63324446057221861,3.9759816750587911,-4.5305591511618566,0.0053233937696162839,0.0039054038714294854,0.99467660623038368,40.559982781872868,-321.05005391230276,3.1712434613219616,356.20787012379503,111817.46671575373,0.36675553942778144,111817.46671575373,5.1709308267343363,0.0065289550421217162,0.63324446057221861,59.440017218127089,372.8029382768226,-279.41841049073167
163,OK,,359.15327427262804,126949.73087222564,0.5038750359920026,20,8,1.56435355397847,41.72438519178178,111957.73166460294,0.0,0.86373555310233907,0.99873495534557044,4.6293184548321786,-4.8329081380330319,0.13626444689766101,0.0057692222216329482,0.86373555310233907,58.275614808218293,-313.2363351397816,4.663399170056274,359.12065895633572,111957.73166460294,0.0012650446544295998,111957.73166460294,3.8436789758342065,0.0049539731452971107,0.99873495534557044,41.724385191781749,387.33362124693832,-246.14730637152167
164,OK,,350.2124935620599,132975.1633302897,0.5206783618145374,18,9,2.3203709505231336,59.49858630302205,109145.9911484064,0.0,0.99677721737735681,0.80340793851540182,4.0637928969883417,-4.36525484068365,0.0032227826226431419,0.0038937058213470272,0.99677721737735681,40.501413696978624,-322.62490442868727,3.165470798723411,355.35021971899238,109145.99114840641,0.19659206148459818,109145.99114840641,5.3180380109721721,0.0067658534352883649,0.80340793851540182,59.498586303021398,378.07476478495005,-266.84417248478377
165,OK,,345.33862786737143,113927.41389688123,0.4012513033912119,21,14,3.2037390832779558,55.6851603562075,113927.41389688123,0.0,0.89455292511874551,0.99132334527708532,5.7334022700227738,-6.2217009634614264,0.10544707488125458,0.0043622318960747303,0.89455292511874551,44.314839643792411,-314.01479321158456,3.5270580985003441,359.01767822416491,113927.41389688123,0.0086766547229146559,113927.41389688123,5.1239661495362112,0.006606676530731226,0.99132334527708532,55.685160356207618,387.61935875083452,-245.68699085689002
166,OK,,358.4341387721027,125541.08106384434,0.4515768700666042,18,14,1.6978180557161031,50.93190928617011,117655.1064641178,0.0,0.83467390099402494,0.91750098562753923,4.1110094668302422,-4.3684058414247477,0.1653260990059752,0.0048989288492212076,0.83467390099402494,49.068090713830209,-308.36877816045273,3.9465858596274983,361.50014955653978,117655.10646411779,0.082499014372460752,117655.10646411779,4.6338487793817862,0.0059567220152238823,0.91750098562753923,50.931909286169805,385.47538215919406,-250.90383730870127
167,OK,,333.41785470666565,110641.62275979799,0.3435179455981904,22,14,3.3596858717988356,48.28496391306032,110641.62275979799,0.0,0.66272119912077965,0.99836090109024078,7.2087655111798066,-7.8738548144656146,0.33727880087922041,0.0053372105276057614,0.66272119912077965,51.715036086939868,-301.32419273828214,4.2842138124675664,363.64739609232487,110641.62275979799,0.0016390989097592296,110641.62275979799,4.4477906494776418,0.0057290658870360117,0.99836090109024078,48.284963913060317,386.88895020911872,-247.02471376488296
168,OK,,343.67034397069307,116114.4110911833,0.36847847904309117,17,14,3.4395223307295213,43.66482921893315,110447.50630397066,0.0,0.62926175657127603,0.96797698727135073,8.0317339889072077,-8.5164464258439434,0.37073824342872402,0.0058543117364683239,0.62926175657127603,56.335170781066914,-299.21585661394818,4.6933976262082506,364.47922649331963,110447.50630397066,0.032023012728649325,110447.50630397066,4.0035957188556477,0.0051463786040911088,0.96797698727135073,43.6648292189331,385.42287177832219,-250.30795817909754
169,OK,,326.49607298555634,148210.77918996237,0.6851726000525593,23,7,1.8062845435769534,43.855153620824346,106629.58234300968,0.0,0.9946146855201734,0.71098559157176933,4.7690339785091149,-5.3052714260611831,0.0053853144798267048,0.0053943844666243931,0.9946146855201734,56.144846379178553,-323.89267983255348,4.3898183040434278,354.61450277974188,106629.58234300968,0.28901440842823067,106629.58234300968,3.8629611819394594,0.0048850827405474912,0.71098559157176933,43.855153620821568,373.80146986264702,-276.34723577406908
170,OK,,337.81810336341107,137016.59257886448,0.47824714350646225,17,10,1.955965235584128,54.0843841210436,107864.76154154101,0.0,0.98357474981124138,0.95075706244305613,4.1154903361282926,-4.6409921819813569,0.016425250188758646,0.0044242336206455121,0.98357474981124138,45.915615878949993,-322.57046875413761,3.5971317512613292,355.23121707807462,107864.76154154101,0.049242937556943804,107864.76154154101,4.9458935886750375,0.0063433160054591495,0.95075706244305613,54.084384121049943,383.79527466014952,-253.71736201106501
171,OK,,359.62476431178396,119345.65029745147,0.3149477681982164,20,8,2.7628710649638784,42.904175680780796,110669.54019630216,0.0,0.55152655788447036,0.99988548052984483,6.9615276921047906,-7.228728217249083,0.44847344211552953,0.006030968827862632,0.55152655788447036,57.095824319219226,-293.77314505248665,4.8190242084703971,366.71394459237263,110669.54019630216,0.00011451947015513021,110669.54019630216,3.9530544699364589,0.005092382474866073,0.99988548052984483,42.904175680780796,386.96954821213791,-246.84600321272268
172,OK,,359.4347141211532,132134.4490588174,0.6736895898810306,24,10,2.95280979454801,45.044837564969825,110548.69447156195,0.0,0.99967424557668183,0.72401502342218138,6.5559323916891579,-6.6453753847533932,0.00032575442331823998,0.0052830834735686488,0.99967424557668183,54.955162435030815,-322.02590828625773,4.292899957731783,355.71868602153916,110548.69447156195,0.27598497657781856,110548.69447156195,3.9759862758152837,0.0050402009293548187,0.72401502342218138,45.044837564969228,375.55382995314665,-272.82575430264569
173,OK,,325.66781768114515,119190.17252537429,0.6659471667140512,18,9,2.2743002675282584,55.205191701406264,119190.17252537429,0.0,0.99853759212684323,0.60392463137508134,4.410423835741577,-5.0182232694467297,0.001462407873156806,0.0043224332323590431,0.99853759212684323,44.794808298593793,-317.38531452776891,3.4999237564402583,358.29487922853298,119190.17252537429,0.39607536862491871,119190.17252537429,4.779822456643779,0.006045580871562933,0.60392463137508134,55.205191701406235,374.11779334443321,-277.38994271885741
174,OK,,345.6638020534198,147278.7935094983,0.3114440010867605,20,10,2.04298879254512,53.38714217368515,110458.11278184608,0.0,0.66586439715548873,0.99800405812852677,4.5336850103222508,-5.0335877920284009,0.33413560284451133,0.004807109787827479,0.66586439715548873,46.612857826314929,-301.63646583263596,3.8594804470314363,363.50714278421106,110458.11278184608,0.0019959418714731725,110458.11278184608,4.9175128218482103,0.0063334295312625849,0.99800405812852677,53.387142173685142,386.81235563750369,-247.17971898436207
175,OK,,321.87317577507815,115699.25256144923,0.3076954783011422,24,8,2.5613613345623705,57.86368014660465,115699.25256144923,0.0,0.73011324127284838,0.99990904887781851,4.7422413801066554,-5.6368105773751642,0.26988675872715157,0.004296853469725,0.73011324127284838,42.136319853395314,-302.85639852450095,3.4508563440412292,363.46281648485609,115699.25256144923,9.0951122181478602e-05,115699.25256144923,5.3313948240603564,0.006883337358382184,0.99990904887781851,57.863680146604644,388.58172667831241,-243.67801541081235
176,OK,,344.2500287358472,116263.16454446546,0.4965579849167634,23,12,3.411230860151832,46.871692286060224,105866.37112095598,0.0,0.93423736716586392,0.99954454021206818,7.1851145678726809,-7.5975809413339315,0.065762632834136053,0.0051686302484549558,0.93423736716586392,53.128307713939826,-320.82680768104899,4.1989567767961917,355.65805671621246,105866.37112095598,0.00045545978793172775,105866.37112095598,4.3183846966384305,0.0055506832921427413,0.99954454021206818,46.871692286060217,385.36016816278436,-250.0008600940115
177,OK,,359.48508297647254,129005.18256279548,0.3386323239068485,16,8,1.7479075674117457,46.077415059860485,111110.90264400425,0.0,0.62423351007510475,0.99559550116005502,4.7599638414070533,-5.0237411559585761,0.37576648992489531,0.0056110737364725646,0.62423351007510475,53.922584940139522,-298.49503438176117,4.4962033083889681,364.82371043761623,111110.90264400425,0.0044044988399449562,111110.90264400425,4.2426540147921719,0.0054650030863290667,0.99559550116005502,46.077415059860471,386.91230048213981,-247.01644176078517
178,OK,,329.4077527902343,131740.72268484387,0.4373736700651636,20,10,3.040531939915548,49.95059218624791,116580.40667843481,0.0,0.8726633797075809,0.99877715901392383,6.241477664120076,-6.9560513165562252,0.12733662029241904,0.0049548947168756262,0.8726633797075809,50.04940781375214,-311.26651894370815,3.998844510709163,360.30316866746392,116580.40667843481,0.0012228409860762109,116580.40667843481,4.6015123746109126,0.0059428330033514248,0.99877715901392383,49.950592186247903,388.80517010733269,-243.25341836328272
179,OK,,327.2999439815833,130105.15002249845,0.36044009166182117,19,8,1.3075334059532162,42.56439145782313,104790.70688495587,0.0,0.62690488934115851,0.9991226152300593,4.2688561018372946,-4.9766903062624452,0.37309511065884154,0.0059569033125143871,0.62690488934115851,57.435608542176958,-302.39723827510358,4.7869760865366118,362.72533490136584,104790.70688495587,0.00087738476994077188,104790.70688495587,3.9212923749331123,0.0050376145249157074,0.9991226152300593,42.56439145782312,384.97573801184399,-250.75729656693966
180,OK,,330.36322229258354,121088.84877919596,0.3937367410267452,24,11,3.1421978989073533,52.03635802734535,103062.02273746411,0.0,0.82073633507888655,0.99984298722449083,6.226301446992542,-6.8792201230962373,0.17926366492111356,0.0047732813390327306,0.82073633507888655,47.963641972654592,-315.69971215978319,3.8671308874829116,357.30625308843599,103062.02273746411,0.00015701277550921259,103062.02273746411,4.7944337290852621,0.0061546138762814473,0.99984298722449083,52.036358027345351,384.41728383200876,-251.83693247216974
181,OK,,340.7409845408803,121985.92016923768,0.48455228432739816,21,13,1.9728278985115724,58.6086356285702,107905.84495699682,0.0,0.99870166238488478,0.8785570769515717,3.7189842519152649,-4.186511649154486,0.0012983376151153533,0.0039755657311114617,0.99870166238488478,41.391364371430477,-323.4185956981193,3.2339094196228175,354.92705825649949,107905.84495699682,0.12144292304842833,107905.84495699682,5.3002719577948039,0.0067683083595732191,0.8785570769515717,58.608635628569573,380.69115616366526,-260.73820638546988
182,OK,,352.13165563046493,148620.09743548633,0.3976148502727985,23,9,1.2660356948313178,46.23066971063923,103591.96864360462,0.0,0.73898176718194275,0.99941747956435689,3.8671155973619165,-4.1826167726468864,0.26101823281805731,0.0054447765346956464,0.73898176718194275,53.769330289360759,-310.34699836292373,4.3968813671593105,359.4419013787641,103591.96864360462,0.0005825204356431304,103591.96864360462,4.2592435845718741,0.005468804968305813,0.99941747956435689,46.230669710639219,384.5797076166337,-251.52598835422162
183,OK,,339.60303427301136,140171.71567294188,0.6513423003295853,24,12,2.4951349230506477,46.64398021238487,117015.49481182244,0.0,0.99979376363711225,0.74725111058010796,5.6115427592086249,-6.03479751947875,0.00020623636288770103,0.0051427251160041706,0.99979376363711225,53.356019787613619,-318.5875000801135,4.1678912286024064,357.64014749764289,117015.49481182244,0.25274888941989204,117015.49481182244,4.1323406317595994,0.0052595149530483241,0.74725111058010796,46.643980212386403,378.44957574120576,-266.95000540000473
184,OK,,340.6171071156859,146506.78020832618,0.5144889473339509,23,12,1.7196982429103005,45.77935619492234,106427.54237499801,0.0,0.94620302654610344,0.99682919385901314,4.5090568601923984,-4.9686129588867889,0.053796973453896502,0.0052628232088844954,0.94620302654610344,54.220643805077813,-321.20760351984848,4.2761885056400954,355.57692359515943,106427.54237499801,0.0031708061409868411,106427.54237499801,4.2160019419813981,0.0054195332421690719,0.99682919385901314,45.779356194922201,385.42201477504102,-249.91676047896738
185,OK,,341.6884318618408,142171.83446574782,0.580948681320814,19,12,2.5251105590868064,43.0688447833609,103910.05297487511,0.0,0.99914112938770527,0.97184485867563652,6.0764074226059472,-6.4718330712586676,0.00085887061229476423,0.0054583104559363937,0.99914112938770527,56.931155216669161,-325.68197612293733,4.4476831384034137,353.659979523814,103910.05297487511,0.028155141324363593,103910.05297487511,3.951286965203805,0.0050651498968474103,0.97184485867563652,43.068844783330718,383.412997731156,-254.17201589123434
186,OK,,354.2899424132355,131112.0504694146,0.43127497307329093,17,9,1.3033717028356548,50.21020105746118,116758.4647354082,0.0,0.83757344353408092,0.97162162420885556,3.5612232204976491,-3.8987687514880425,0.16242655646591919,0.0049661497256096362,0.83757344353408092,49.789798942539676,-309.02823297486606,4.002608445147791,361.16776114990921,116758.4647354082,0.02837837579114455,116758.4647354082,4.6063028323961888,0.0059390402608857969,0.97162162420885556,50.210201057460338,387.60445855651727,-245.98542118092485
187,OK,,351.7697383635448,141014.05927279583,0.4272519166569851,23,11,2.8994882478666417,40.75974866819489,113522.69834771086,0.0,0.7211173966523341,0.99985240713019141,7.3169882506720541,-7.6697304906878259,0.2788826033476659,0.0060469690490943823,0.7211173966523341,59.240251331805176,-303.48705924878612,4.8590993861890546,363.03043858194906,113522.69834771086,0.00014759286980853704,113522.69834771086,3.7554548676447617,0.0048439894221313324,0.99985240713019141,40.759748668194888,387.88881282370636,-245.04171370901832
188,OK,,348.24203396744144,139188.84023372625,0.6338957711161617,22,9,1.2224952053337539,45.40049095981151,113348.96060240318,0.0,0.98385679314594299,0.78697412658902821,3.6700107603846952,-3.9624464307887108,0.016143206854056919,0.0052726452959510652,0.98385679314594299,54.599509040178887,-319.59887185282719,4.2772313073078969,356.89599220527134,113348.96060240318,0.21302587341097182,113348.96060240318,4.0474720842740757,0.0051543300925232724,0.78697412658902821,45.40049095982107,378.79726820223527,-265.69790896541861
189,OK,,326.7743023582301,111896.50022653915,0.4538400780268125,17,8,3.3075592834537897,46.99399642091762,110552.48582297782,0.0,0.85490763227429845,0.99853660484736095,7.0887067118224385,-7.7979222409315003,0.14509236772570161,0.0052542214947109683,0.85490763227429845,53.006003579082218,-313.48115227688419,4.2482716999731318,358.89224637377907,110552.48582297782,0.0014633951526391174,110552.48582297782,4.3289884300218366,0.0055758803657612929,0.99853660484736095,46.993996420917618,386.86811061107835,-247.06319165648932
190,OK,,333.36939141728425,123767.83708194358,0.31697660693794105,23,11,2.1526235706876586,48.047604805154364,106944.93806452869,0.0,0.60986555525835673,0.99971519181145874,5.2810576834872895,-5.9401335460075844,0.39013444474164327,0.0054125348392496265,0.60986555525835673,51.952395194845558,-299.97027125105183,4.3423939822665814,363.88901982485908,106944.93806452869,0.00028480818854136362,106944.93806452869,4.426838927222442,0.0056929877187213828,0.99971519181145874,48.047604805154357,385.73087053617712,-249.2739844705066
191,OK,,322.2786138275681,146768.79758123052,0.6468666684634663,20,9,1.5890682518635508,42.146172171335785,105120.93797941938,0.0,0.99588215443115558,0.83222504483919646,4.5358172626159963,-5.1554169509016932,0.0041178455688444327,0.0055535088270224188,0.99588215443115558,57.85382782866666,-324.81103179274879,4.5224105411591555,354.11290689412812,105120.93797941938,0.16777495516080357,105120.93797941938,3.7840991045205556,0.0048132135119246045,0.83222504483919646,42.146172171333433,377.86884772721623,-266.82351968571169
192,OK,,343.2255567076174,109374.6588751868,0.39401583068405693,19,14,2.4496850462461977,44.590081082567195,109374.6588751868,0.0,0.69809649898783355,0.98385038453703633,6.0859088225425859,-6.5645313599404185,0.3019035010121664,0.0056733433761815078,0.69809649898783355,55.409918917432861,-304.35952856640108,4.5628138095050472,362.32980202235581,109374.6588751868,0.016149615462963635,109374.6588751868,4.0983593394434852,0.005270987940848037,0.98385038453703633,44.590081082567117,385.79883137058204,-249.35640798707988
193,OK,,322.6829776800215,119013.75157030503,0.4428208345125034,16,11,1.4701706126657685,44.73459063747249,103438.53852989912,0.0,0.77146969205345384,0.96319413935233056,4.3116992562453627,-5.0341112301278752,0.22853030794654616,0.0055579738366401338,0.77146969205345384,55.265409362527613,-312.46226941736734,4.4940361348869367,358.5980298311415,103438.53852989912,0.036805860647669476,103438.53852989912,4.0986802361965857,0.0052500527385712344,0.96319413935233056,44.73459063747238,382.85806028767314,-255.36831961328971
194,OK,,330.2403266951919,141861.83710709348,0.40752189136663564,19,10,2.4037897114351625,50.3640948968547,106870.39930300711,0.0,0.81813662190036973,0.9971559617838367,5.287477914304576,-5.9529246347624358,0.18186337809963021,0.0049506063727577715,0.81813662190036973,49.635905103145326,-313.32884800501961,4.0037692516416374,358.59389767028989,106870.39930300711,0.0028440382161632801,106870.39930300711,4.6384594997359265,0.0059639345728808918,0.9971559617838367,50.364094896854688,385.5859598104056,-249.59193215557599
195,OK,,335.9102846519422,120913.28951166541,0.467963456956233,16,12,1.976933181186363,52.217966056511926,109897.26239489927,0.0,0.89437257788080082,0.92222207933567057,4.3860821252086009,-4.9424153715101804,0.10562742211919909,0.0046958583094403898,0.89437257788080082,47.782033943488379,-316.21472234834198,3.8031360954399185,357.79564503967873,109897.26239489927,0.077777920664329453,109897.26239489927,4.7543137499893318,0.0060924927747981897,0.92222207933567057,52.217966056511614,383.2075935206197,-255.25453879880553
196,OK,,321.68248989614017,127894.62003345139,0.41631507227374276,18,11,2.319735828788197,44.27678529792061,101894.15220499795,0.0,0.74287821223175088,0.99467113278210295,5.8725745814532164,-6.6197184553711432,0.25712178776824907,0.0056337766284304197,0.74287821223175088,55.723214702079368,-311.60597556967144,4.5536109395581867,358.7856857500754,101894.15220499795,0.005328867217897092,101894.15220499795,4.0762839774813875,0.0052280692862082066,0.99467113278210295,44.276785297920583,383.77060519722437,-253.16645876350231
197,OK,,353.9016822021202,131290.6278596725,0.41677126321444047,17,8,1.6960994222639605,41.25244140139632,107882.2529775051,0.0,0.70765815124192266,0.9974804493976831,5.0396812349665492,-5.3349190726199778,0.29234184875807728,0.0059992150969408629,0.70765815124192266,58.747558598603696,-305.8384042423985,4.8297777426105002,361.6129672324783,107882.25297750509,0.00251955060231694,107882.25297750509,3.7994772941003916,0.0048875820421854493,0.9974804493976831,41.252441401396304,385.93897995736148,-248.89719568894969
198,OK,,341.79173614903306,138714.62637512205,0.6259902041205069,17,9,3.466423955138673,59.22480462333795,106562.53007051109,0.0,0.99945299661346609,0.63113210175559409,5.5068581589159784,-5.8490702591217394,0.00054700338653391708,0.003913533567157298,0.99945299661346609,40.775195376662161,-324.20757059346442,3.1853383886778603,354.49268292339167,106562.53007051109,0.36886789824440591,106562.53007051109,5.1504538176006802,0.006487354183263786,0.63113210175559409,59.224804623337924,371.02787628626118,-282.79416021182271
199,OK,,334.59410945129076,126046.85525964541,0.6136342169249753,24,9,2.1289183613671514,44.40480904827144,117562.18083032135,0.0,0.99782004353980902,0.86736963940030176,5.2353599940619908,-5.7666636947123262,0.0021799564601909351,0.0053619680419169698,0.99782004353980902,55.595190951736527,-318.18728876886343,4.3443426143084762,357.84057876141566,117562.18083032135,0.13263036059969821,117562.18083032135,4.0087808286137667,0.0051376190676094471,0.86736963940030176,44.404809048263623,383.32322022180688,-255.80158663236293
200,OK,,328.5331989905237,129584.2638319554,0.30943298887792964,17,13,2.2315098591592415,53.529580989068094,107106.64089030486,0.0,0.63033633957985624,0.96915154127514502,4.8294611241652268,-5.5647429942549076,0.36966366042014387,0.0048211191696505649,0.63033633957985624,46.470419010932112,-301.24379705331864,3.8708446615405112,363.38618078214716,107106.64089030486,0.030848458724854963,107106.64089030486,4.9089693717129679,0.0063010694204516469,0.96915154127514502,53.529580989067995,384.3723305322269,-252.34150642051105
201,OK,,338.06242843665416,148077.8406497999,0.3369973177826466,20,11,1.6622181734896309,42.019094115611594,104055.96281210211,0.0,0.58008003741713965,0.9984253415081431,5.0014500993436695,-5.5560919989649298,0.41991996258286046,0.0060704556140793713,0.58008003741713965,57.980905884388449,-299.69406600472769,4.8705053968753749,363.76573992146672,104055.96281210211,0.0015746584918568576,104055.96281210211,3.8706452823609352,0.0049706129351377616,0.9984253415081431,42.01909411561158,384.69227407560135,-251.31984462915835
202,OK,,337.9287580682294,132024.59288014652,0.45907274058480074,25,9,2.7227500469261505,45.324718835087886,108242.16542389354,0.0,0.83961413153147535,0.99997495082169008,6.3428690604817017,-6.8723868142264601,0.16038586846852457,0.0054318541910670422,0.83961413153147535,54.675281164912143,-313.85281176282786,4.3937879801539994,358.52644192117509,108242.16542389354,2.5049178309945378e-05,108242.16542389354,4.1761325086100562,0.0053738645955259184,0.99997495082169008,45.324718835087886,386.17547895290539,-248.40061299439367
203,OK,,327.2232486189771,129249.72112348079,0.515231511207102,17,11,3.2003188918827004,59.050369281833014,104995.72518856626,0.0,0.99964369838750966,0.82069357142434285,5.2045621039197512,-5.8269999754603035,0.00035630161249038746,0.0039274880638150529,0.99964369838750966,40.949630718166809,-325.09672267911537,3.1988556565481656,353.99505262314187,104995.72518856626,0.17930642857565718,104995.72518856626,5.2922932271735963,0.0067268400211691077,0.82069357142434285,59.050369281833234,377.36924064446538,-267.94548114997423
204,OK,,345.42060061228216,106981.9471120553,0.5199276211330689,23,13,1.4011947266456013,54.98101880253103,106981.9471120553,0.0,0.98655684245857134,0.86215282405642446,3.2770989832435706,-3.6479903044896469,0.013443157541428647,0.0043334726990000788,0.98655684245857134,45.018981197469571,-323.23304546742287,3.5250043100470956,354.89340021563368,106981.94711205531,0.13784717594357548,106981.94711205531,4.9595575328220152,0.0063245181516587805,0.86215282405642446,54.981018802530407,379.70493891066764,-262.87105622395205
205,OK,,326.4050757544984,140343.8775236089,0.6508127809285054,17,11,2.683569629812073,59.47446821710663,108022.374723378,0.0,0.99971176552723739,0.58692481157523491,4.5104880333836581,-5.0616054352058848,0.00028823447276260489,0.0038917591417843077,0.99971176552723739,40.525531782893331,-323.41222631062226,3.1656876971082371,354.94213023601463,108022.374723378,0.41307518842476515,108022.374723378,5.1352868984073634,0.006458952702741474,0.58692481157523491,59.474468217106612,370.0633630271592,-285.29237308878703
206,OK,,324.06383446479435,122719.62801397216,0.34163387761848074,24,9,2.705512401223219,50.97847969144117,103583.52154316119,0.0,0.6968603004295002,0.99995613066280586,5.8004118846159338,-6.5702761952988231,0.3031396995704998,0.0050078768688104278,0.6968603004295002,49.02152030855887,-307.68236110332469,4.0376014532525444,360.49645684525029,103583.52154316119,4.3869337194205923e-05,103583.52154316119,4.6970457136009935,0.0060311242909475045,0.99995613066280586,50.978479691441159,384.60208257548823,-251.47507719453415
207,OK,,353.36483775592285,145126.50072709323,0.47481847509813324,18,7,1.4959787570824619,49.461359932632384,106472.18824144799,0.0,0.92746740635084335,0.98768925709156496,3.8713679589228094,-4.1585278387718212,0.072532593649156638,0.0049250140464143031,0.92746740635084335,50.5386400673707,-320.08819553134845,3.9990834186972086,355.99663367900877,106472.18824144799,0.012310742908435068,106472.18824144799,4.548751173840091,0.0058439270592039816,0.98768925709156496,49.461359932629293,385.0113010075878,-250.84278441412954
208,OK,,329.6770205350391,147508.71512483407,0.31471951598488596,20,14,1.9689859071831184,47.82386493226973,105843.95146581467,0.0,0.59461676159024324,0.99065012556276721,5.0065742375612405,-5.7134134089682318,0.40538323840975682,0.0054505158038916863,0.59461676159024324,52.176135067730385,-299.59925251614698,4.3722549565300977,363.95025310159679,105843.95146581467,0.0093498744372328916,105843.95146581467,4.4001438818980603,0.0056524451699602237,0.99065012556276721,47.823864932269679,384.93714089422548,-250.94734535538737
209,OK,,348.29024664957785,126622.49862985656,0.3790368729038879,19,11,2.0096339185314864,57.30289945641941,108460.9628948169,0.0,0.86628807296418919,0.98402003479721378,3.9853627807711738,-4.4088522056053083,0.13371192703581078,0.0042184940675193561,0.86628807296418919,42.697100543580902,-315.33854439381008,3.4152284536966855,357.98287320213819,108460.9628948169,0.015979965202786238,108460.9628948169,5.2669550651928159,0.006771203463690487,0.98402003479721378,57.302899456419119,385.50503236414107,-249.92840877855838
210,OK,,342.17433718344984,110810.59142673583,0.35047159357099333,15,14,1.2533861485470006,41.682567903199846,110810.59142673583,0.0,0.48580822519776762,0.83887578165389809,4.2861743151008813,-4.7844897347173818,0.51419177480223244,0.0062454444731118164,0.48580822519776762,58.317432096800268,-289.01004623067269,4.9758880768054148,368.69530216159677,110810.59142673583,0.16112421834610194,110810.59142673583,3.7463627882278896,0.0047793112303395162,0.83887578165389809,41.682567903199711,380.01982220315131,-262.59656547269162
211,OK,,341.0507593942593,128652.53751334356,0.5894878066488585,15,9,2.883903811020862,43.784553254099485,111329.12179714166,0.0,0.99750116760117791,0.9343648230924958,6.5901134280202625,-7.0215070271915083,0.0024988323988220603,0.0054084841010982824,0.99750116760117791,56.215446745878324,-321.47726015733849,4.3930623386340972,356.00102546608178,111329.12179714166,0.065635176907504089,111329.12179714166,3.9939302839796156,0.0051251912025546608,0.9343648230924958,43.784553254121604,384.20564557525478,-253.14499359431645
212,OK,,321.7284207230792,121173.88652932143,0.5822735295086989,20,7,2.9555118846367403,59.12043677625339,113373.48895422257,0.0,0.99656825538047333,0.70419572483116544,4.877078415474271,-5.5661636806868815,0.0034317446195266331,0.0039370999291185012,0.99656825538047333,40.879563223747276,-320.32409868141281,3.1951456671630156,356.63497702080252,113373.48895422257,0.29580427516883456,113373.48895422257,5.2019661262098458,0.006595770275848587,0.70419572483116544,59.120436776252767,375.74562263863936,-272.7581218449036
213,OK,,358.23079861649387,124470.27046567718,0.5800829867005415,24,11,3.0339432566176914,52.420875810484226,101600.90616962382,0.0,0.99976501740008472,0.8008359344355549,5.8169368723301256,-5.9300477882638818,0.00023498259991533771,0.0045564905539009701,0.99976501740008472,47.579124189487302,-327.0384268385622,3.7166497570408952,352.90262817015315,101600.90616962382,0.19916406556444502,101600.90616962382,4.6835346209167126,0.0059371540960321476,0.8008359344355549,52.420875810512726,375.43082823636951,-271.93128479700601
214,OK,,347.5892123914399,132423.1958193054,0.48208413320083177,22,10,2.1817794582601775,41.00826394742509,103133.03064836808,0.0,0.81698393680199732,0.99968024588697368,5.8858034782760402,-6.2269738002847577,0.18301606319800276,0.0058755931653384384,0.81698393680199732,58.991736052574943,-315.43046972922843,4.7593902191852333,357.41703288888334,103133.03064836808,0.00031975411302619431,103133.03064836808,3.778253132623437,0.0048502541386716783,0.99968024588697368,41.008263947425085,384.43412803137551,-251.80629307233534
215,OK,,328.6881362694448,144831.16834531352,0.31830680076303147,21,9,1.2286336341243378,53.1735026949515,119785.58096250184,0.0,0.67680551855316873,0.9974000530579088,3.3166811836889938,-4.1185919180302166,0.32319448144683133,0.0048367919030197033,0.67680551855316873,46.826497305048576,-297.14468156734131,3.8699831972570888,366.05107580237041,119785.58096250184,0.0025999469420912328,119785.58096250184,4.8973839038914289,0.0063331256708246122,0.9974000530579088,53.173502694951445,389.73285257877797,-241.44304441776629
216,OK,,331.8449325164084,143669.3046891976,0.5956937450558083,16,12,3.2437121615774602,52.94792746442473,119205.80748033233,0.0,0.9997561271846096,0.76337550322768188,6.0026211506734315,-6.5775955535284263,0.00024387281539032927,0.0045390955857400397,0.9997561271846096,47.052072535572655,-317.44847054423735,3.6754849127794764,358.27359889722561,119205.80748033233,0.2366244967723182,119205.80748033233,4.702802894474285,0.0059962922261021165,0.76337550322768188,52.947927464427288,379.72501621747534,-264.26258839123125
217,OK,,320.9853004553262,141203.04363258492,0.5028692221633005,22,8,3.3423865326031157,49.24449840101736,104112.24423028754,0.0,0.99054998620348589,0.99977538998129423,6.6849524022909446,-7.4277595729974735,0.0094500137965141482,0.0048755302948248298,0.99054998620348589,50.755501598982491,-325.07626135045848,3.9713333363171572,353.90320642338179,104112.24423028754,0.00022461001870584374,104112.24423028754,4.5371556233924997,0.0058272003688385823,0.99977538998129423,49.24449840101763,384.77484667364627,-251.14051540204863
218,OK,,336.4038972575823,142956.1497981182,0.5309885716769952,23,11,1.6342463398664875,54.04751343997623,108277.10989029502,0.0,0.99497752406604989,0.863505915517914,3.6608735812598572,-4.1658308175292946,0.0050224759339501353,0.0044178393280477025,0.99497752406604989,45.952486560030508,-322.99940238407004,3.5926705482351005,355.11984579305278,108277.10989029502,0.13649408448208594,108277.10989029502,4.8763765528050076,0.0062225961639340872,0.863505915517914,54.047513439969386,380.19100424692886,-261.91566794370215
219,OK,,334.7918712281319,142239.72351491457,0.6724395776117688,24,10,1.5496266516641106,53.26616934266429,110186.41841383312,0.0,0.99695632137898726,0.61227979935570276,3.5987904653558251,-4.0350024962431039,0.0030436786210127228,0.0044946525756189666,0.99695632137898726,46.733830657335737,-322.06630883587644,3.6524606837854221,355.66515878422115,110186.41841383312,0.38772020064429719,110186.41841383312,4.6181788907212287,0.0058210354889035353,0.61227979935570276,53.266169342664234,371.58651983023304,-282.03606750547715
220,OK,,320.2116765103257,117197.4096349428,0.6081680051376719,21,10,1.3834388876215178,49.1313794406602,110028.85326090216,0.0,0.99254583591967815,0.78980107792236798,3.6656179920096754,-4.3547394902350121,0.0074541640803218057,0.0048965876316681084,0.99254583591967815,50.868620559342929,-321.89770565184938,3.9787601952478959,355.70949728751685,110028.85326090216,0.21019892207763211,110028.85326090216,4.3820304788337063,0.0055730681870449095,0.78980107792236798,49.13137944065712,377.8375247259342,-267.49637557795103
221,OK,,331.47483977830245,145646.6358818732,0.6786735787066341,23,11,2.5820358716062968,46.795694422085056,109104.68015140404,0.0,0.99975358620865884,0.68637792966535693,5.7554542833299696,-6.2364032051213609,0.00024641379134117961,0.0051116057768946649,0.99975358620865884,53.204305577914909,-322.81890690294711,4.1560700970605433,355.27534073381247,109104.68015140404,0.31362207033464312,109104.68015140404,4.1058252997043869,0.0051915038485163666,0.68637792966535693,46.795694422085084,373.74643790216999,-276.8219132827349
222,OK,,339.58715582804103,136005.80333712467,0.6537814570160304,21,9,1.9081856277192581,54.156632860836254,114053.80180030855,0.0,0.99735690210076544,0.63705374519262437,4.0192154578796826,-4.4168585908682436,0.0026430978992345727,0.0044156435891848436,0.99735690210076544,45.843367139163831,-320.00712947588056,3.5826093400095451,356.82090208771012,114053.80180030855,0.36294625480737569,114053.80180030855,4.714201215273806,0.0059591311023524871,0.63705374519262437,54.156632860836154,373.63710362328516,-277.78332932056946
223,OK,,342.96852360321674,119926.24839603773,0.44449907089112844,18,13,2.8354619231008305,43.4637875967579,119926.24839603773,0.0,0.77324619204410994,0.98312397109684124,6.7952126453953676,-7.3070418912346886,0.22675380795588995,0.0057231548229859557,0.77324619204410994,56.536212403241926,-303.31596737530737,4.5959656762663332,363.64020575824202,119926.24839603773,0.016876028903158709,119926.24839603773,3.9943967014563779,0.0051609302130661162,0.98312397109684124,43.463787596758031,389.11214797422758,-242.86205194577764
224,OK,,359.8107307753604,112061.8193678021,0.561826066851261,21,12,2.93229995771307,54.950925245712206,110308.5719621878,0.0,0.9998109853837821,0.79723641022254432,5.3467242793052243,-5.4880380541682241,0.00018901461621787693,0.0043302100704233149,0.9998109853837821,45.049074754288853,-322.16439831658113,3.5189855548371938,355.64269666564832,110308.57196218779,0.20276358977745565,110308.57196218779,4.9068070560592867,0.0062437935567477513,0.79723641022254432,54.95092524571119,378.21503640227866,-266.66495642789994
225,OK,,358.2872391787126,113457.80030719267,0.4859451185185212,24,9,2.4077016499155444,50.27829233679594,113457.80030719267,0.0,0.97695472464565525,0.999628972425888,5.131640850182249,-5.380835471621241,0.023045275354344717,0.0048088596752003136,0.97695472464565525,49.721707663204263,-319.13848218889075,3.8999264478969109,357.07511898971194,113457.80030719267,0.0003710275741120962,113457.80030719267,4.6323012581069989,0.0059747343361417028,0.999628972425888,50.278292336795758,387.85758767204322,-245.10611140647086
226,OK,,331.0036414624143,128010.23996534194,0.6243380162927754,21,11,3.0330893993654087,43.58485006823858,111175.40641159694,0.0,0.99980867277026453,0.86166189759913481,6.8646064958211763,-7.4097390850024816,0.00019132722973542123,0.0054246896847110464,0.99980867277026453,56.41514993176289,-321.69371882887378,4.4068425646127238,355.90615432926882,111175.40641159694,0.13833810240086508,111175.40641159694,3.931267097792063,0.0050225686293632705,0.86166189759913481,43.584850068237046,381.06401633069805,-260.25763651464825
227,OK,,342.8878600863233,127061.8636274731,0.30191867751355894,19,12,2.7119129240308166,46.128097397691306,114362.92316917931,0.0,0.55778458922144347,0.99690100620198108,6.4639959194814054,-7.0230944977684047,0.44221541077855653,0.0056919462851600213,0.55778458922144347,53.87190260230858,-292.07082899342157,4.5421886872944173,367.6872970389793,114362.92316917931,0.0030989937980190193,114362.92316917931,4.2481653624230757,0.0054804904401378422,0.99690100620198108,46.128097397691285,388.01819839002832,-244.82745883425724
228,OK,,342.3259545417138,117692.52927489436,0.34623894775275854,19,13,2.7511564042884133,58.01227984434148,117692.52927489436,0.0,0.80151834027235258,0.98327997094936515,4.9183303874699016,-5.4952722361174384,0.19848165972764742,0.0042214412408592495,0.80151834027235258,41.987720155658657,-306.29180611883845,3.3966327676885446,362.29882357631243,117692.52927489436,0.016720029050634785,117692.52927489436,5.3315550560955289,0.0068820620575820229,0.98327997094936515,58.012279844341244,388.43079385195495,-244.20159680093053
229,OK,,358.27724736740515,116976.58767230749,0.69302500157768,23,12,3.159370451978682,59.88322884936332,116976.58767230749,0.0,0.99991111221211448,0.51256310891982992,5.0209389898963419,-5.1322945903041468,8.8887787885614259e-05,0.0038665022103841597,0.99991111221211448,40.116771150636815,-318.61466189042801,3.1336448267268286,357.62635208024631,116976.58767230749,0.48743689108017008,116976.58767230749,5.1081204175852353,0.0064277755560063418,0.51256310891982992,59.883228849363313,370.5631415310587,-285.54459597595542
230,OK,,323.05236831600337,112735.11513103906,0.4487642334478297,22,11,2.253728580126889,43.3250106885852,111505.74266120594,0.0,0.7913606607073439,0.999398353115039,5.7840260843681968,-6.5469498403247153,0.20863933929265616,0.0056957479535651254,0.7913606607073439,56.674989311414869,-309.05358315067167,4.5928469666093807,360.67914857424961,111505.74266120594,0.00060164688496100254,111505.74266120594,3.9915328424669037,0.0051437190292643502,0.999398353115039,43.325010688585202,387.21848675570419,-246.36426436545744
231,OK,,351.60098697530816,119002.74840958926,0.4889094250585748,18,13,1.6541714633079325,49.06741318758983,119002.74840958926,0.0,0.894853190585432,0.93246526611599601,4.1508982098473819,-4.5074734424280081,0.10514680941456803,0.0050236307196993507,0.894853190585432,50.93258681241079,-311.32514553849228,4.0535560579162908,360.50724138598002,119002.74840958926,0.067534733884004008,119002.74840958926,4.4745137368404979,0.0057605130089187547,0.93246526611599601,49.067413187589175,386.54539705364954,-248.60291300854669
232,OK,,330.8337392362318,110933.84136319389,0.3800520897790822,23,8,3.045037455113481,40.02804678885201,101687.44745616429,0.0,0.63370927608232175,0.99998935938015454,7.8187101402113095,-8.4445955591059487,0.36629072391767825,0.0062025136942758892,0.63370927608232175,59.971953211147884,-304.73201376581653,4.9926441029616893,361.51306138490685,101687.44745616429,1.064061984558245e-05,101687.44745616429,3.6881154128408609,0.0047313917002501068,0.99998935938015454,40.028046788852016,383.94759097845775,-252.75007757701945
233,OK,,349.7090634017893,113510.03260880972,0.5009743455954704,23,9,2.025855553750988,45.09934149484094,109959.20687908339,0.0,0.91225923183693947,0.999693964394338,5.1049689743701547,-5.4512226802681827,0.087740768163060437,0.0053752480383936155,0.91225923183693947,54.900658505159043,-317.24272421211811,4.355957901068237,357.41714099303215,109959.20687908339,0.0003060356056619471,109959.20687908339,4.155188924313153,0.0053509921409257005,0.999693964394338,45.099341494840949,386.72840256314134,-247.32138094812922
234,OK,,327.26255718059684,114410.67942822106,0.6384502881636664,23,8,2.750048466737712,51.21825950837334,105494.28113502507,0.0,0.99852845929261669,0.70449849747088289,5.5353930378872978,-6.0795130846463943,0.001471540707383227,0.0046807762203237681,0.99852845929261669,48.781740491626323,-324.75247451790722,3.8114383973851687,354.17593734040742,105494.28113502507,0.29550150252911711,105494.28113502507,4.5068765598694629,0.0056945609423924926,0.70449849747088289,51.218259508373578,373.19199534979498,-277.5979969676647
235,OK,,338.4949260440611,132945.1835183588,0.4182583056770984,25,8,1.235400694133715,54.069627815708735,117233.58273791632,0.0,0.89566776393347103,0.98728534216815045,3.1546247701189012,-3.7515080107185996,0.10433223606652897,0.0045262639289345525,0.89566776393347103,45.930372184292473,-312.30875315847737,3.6549215610370194,359.97309838150568,117233.58273791632,0.012714657831849576,117233.58273791632,4.9722476621802505,0.0064186508316452654,0.98728534216815045,54.069627815707506,388.47337247148522,-244.06311624120042
236,OK,,325.43614223436197,117153.8693358777,0.4110673324760162,18,8,3.005223734467844,41.30175240175563,117153.8693358777,0.0,0.69996449000797423,0.99951468637601648,7.4568218719601935,-8.2290060507099341,0.30003550999202577,0.006027270317904663,0.69996449000797423,58.698247598244485,-300.1044311260884,4.832058237171946,364.66778486043052,117153.86933587769,0.00048531362398354649,117153.86933587769,3.8051974693245829,0.0049158575806038367,0.99951468637601648,41.301752401755628,389.01884319540301,-242.82244692838367
237,OK,,339.02060727617607,147073.72471270512,0.5072788457868339,17,12,1.5230792164397182,47.26682702717244,102262.6216710645,0.0,0.90221360778133886,0.93332959838199681,4.111371331111962,-4.5614141321765471,0.0977863922186612,0.0051569247589428862,0.90221360778133886,52.733172972827852,-321.02382869967909,4.1914144978807206,355.19910493600185,102262.62167106449,0.066670401618003292,102262.62167106449,4.3108892635667724,0.0055085689685477109,0.93332959838199681,47.266827027172113,381.12062025634049,-259.14444365362715
238,OK,,352.83561253012635,120955.95800991534,0.5730612773403653,21,8,1.558156034043538,56.30423189999571,110430.21935617001,0.0,0.98560238891685037,0.74709761897815152,3.3839479344733592,-3.618972399515326,0.014397611083149629,0.0042130468963573224,0.98560238891685037,43.695768100004777,-321.27725516378376,3.421981180115055,355.97812409565978,110430.21935617001,0.25290238102184848,110430.21935617001,4.9880522616719833,0.0063304446004820115,0.74709761897815152,56.304231899995195,376.35946315234241,-270.94798489921891
239,OK,,329.196553313547,144354.29227213046,0.5452300714252087,15,9,3.4680140081085353,56.01291272865467,119360.73856466351,0.0,0.99892907209332515,0.81106094371960313,5.9088680659364528,-6.5563327372059303,0.0010709279066748812,0.004244424264105426,0.99892907209332515,43.987087271344812,-317.32026027498006,3.4365730735705249,358.33549036575198,119360.73856466351,0.18893905628039687,119360.73856466351,5.0124980596742645,0.0064082794290044875,0.81106094371960313,56.012912728655216,381.60651466252324,-259.9367253140407
240,OK,,342.6796163444371,135878.4400110415,0.6119989941789974,23,8,2.937392003744942,49.11318717186472,112306.91245735649,0.0,0.9984545532379262,0.78841264335974015,6.0436374062264697,-6.4248128756301668,0.0015454467620738893,0.004896793005273078,0.9984545532379262,50.886812828146333,-321.00501051268827,3.9759656728974102,356.27595379809793,112306.91245735649,0.21158735664025988,112306.91245735649,4.37945142992647,0.0055749859675904428,0.78841264335974015,49.113187171853632,378.5198931906192,-266.20902827494132
241,OK,,354.95036265070775,127363.78954934813,0.37527364836145694,24,10,3.319974500649092,43.105618432392,115293.33684519352,0.0,0.65957340359756544,0.99996882216126293,7.8449992914518205,-8.1831922171799647,0.34042659640243461,0.0058871108369498784,0.65957340359756544,56.8943815676081,-298.47764074849363,4.7157968840189595,365.16487330070697,115293.33684519352,3.1177838737106796e-05,115293.33684519352,3.971665155644013,0.0051269060396821105,0.99996882216126293,43.105618432391992,388.45658415451197,-243.92351726053028
242,OK,,344.99649048287137,116001.86131031612,0.4771621368321533,23,7,2.5451373049640758,47.51588183618457,115065.61566080987,0.0,0.90909143633315015,0.99992946954014772,5.7079266174004406,-6.1645003065508623,0.090908563666849865,0.0051529363155985736,0.90909143633315015,52.484118163815623,-314.27118743899575,4.1665554894110297,359.03223848323177,115065.61566080987,7.053045985229477e-05,115065.61566080987,4.377991744902098,0.00565084212255966,0.99992946954014772,47.515881836184576,388.38280221564582,-244.06923997572042
243,OK,,332.6777089523055,117125.80118293846,0.35390515943718076,19,13,2.715177138968184,54.32868706150159,117125.80118293846,0.0,0.75966237160889993,0.98719391025258207,5.3349901047510224,-6.0459840680402435,0.24033762839109996,0.0046312696723716205,0.75966237160889993,45.671312938498509,-303.96245146389629,3.7214336454286134,363.15134614777253,117125.80118293846,0.01280608974741794,117125.80118293846,4.9960010975403542,0.0064489745976767437,0.98719391025258207,54.328687061501547,388.43554622572998,-244.13879615538139
244,OK,,350.9395971498584,140080.32053714152,0.4516073767066481,18,11,3.0129434123560106,57.42125721354158,105479.26798239243,0.0,0.9987955289780327,0.95414102940530499,5.1699708341558761,-5.5029004912959074,0.0012044710219673656,0.0040853190627839191,0.9987955289780327,42.578742786435612,-324.77618968272026,3.326623295665422,354.16564529967826,105479.26798239243,0.045858970594694994,105479.26798239243,5.2537685529306026,0.0067322068686149024,0.95414102940530499,57.421257213564338,383.14643300968311,-254.93229363501706
245,OK,,359.6406060204067,143157.29677124857,0.6918820500530249,16,13,2.1844200243181553,44.3138080290318,104074.07732686131,0.0,0.99955858826040589,0.69475443039463458,5.3681988407590904,-5.4125911616859632,0.00044141173959411794,0.0053388534194019361,0.99955858826040589,55.686191970966561,-325.61275580604831,4.3500956985861237,353.70370471700642,104074.07732686131,0.30524556960536536,104074.07732686131,3.8932727169685397,0.0049136453841601771,0.69475443039463458,44.313808029033297,372.37008654328821,-279.29708819564644
246,OK,,356.44075062266865,133813.98102256012,0.6035566681979667,17,14,2.866761955189384,56.58401779810325,118356.81183190888,0.0,0.99985835831970715,0.70051907252264445,5.0485515254307405,-5.2487161905940267,0.00014164168029290797,0.0041868276973107783,0.99985835831970715,43.415982201895844,-317.89335361657277,3.3913885118902671,358.02730815620293,118356.81183190888,0.29948092747735544,118356.81183190888,4.9758702954518341,0.0063213641933719264,0.70051907252264445,56.584017798104078,377.16465684154923,-270.10859504055287
247,OK,,351.2988343404278,122499.38011830712,0.427812206342865,15,11,1.829189136789871,57.14218356657314,113203.24645540716,0.0,0.87186297862219375,0.90523503297546026,3.7485707018086161,-4.108960020969108,0.12813702137780619,0.0042377972925540753,0.87186297862219375,42.857816433427054,-313.04379776177677,3.424732344748219,359.31309590879704,113203.24645540716,0.094764967024539695,113203.24645540716,5.1890360137150902,0.0066525343123082581,0.90523503297546026,57.142183566572939,383.54434526222548,-254.83739340390701
248,OK,,340.0336783630767,143601.3332944529,0.6915914463759082,23,11,2.8075611908592695,48.605611815533024,106277.26097510451,0.0,0.99982521820852321,0.63432742449951962,5.9174390755659676,-6.2536564747933356,0.00017478179147675956,0.0049317569757943124,0.99982521820852321,51.394388184467054,-324.38811989267322,4.0146362248610608,354.39548842007281,106277.26097510451,0.36567257550048027,106277.26097510451,4.229139808556754,0.0053270301344369659,0.63432742449951962,48.60561181553296,371.03988179380661,-282.72231794222
249,OK,,328.99281062692654,101469.6818084998,0.3191578365913814,16,11,1.225277667922083,44.97160167177438,101469.6818084998,0.0,0.56171371189172736,0.97763971623529478,3.9809387769702682,-4.6656185523923854,0.43828628810827264,0.0057766686597816412,0.56171371189172736,55.028398328225776,-300.03245616431394,4.636665442621223,363.41500847910589,101469.68180849979,0.022360283764705127,101469.68180849979,4.1295079454633479,0.0052894587435779426,0.97763971623529478,44.971601671774266,382.83422483238274,-255.21767820013145
250,OK,,324.8877561292604,108654.96941048988,0.49218607137783005,21,11,3.2319874551226615,45.971716286475704,108098.20238860193,0.0,0.91026427921679998,0.99916056199145309,7.0351522632040719,-7.7406353169056796,0.089735720783200038,0.0052879170571502113,0.91026427921679998,54.028283713524431,-318.16133355164396,4.2882533060684427,356.88416821339086,108098.20238860193,0.00083943800854686739,108098.20238860193,4.235220471238839,0.0054492505245156862,0.99916056199145309,45.971716286475683,386.08948399199926,-248.57995271311341
251,OK,,357.00384796378927,138210.04498663385,0.5753390549881545,24,8,1.3560889027207392,58.48621793423379,102206.90081267952,0.0,0.97760744498734298,0.71019286798815162,2.9775587521997213,-3.1018571556491223,0.022392555012657016,0.0039954351072767642,0.97760744498734298,41.513782065766414,-325.42511756114061,3.2557570156523497,353.56067217813165,102206.90081267952,0.28980713201184843,102206.90081267952,5.1510814808170204,0.0065005736134392022,0.71019286798815162,58.486217934233593,372.27917294446172,-279.23718190836109
252,OK,,345.23317741579825,114438.08779968014,0.41012512723990724,19,11,2.1745639940941834,52.73272624366976,111948.63470216737,0.0,0.85745562527912544,0.99084206365919181,4.6535246745520524,-5.1238562049912213,0.14254437472087447,0.0046855869901716203,0.85745562527912544,47.26727375633029,-312.86140298797721,3.7866404556607525,359.26186845406153,111948.63470216737,0.0091579363408082603,111948.63470216737,4.8519368434900434,0.0062502394647549588,0.99084206365919181,52.732726243669653,386.96211604188585,-246.98334038010339
253,OK,,331.29600103991936,129827.8579801973,0.3230894366688016,19,11,1.7461484868279178,58.87989223268844,115350.87255716484,0.0,0.76411354535138476,0.9849097492899983,3.550894100167961,-4.2942198292908538,0.23588645464861535,0.004162842872977128,0.76411354535138476,41.120107767311872,-305.21437325913598,3.3480206632034584,362.51126100812553,115350.87255716484,0.015090250710001656,115350.87255716484,5.4126380306481101,0.0069803486953229979,0.9849097492899983,58.879892232688157,387.77313355683566,-245.47233818850356
254,OK,,357.27007198804824,127935.60849097121,0.535060695860025,22,8,3.360682604421026,48.57180249146194,103361.35960902277,0.0,0.99854910450728251,0.95568439079829337,6.7928160855911965,-6.9744818460653173,0.0014508954927174857,0.0049301599691788378,0.99854910450728251,51.428197508531774,-325.96023283751293,4.0181977564987585,353.49654463296611,103361.35960902277,0.044315609201706636,103361.35960902277,4.4451375429069131,0.0056909407964759609,0.95568439079829337,48.571802491468205,382.49299315383354,-256.17958182002712
255,OK,,333.6475731431897,121378.23341474513,0.42043648695372576,23,7,1.2412704243279074,45.9533374688248,106306.12815760703,0.0,0.77772762204762391,0.99978094375844007,3.8169170949917475,-4.4166754351745112,0.22227237795237609,0.0054350996539095616,0.77772762204762391,54.046662531175215,-311.16969311560996,4.3901868067884182,359.37513692248399,106306.12815760703,0.00021905624156002337,106306.12815760703,4.2339271708575321,0.0054433177119147655,0.99978094375844007,45.953337468824799,385.5194910547155,-249.68633097871967
256,OK,,345.46193728947276,141705.13570537211,0.4443245247593923,25,14,3.3627976157714077,59.0884147989379,115974.39219260088,0.0,0.99993715242445613,0.94037006271343482,5.3732249800459275,-5.8448162730450335,6.2847575543979015e-05,0.0039415041755711611,0.99993715242445613,40.911585201057363,-319.14139266550796,3.1957152624545895,357.33313990099015,115974.39219260088,0.059629937286565279,115974.39219260088,5.3948919439709329,0.0069397438456166296,0.94037006271343482,59.088414798942715,385.95312604662513,-249.65199364730705
257,OK,,355.99685491321475,120272.48778202987,0.6940871118380872,16,14,2.0508061175977748,48.89978291904185,115121.81881891839,0.0,0.99924746167763911,0.62480510384145371,4.6956152440073797,-4.840365058338242,0.00075253832236089381,0.0049221314040189812,0.99924746167763911,51.10021708095752,-319.55062694920514,3.9920713713109395,357.09710348950711,115121.81881891839,0.37519489615854629,115121.81881891839,4.2482040944853647,0.0053693485745066639,0.62480510384145371,48.899782919042522,373.5608801601137,-278.11736125679408
258,OK,,357.14585735000094,121584.77286783072,0.5696869536156359,24,9,2.192778923352124,53.569246782990675,106762.61700864538,0.0,0.99732718511445395,0.8009670922553549,4.4841664108267674,-4.644977033845497,0.0026728148855459785,0.0044587373582095731,0.99732718511445395,46.430753216997722,-323.97415841724325,3.6285322775229427,354.59958121150999,106762.61700864538,0.19903290774464508,106762.61700864538,4.7862341898055103,0.0060818972128169066,0.8009670922553549,53.569246783002356,377.19179499099397,-268.56959695082509
259,OK,,354.1071039002586,145467.41871876485,0.6487188412516977,24,12,2.6243859851494022,45.037794074503395,108650.59221542801,0.0,0.99984451086045645,0.77977997302949154,6.0170646513171953,-6.1937208318287507,0.00015548913954353615,0.0052793900955569678,0.99984451086045645,54.962205925497344,-323.07356880782004,4.2933189069038296,355.13359786008277,108650.59221542801,0.22022002697050855,108650.59221542801,4.0105927719449088,0.0050947595261809251,0.77977997302949154,45.037794074502685,377.00374000619109,-269.23739769446161
260,OK,,339.75032703319476,116624.04138404068,0.4297988618636619,23,8,2.2914766856167383,41.82681693955048,107803.89855511834,0.0,0.73879911908485996,0.9999619912041926,6.0651777881081514,-6.5714254142765114,0.26120088091514015,0.0059017876018161285,0.73879911908485996,58.173183060449645,-307.86608315584158,4.7571468127992507,360.80561043261298,107803.89855511834,3.8008795807453904e-05,107803.89855511834,3.8538349454179306,0.0049581318561252403,0.9999619912041926,41.826816939550483,386.02923880056574,-248.68700121095009
261,OK,,352.6949346171839,131945.87372787445,0.3818535182885205,22,9,1.4526767917141035,57.35695910200309,117980.73626416635,0.0,0.87454002599723091,0.98444293862003651,3.2249307646839909,-3.6286763800107162,0.12545997400276909,0.0042223716631823926,0.87454002599723091,42.643040897995228,-310.63437538544622,3.4059685713339181,360.67156999737074,117980.73626416635,0.015557061379963466,117980.73626416635,5.2722641545570417,0.0068068866261001663,0.98444293862003651,57.356959102004907,388.57394782507544,-243.90399173012486
262,OK,,320.69448536024106,107692.16308867895,0.6397872545459815,19,8,2.642550803204581,40.96329752379411,104932.2675335957,0.0,0.9985508732515973,0.8772663592289649,6.5087226753676664,-7.158896395644998,0.0014491267484026723,0.0056633840651633856,0.9985508732515973,59.036702476212241,-325.07001497236672,4.6126654560739988,353.99762768888513,104932.2675335957,0.12273364077103516,104932.2675335957,3.7037741932517791,0.0047228161823154556,0.8772663592289649,40.963297523787631,379.63958941917599,-262.783195281838
263,OK,,331.9764600280359,111133.58473451759,0.4808945615347451,20,8,1.8368786662007228,43.86831130989743,102070.91768304403,0.0,0.85619662897727777,0.99932312146693325,4.9624742912031117,-5.5348093122269475,0.14380337102272225,0.0055422634725551239,0.85619662897727777,56.131688690102585,-318.41421787483034,4.4977710831725872,356.16571569083902,102070.91768304403,0.0006768785330666736,102070.91768304403,4.0415408320396375,0.0051855136217583636,0.99932312146693325,43.868311309897429,384.04978612511661,-252.56004442385466
264,OK,,323.6339298503343,133746.22682004873,0.30836919302861543,17,11,2.4534167673418485,40.77800680841735,119603.72885974983,0.0,0.51724492937145605,0.99498151986177163,6.6234243294009882,-7.4894309090752573,0.48275507062854395,0.0063241940717628569,0.51724492937145605,59.221993191582825,-286.22709572107181,5.0269551023340107,370.45929967327305,119603.72885974983,0.0050184801382284752,119603.72885974983,3.7543510737416779,0.0048538505457943583,0.99498151986177163,40.778006808417338,389.56402875850597,-241.80913830611325
265,OK,,330.0566519599237,146468.2594499532,0.5805295815333982,23,12,3.21559735475494,40.70292497327853,116810.67589387085,0.0,0.97868734320718442,0.99951695521897388,7.5566114533424322,-8.1846317917140183,0.021312656792815576,0.0057406070159714585,0.97868734320718442,59.297075026721501,-317.46178491518623,4.6495301357419114,358.02824801540015,116810.67589387085,0.00048304478102605949,116810.67589387085,3.7500278219540322,0.0048438640553902321,0.99951695521897388,40.70292497327852,388.91185690603197,-243.03321271243345
266,OK,,320.41999929535274,129472.82528159732,0.3238950192609973,21,11,2.6942570214506443,49.647890786731466,104954.68405541714,0.0,0.64260771563443153,0.99933837980494877,5.9790530752690465,-6.8163973407181073,0.35739228436556847,0.0052055444160752076,0.64260771563443153,50.352109213268513,-303.33777830914642,4.1855107723676612,362.35899770811761,104954.68405541714,0.00066162019505116036,104954.68405541714,4.5740179638107197,0.0058766920318291749,0.99933837980494877,49.647890786731466,385.04163504717746,-250.62574173792063
267,OK,,343.49076224664543,145021.83669707406,0.5123960030374216,18,10,2.3375669407116977,50.587666071057974,109036.46249430814,0.0,0.99682519729998842,0.96077817104263075,4.9837670271115115,-5.4152458849789387,0.0031748027000115826,0.0047501135846509121,0.99682519729998842,49.412333928921228,-322.68777974948489,3.8618887349294591,355.31552810571071,109036.46249430814,0.039221828957369337,109036.46249430814,4.6332373998460765,0.0059492349113695869,0.96077817104263075,50.5876660710788,384.63361700460939,-251.94689659467366
268,OK,,326.6865311234738,115755.83316694973,0.32504221197133143,22,13,3.328078890796597,50.571718887838664,115755.83316694973,0.0,0.6565628943440448,0.99898271427562113,6.8295655122622421,-7.6338768000727377,0.34343710565595514,0.0051187621040545087,0.6565628943440448,49.428281112161372,-298.01923089062672,4.0990424456453995,365.38500768857466,115755.83316694973,0.0010172857243789515,115755.83316694973,4.6588771703531,0.006014837054542449,0.99898271427562113,50.571718887838657,388.55607994815574,-243.74108150690233
269,OK,,334.08458171314703,130735.60110471603,0.4733377117222438,22,7,3.2533361547555533,51.641164791408784,110662.31150875741,0.0,0.97860779627388883,0.99981723846836323,6.2353205753066696,-6.8417449244794737,0.02139220372611117,0.0046700322629959767,0.97860779627388883,48.358835208591195,-320.74527287431499,3.7919081345758316,356.19674282434318,110662.31150875741,0.00018276153163677297,110662.31150875741,4.7580034640375626,0.006129282207529744,0.99981723846836323,51.641164791408862,386.96398908402614,-246.85783000353265
270,OK,,320.7688027512549,117579.77303836352,0.34916934717673737,18,13,3.427520369006867,56.64865579811699,117579.77303836352,0.0,0.78307954275343672,0.98288778597375948,6.0117568210816117,-6.9043353856023577,0.21692045724656336,0.0043752621311850103,0.78307954275343672,43.351344201883045,-305.19673774692228,3.5181564166404549,362.71141964318485,117579.77303836352,0.017112214026240462,117579.77303836352,5.2059210560179645,0.0067193939562049023,0.98288778597375948,56.648655798116884,388.37765617769645,-244.31150196591989
271,OK,,327.8081014742068,121898.70284393974,0.5213984318196335,24,14,2.6281947225960947,52.360019287040885,107276.79622001977,0.0,0.99990908620971652,0.91397647171359975,5.2242162269857833,-5.8617593700792385,9.0913790283477197e-05,0.0045733450004815596,0.99990908620971652,47.639980712964267,-323.83635994457222,3.7213073020559495,354.7063392464924,107276.79622001977,0.086023528286400294,107276.79622001977,4.7611914949663623,0.0060910021506833233,0.91397647171359975,52.360019287035804,381.98399986000271,-257.74238182046338
272,OK,,328.21842732753476,116541.65949851279,0.4098736778135813,23,10,2.5592297325217586,49.735536252647535,116541.65949851279,0.0,0.81517055881388101,0.99973345456894136,5.576934870719592,-6.3205949973277464,0.18482944118611885,0.0050367467304785023,0.81517055881388101,50.264463747352437,-307.76196022162424,4.0565617188417109,361.63212785627576,116541.65949851279,0.00026654543105862676,116541.65949851279,4.5823682781099571,0.0059183793865520435,0.99973345456894136,49.735536252647535,388.83789492000159,-243.17596901864755
273,OK,,339.5485570863759,129960.81812639363,0.6600359966605244,19,12,3.292855090214675,45.30983127127801,102787.9765189913,0.0,0.99993593512223478,0.75023224896715046,7.1111277161737547,-7.4624376581066034,6.4064877765335841e-05,0.0052400183829113545,0.99993593512223478,54.690168728722014,-326.36654971564809,4.2719988545404695,353.28342692242916,102787.9765189913,0.24976775103284957,102787.9765189913,4.0160387144196763,0.0050800330367376341,0.75023224896715046,45.309831271277979,373.92915296409291,-275.52242066079987
274,OK,,337.3226031395867,123955.99734502763,0.6540862317705186,24,12,2.878859820985071,48.81906581831092,110279.13000331164,0.0,0.99988975073584507,0.70844727531929153,5.9919204535521224,-6.4107158202187255,0.00011024926415497594,0.0049194745069013838,0.99988975073584507,51.180934181688691,-322.18496613199022,3.9979160891335885,355.63207510687715,110279.13000331164,0.29155272468070842,110279.13000331164,4.2984669710974091,0.0054439913615415055,0.70844727531929153,48.819065818311337,374.90726080822702,-274.28797442648477
275,OK,,327.75597920482056,117987.58984332337,0.46011036302366765,22,12,2.0179494649375758,55.05761685219555,117987.58984332337,0.0,0.99571387566664882,0.97709160205798595,4.0831831997955677,-4.8236203852588897,0.0042861243333512577,0.0043372180528469459,0.99571387566664882,44.942383147785762,-317.84302024154772,3.5132341646422485,358.00828239930252,117987.58984332337,0.022908397942014078,117987.58984332337,5.0552308936693411,0.0065236083466786235,0.97709160205798595,55.057616852214274,388.23740314791632,-244.66667830665853
276,OK,,325.9832620345507,115592.99899625439,0.4145605774936444,20,12,3.272445441589241,41.17655706768052,106192.30339416327,0.0,0.70378697460869932,0.99861851461093565,8.0073366258157641,-8.7129422130332141,0.29621302539130068,0.0060074172635343022,0.70378697460869932,58.823442932319381,-306.57796447950443,4.8392104538464347,361.16989358704802,106192.30339416327,0.0013814853890644389,106192.30339416327,3.7931454210868822,0.0048760030364286052,0.99861851461093565,41.176557067680513,385.42665127309738,-249.88348543108947
277,OK,,338.4077386685091,139705.92438008712,0.31012637277105365,22,9,1.917086841796238,48.50621118423382,106494.38593587113,0.0,0.60205280546482109,0.99978029088851939,4.8489490222481528,-5.4333860124104172,0.39794719453517885,0.0053724415629256049,0.60205280546482109,51.493788815766145,-299.71238196771554,4.3097047932998747,363.9571316152103,106494.38593587113,0.00021970911148054518,106494.38593587113,4.4691366587954446,0.0057462129780682832,0.99978029088851939,48.50621118423382,385.58276896883007,-249.56265624435144
278,OK,,326.3105811261507,119840.52009851352,0.6007023975698262,18,10,3.070737006003052,40.18896933012553,107558.81219293075,0.0,0.9979970357777278,0.99056934158913434,7.3609873422287642,-7.9855676346341298,0.002002964222272158,0.0057447611610490848,0.9979970357777278,59.811030669874562,-323.5702099114834,4.6736300343485766,354.83396543320544,107558.81219293075,0.0094306584108656416,107558.81219293075,3.6976323413785335,0.0047537296128164251,0.99056934158913434,40.188969330125524,385.50879194476676,-249.8320470134623
279,OK,,335.7119220560206,137913.10290427637,0.5380220079736115,25,9,3.3568388194408563,56.79518650419261,111345.44890312881,0.0,0.99913947750481735,0.81275585714167187,5.6795623408851936,-6.1989499699645965,0.00086052249518259172,0.0041553115799087114,0.99913947750481735,43.204813495820531,-321.56306920574866,3.3753289695921631,355.97164510309864,111345.44890312881,0.18724414285832802,111345.44890312881,5.0838526187255848,0.0064776056589668021,0.81275585714167187,56.795186504179554,379.15551645666562,-264.63515162576175
280,OK,,335.3454800429659,105337.16549620945,0.5396731057910167,17,13,2.3242219485536486,54.62232910917388,105100.5929025465,0.0,0.99911376376495642,0.84200865900024968,4.564702613030672,-5.0613042345138659,0.00088623623504352315,0.0043528683832024058,0.99911376376495642,45.377670890817527,-325.00735846021212,3.5450974522288599,354.03927895817731,105100.5929025465,0.15799134099975026,105100.5929025465,4.9117682088754178,0.0062509558645263271,0.84200865900024968,54.622329109182473,378.25383661335701,-265.94572473361313
281,OK,,337.37822056184325,134840.98746316927,0.3266675921957873,16,8,2.9276689979278974,58.72253757838379,107540.63834664602,0.0,0.78424730466997383,0.99497602481130953,5.1003205906305702,-5.7121056927107245,0.21575269533002611,0.0041475290013069733,0.78424730466997383,41.27746242161615,-310.86089905166347,3.3491754763123054,359.61140345836793,107540.63834664602,0.0050239751886904547,107540.63834664602,5.4064642854859253,0.0069525591278702687,0.99497602481130953,58.722537578383744,385.70809286162159,-249.38269510007888
282,OK,,348.33869206658403,123475.2366767821,0.6113926436011126,21,11,1.2514855756339083,47.4374461245277,108450.54914557646,0.0,0.98828371991932495,0.80621747504140395,3.5838813228749404,-3.8649516887737847,0.011716280080675002,0.0050608890608127687,0.98828371991932495,52.562553875473888,-322.51807725649485,4.1143958998757073,355.31377887477396,108450.54914557646,0.19378252495859599,108450.54914557646,4.2418717060433986,0.0053958531072727141,0.80621747504140395,47.437446124526112,377.95548570855777,-267.03199299698656
283,OK,,334.39040997752505,118657.73702391634,0.5369809209201609,21,12,2.4303690640536937,57.49581108506568,118657.73702391634,0.0,0.99951336445775663,0.8049494908505731,4.3844686205300167,-4.9581409319184102,0.00048663554224344054,0.0040996880246804961,0.99951336445775663,42.504188914935128,-317.71738859650191,3.3203705305283338,358.12128409940408,118657.73702391634,0.19505050914942693,118657.73702391634,5.1402713479147124,0.0065674426857799586,0.8049494908505731,57.495811085064844,381.15168627889381,-260.9041035807835
284,OK,,347.0728204297309,108534.20709400823,0.6606181395748103,18,11,2.329649519414647,49.35081991921257,108534.20709400823,0.0,0.99956540218422862,0.68724641404147246,5.0945627119776802,-5.3595420519755974,0.00043459781577129855,0.0048651540119316666,0.99956540218422862,50.649180080787467,-323.12157054694228,3.9566094042238222,355.10350150294335,108534.20709400823,0.31275358595852759,108534.20709400823,4.3306116167383095,0.0054745773504982697,0.68724641404147246,49.350819919212476,373.59058898032185,-277.10378383302822
285,OK,,354.61445112382665,124264.92024232504,0.30669295193354323,22,12,1.7618504202104694,45.36560495908976,101802.25647518151,0.0,0.56054192213601306,0.99902070340680882,4.9053051179245273,-5.2097652555517469,0.43945807786398694,0.0057375767348209232,0.56054192213601306,54.634395040910299,-299.74549094112575,4.6043649044539947,363.56050720788016,101802.25647518151,0.00097929659319125669,101802.25647518151,4.1792924662798532,0.0053614652794694581,0.99902070340680882,45.365604959089751,383.94214204555999,-252.77376012370834
286,OK,,346.75116891142875,142758.5589435081,0.5910725324813486,23,11,1.8777004057844238,42.9244444794218,117935.38958226898,0.0,0.998286132693329,0.95038916211962732,4.9419105781400887,-5.3230551391660903,0.0017138673066710297,0.0055050143110494274,0.998286132693329,57.075555520578042,-318.02030844460648,4.4596487407670464,357.93880844792966,117935.38958226898,0.049610837880372689,117935.38958226898,3.9251210518952004,0.0050565468973508797,0.95038916211962732,42.924444479421993,387.01101763939101,-247.44209785480155
287,OK,,347.3632325719837,134404.57702149567,0.6011091992240883,20,11,2.2695008348176566,45.66159478720075,116554.49315554008,0.0,0.9992667794406378,0.87270797762191865,5.3476429280296687,-5.6969580500821122,0.00073322055936219819,0.0052370354588056828,0.9992667794406378,54.338405212803096,-318.79797715075654,4.2450316617394845,357.51690847812142,116554.49315554008,0.1272920223780814,116554.49315554008,4.125660109986053,0.0052867681830074077,0.87270797762191865,45.66159478719689,383.23104461847004,-255.90469332368542
288,OK,,320.8108236817168,137525.8890353594,0.511148770609887,16,14,2.4198603601484283,47.167635601339676,118593.25270867601,0.0,0.84245548464866216,0.85994714761155178,5.6012385018937421,-6.3768094331836416,0.15754451535133782,0.0052680974855795438,0.84245548464866216,52.832364398659003,-308.34767215740328,4.2435828046618758,361.59263699123858,118593.25270867601,0.14005285238844814,118593.25270867601,4.2532927719031566,0.0054510325739584899,0.85994714761155178,47.167635601340955,383.3357309029555,-255.88305851805487
289,OK,,348.6431037645341,130213.2727668075,0.5940226297080673,23,12,2.9518410839109266,57.856013939151254,108147.85608525871,0.0,0.99985112961704092,0.70159453225623591,5.0317886709288588,-5.303788971804428,0.00014887038295904683,0.004047276753537013,0.99985112961704092,42.143986060848917,-323.35095220733433,3.2920322988515109,354.97809358483568,108147.85608525871,0.29840546774376409,108147.85608525871,5.0885995133847999,0.0064363401980172966,0.70159453225623591,57.856013939151069,373.96904415973319,-276.1707206674821
290,OK,,353.4183823471995,149025.70822829398,0.5530112081274018,15,7,1.6910895707229903,57.881733840412394,101612.4632989503,0.0,0.9826443109760451,0.75961593995769772,3.4477732505557142,-3.6394450317211438,0.017355689023954835,0.0040482291984323222,0.9826443109760451,42.118266159587918,-326.05629249923459,3.3001885858156359,353.26204073461497,101612.4632989503,0.24038406004230226,101612.4632989503,5.1379682660035826,0.0064988466090866552,0.75961593995769772,57.881733840411982,373.87185301235473,-275.49312307321316
291,OK,,349.7993774022807,130163.24780412763,0.5157909066349273,24,9,3.315027710755122,48.33114326002319,115591.06203389112,0.0,0.99786437418636631,0.9995742027519221,6.7159303219416637,-7.091160263747339,0.0021356258136335719,0.0049793111895015153,0.99786437418636631,51.668856739909252,-319.22261109745534,4.0374972395524207,357.26431245307981,115591.06203389112,0.00042579724807795678,115591.06203389112,4.4528670031379463,0.0057486762930674925,0.9995742027519221,48.331143260090592,388.53194703995996,-243.78055039551754
292,OK,,323.66606501764176,115935.55907126899,0.34107158022886663,25,9,3.01849222078704,51.108350483159505,115935.55907126899,0.0,0.69758338872540515,0.99997739170715427,6.2370867844407574,-7.0793181447053097,0.30241661127459496,0.0050202982686096157,0.69758338872540515,48.891649516840516,-300.62084050432941,4.0264089122794768,364.36397493711752,115935.55907126899,2.2608292845760324e-05,115935.55907126899,4.7090269660682784,0.0060804563999463622,0.99997739170715427,51.108350483159505,388.65925687476846,-243.52445126097678
293,OK,,355.60041756180175,122393.7803978392,0.5974810981675258,24,9,1.410609359794329,50.081516184073436,112877.71394174194,0.0,0.98693152717708266,0.79070153724167414,3.6377703464786975,-3.8370227884579786,0.013068472822917385,0.0048165239769301458,0.98693152717708266,49.918483815930308,-320.03031561085112,3.9083749839685771,356.68990072911902,112877.71394174194,0.20929846275832589,112877.71394174194,4.4674057763568609,0.0056890862092821648,0.79070153724167414,50.081516184069706,378.79035646432737,-265.65674249352719
294,OK,,334.24872890435995,117385.1233636212,0.33992020861204564,21,12,3.2182972783609793,48.91824730083912,103855.27955875531,0.0,0.66456776102900161,0.99908551832996662,6.9099984536236043,-7.5285777562879428,0.33543223897099839,0.0052542739247261822,0.66456776102900161,51.081752699160901,-305.43546505912872,4.2304278327235982,361.41927019523092,103855.27955875531,0.00091448167003336557,103855.27955875531,4.5066230273848307,0.0057870277869862151,0.99908551832996662,48.918247300839113,384.65448585455965,-251.38463179537109
295,OK,,356.5840841058482,130051.53383388772,0.6019465160608997,18,10,3.32305103531347,53.92340482042679,102707.56656594452,0.0,0.99967179885688928,0.73790269986120338,6.0338633037057878,-6.1601816929764492,0.00032820114311070002,0.0044148209450329901,0.99967179885688928,46.076595179573374,-326.39750475689829,3.5993397459929093,353.26296965453537,102707.56656594452,0.26209730013879656,102707.56656594452,4.7701775557356276,0.0060298611198747465,0.73790269986120338,53.923404820426654,373.44919315154289,-276.613683604063
296,OK,,321.46116620239945,137562.72776226635,0.3351105083264179,23,8,1.6224757910060308,55.380625565818335,112539.23196081439,0.0,0.75043447702516786,0.99951004681401301,3.6919468722686117,-4.5580364337311003,0.24956552297483212,0.0045247938310072925,0.75043447702516786,44.619374434181815,-305.90789301133253,3.6414939337349068,361.99522023405081,112539.23196081439,0.00048995318598695013,112539.23196081439,5.1023032957664585,0.0065782063836778105,0.99951004681401301,55.38062556581832,387.55743240850063,-245.69738470669395
297,OK,,332.16604748306594,132150.16989871222,0.3356190077909298,15,11,2.1669860787516284,54.60714867598707,112458.52103225295,0.0,0.69154533905324789,0.96024905031180552,4.5747571078215739,-5.2708114439622058,0.30845466094675217,0.0046601768247652529,0.69154533905324789,45.392851324013087,-302.17355083969915,3.7421143551851173,363.4601683257564,112458.52103225295,0.039750949688194502,112458.52103225295,5.0009696229658642,0.0064310805970536414,0.96024905031180552,54.607148675986934,385.72453759275555,-249.82451925645603
298,OK,,321.4813006525074,118728.55493908348,0.5550620187542646,20,10,1.784145411871592,42.41703096268091,118728.55493908348,0.0,0.96060442789544953,0.9954794844792233,4.8604972510011573,-5.6312599784548931,0.039395572104550483,0.0056003977167200115,0.96060442789544953,57.582969037319238,-315.39543787630606,4.5297311800773787,358.97376165259004,118728.55493908348,0.0045205155207767508,118728.55493908348,3.9055490837587601,0.0050475983426313872,0.9954794844792233,42.417030962680663,389.3181466660053,-242.28734328109857
299,OK,,358.69578238286033,118280.76412553886,0.34274988783391636,23,9,1.607289285130105,50.913370151690714,118280.76412553886,0.0,0.69764859411481828,0.99941527186677159,4.0585975977487996,-4.3780383393512725,0.30235140588518172,0.0050450899388912061,0.69764859411481828,49.086629848309229,-299.33607734211853,4.0424213716105566,365.0628617282116,118280.76412553886,0.00058472813322841893,118280.76412553886,4.6906604134701899,0.0060626825537512131,0.99941527186677159,50.913370151690692,389.36409506940691,-242.1431834282227
300,OK,,341.44121834204327,136453.65509307204,0.4259655006853086,21,11,1.3524622440016225,48.96189598984242,106506.61250374731,0.0,0.82766123755133858,0.99276397014354734,3.7522064090699017,-4.238388049794299,0.17233876244866131,0.0050794880519252567,0.82766123755133858,51.038104010157738,-314.11751968992257,4.1100559073880385,358.2555848705133,106506.61250374731,0.0072360298564526603,106506.61250374731,4.5063027493861831,0.0057913864451353348,0.99276397014354734,48.961895989842198,385.25876321244846,-250.29075397228289
301,OK,,351.5622552291734,130243.04456647435,0.3129552995095224,21,7,1.5466074996254764,59.971831227838074,117115.219361575,0.0,0.7751030962930644,0.99550501641870315,3.1974355154886278,-3.6493190638601054,0.22489690370693566,0.0040458790111074765,0.7751030962930644,40.028168772162324,-304.94559937835618,3.2529442404712761,362.76847449437952,117115.219361575,0.0044949835812968198,117115.219361575,5.5219291920739719,0.0071316784125851846,0.99550501641870315,59.97183122783764,388.81906034907905,-243.27055568826768
302,OK,,325.7641229602852,124004.16171145596,0.5402110345647888,20,7,2.8563071498747945,56.161677784734096,116085.4853855655,0.0,0.99553117278693593,0.81519983843290511,5.0938019358637998,-5.7775035112532827,0.0044688272130640532,0.0042276234092813881,0.99553117278693593,43.838322215273017,-318.82658823503675,3.427039902307464,357.45856688178321,116085.48538556549,0.18480016156709483,116085.48538556549,5.0290712281609338,0.0064219654673753164,0.81519983843290511,56.161677784727125,380.75719684633691,-261.51646588450757
303,OK,,326.2039639068567,149121.1802544318,0.43036695428073946,21,14,1.278563503845424,40.23674834770557,105673.95664275241,0.0,0.71302089453571837,0.98945619882288005,4.3340501064138568,-5.0225145334827461,0.28697910546428157,0.0060902481502963313,0.71302089453571837,59.7632516522945,-307.47302118569291,4.9087848538187577,360.76845473818099,105673.95664275241,0.010543801177119946,105673.95664275241,3.7014000644567711,0.0047540933032294728,0.98945619882288005,40.236748347705522,384.82421174469664,-251.1839044311219
304,OK,,342.22506276472024,143982.17274589292,0.6446415047700318,22,9,2.4449255544729978,55.11362954618761,110350.95486349234,0.0,0.99874573124917854,0.64375273853930048,4.6681150955553559,-5.0151862686105435,0.001254268750821451,0.0043156242588340225,0.99874573124917854,44.886370453812354,-322.07990669709574,3.5069466780797045,355.67788842593433,110350.95486349234,0.35624726146069952,110350.95486349234,4.8026841134810647,0.006063197498623071,0.64375273853930048,55.11362954618761,372.68638928644918,-279.47625712841136
305,OK,,321.55229966606146,143043.15981926635,0.3741770621138901,17,10,1.4360472799566737,52.89892045898829,110515.91184910422,0.0,0.77018693287939877,0.9784292341981955,3.6126441760208543,-4.437697786148818,0.22981306712060134,0.0047526788679537971,0.77018693287939877,47.10107954101202,-308.28983196968716,3.8309820206450644,360.88537985993145,110515.91184910422,0.021570765801804431,110515.91184910422,4.8580181555873132,0.0062490468298183116,0.9784292341981955,52.898920458987931,385.92303871259793,-249.18739807342308
306,OK,,357.6188458718779,116637.84879575277,0.43194619993540295,20,9,1.2954742299404949,58.479292466338634,116637.84879575277,0.0,0.90418063755551237,0.90334356067575694,2.9245021317354838,-3.2044402325979244,0.09581936244448766,0.0040833721380501373,0.90418063755551237,41.520707533662922,-313.13706444208208,3.2990634796825318,359.60686251064107,116637.84879575277,0.096656439324243143,116637.84879575277,5.3089062954622692,0.0068156552339705733,0.90334356067575694,58.479292466337036,384.54889787513434,-252.90923023159081
307,OK,,338.9209361571141,103706.42201741695,0.6435055613313553,20,10,2.046072814510194,44.79790976758513,103034.88203737524,0.0,0.99890702820375743,0.79443683251710839,5.0935930856739802,-5.4680375032304243,0.0010929717962425635,0.0052907915045996038,0.99890702820375743,55.202090232415706,-326.16685032258982,4.3127831247778392,353.38422966450889,103034.88203737524,0.20556316748289158,103034.88203737524,3.9984410080706723,0.0050703192281923255,0.79443683251710839,44.797909767584166,375.67882055153035,-271.5516357281158
308,OK,,349.80660858391366,147343.97557403042,0.5058478672234203,18,13,2.155837511699623,45.4589411397923,110200.98796316824,0.0,0.89718945574532349,0.96367878867442625,5.3038634512209146,-5.6392967680377746,0.10281054425467651,0.0053576083371351209,0.89718945574532349,54.541058860207976,-316.21397552436537,4.3389551070163632,357.82632115122948,110200.98796316824,0.036321211325573789,110200.98796316824,4.1653558293919488,0.0053522579747148861,0.96367878867442625,45.458941139792053,385.14723723980353,-250.90510811854188
309,OK,,335.77606988887845,133890.5574574713,0.42359061355744837,17,14,2.1790101512006204,41.212472365081055,116373.42999098574,0.0,0.6809128984512689,0.94346673743741394,5.9452635466757249,-6.5448183987304871,0.31908710154873116,0.0060586165196737018,0.6809128984512689,58.787527634919101,-299.28658396532421,4.8551175221262399,364.92892246371275,116373.42999098574,0.056533262562586027,116373.42999098574,3.7645722914518811,0.0048443480468275497,0.94346673743741394,41.212472365080934,386.21567951132869,-249.09554723463344
310,OK,,346.85528747874656,141464.39904740555,0.603858562666079,25,9,1.5910946415560674,46.330962181743935,111662.40730367044,0.0,0.9931816935887221,0.847127060188829,4.2006284768800821,-4.528515458790225,0.0068183064112778092,0.0051689501629226973,0.9931816935887221,53.669037818246274,-321.04726159577496,4.1973200723682158,356.19247902726141,111662.40730367044,0.152872939811171,111662.40730367044,4.1695152799811384,0.0053236517719981108,0.847127060188829,46.330962181753655,380.62848788794957,-261.30537335660176
311,OK,,349.1412892859868,118384.37812630436,0.4576114187972927,17,7,2.8024262314413355,54.45046585038888,112454.1126320702,0.0,0.98703532132713745,0.9852683940981054,5.236801255282586,-5.6353478375224331,0.012964678672862513,0.0043941141517926012,0.98703532132713745,45.549534149594194,-320.26403051345875,3.5662411169305268,356.56057733212242,112454.1126320702,0.01473160590189466,112454.1126320702,5.0057291079906872,0.0064474809737191923,0.9852683940981054,54.450465850405806,386.86656759318493,-247.24655559056887
312,OK,,345.833174132468,118206.58121675646,0.5327775684991861,19,9,3.276026172995758,45.288023108019864,115316.0580776204,0.0,0.97267434614450476,0.99865702903183151,7.0859070995411226,-7.5060541852038627,0.027325653855495347,0.005300306372290565,0.97267434614450476,54.711976891980306,-317.89797699115729,4.2946235057902848,357.71814857855099,115316.0580776204,0.0013429709681685264,115316.0580776204,4.1719142427561975,0.005384992821186747,0.99865702903183151,45.288023108019701,388.40222859388882,-244.04829392856053
313,OK,,338.11264743432554,117402.57122146671,0.5703192234917202,18,9,2.257929368038573,45.248307746415655,117402.57122146671,0.0,0.99705561331241932,0.94604350149230965,5.3697868292693229,-5.8858386299189043,0.0029443866875806034,0.0052811394556492586,0.99705561331241932,54.751692253570255,-318.22588228179552,4.2790166537712224,357.81042032775861,117402.57122146671,0.053956498507690263,117402.57122146671,4.1348629545251114,0.0053240751272539567,0.94604350149230965,45.248307746429845,386.65154738821911,-248.2066029415401
314,OK,,335.52100732282713,116107.42123406536,0.34584035676078095,21,12,1.4864268422969784,52.57064455559431,116107.42123406536,0.0,0.72090975560844373,0.99254811050353775,3.7310895903646686,-4.3968802668175009,0.27909024439155622,0.0048467591115944966,0.72090975560844373,47.42935544440585,-302.03908644624346,3.8904651831109414,363.8183226637982,116107.42123406536,0.0074518894964622608,116107.42123406536,4.8382817279153363,0.0062447925022365985,0.99254811050353775,52.570644555594214,388.36581420072758,-244.20301660831643
315,OK,,353.0521771160574,119982.79245361939,0.5764237909937204,15,14,1.2485074007525288,45.10315776258199,119982.79245361939,0.0,0.77789120323665284,0.66879018724032724,3.8652127180153584,-4.1206751856310708,0.2221087967633471,0.0055519070937014216,0.77789120323665284,54.896842237418007,-303.58002560041643,4.4591205731840713,363.54274321920303,119982.79245361939,0.33120981275967276,119982.79245361939,3.9461964085644623,0.0050086499701505732,0.66879018724032724,45.103157762582015,376.54414876039948,-271.77531404592673
316,OK,,353.95090167356966,128323.35938831326,0.43967012926848004,22,11,2.689250711208709,40.21902146687409,103748.95607100426,0.0,0.73527297980931305,0.99970972180684248,7.0031457469598726,-7.2653290582334185,0.264727020190687,0.0060586445313103431,0.73527297980931305,59.780978533125889,-310.02066397979814,4.8915819983550479,359.58514909509427,103748.95607100426,0.00029027819315748045,103748.95607100426,3.7055537377953249,0.0047583176189584867,0.99970972180684248,40.219021466874096,384.64730771336389,-251.39019993157507
317,OK,,340.23311779453445,118700.17560545082,0.5847296389531593,25,8,1.756558880727849,41.19735238871481,104972.24722723581,0.0,0.99272159278462768,0.9976137811536967,4.912137604284081,-5.3353606359190406,0.0072784072153722675,0.0056480189607990587,0.99272159278462768,58.802647611285067,-324.71390521623408,4.5991862366381326,354.13161252448873,104972.24722723581,0.0023862188463033385,104972.24722723581,3.7944804727174577,0.0048746351741634098,0.9976137811536967,41.197352388714812,384.96677711397751,-250.79518874145128
318,OK,,353.4849534641114,149156.61985739053,0.4606325050227241,21,8,1.9217712273349579,43.39632600546551,114280.76065719433,0.0,0.81350393659761699,0.99963271356591266,5.162155624364634,-5.48353467879741,0.18649606340238301,0.0056687111265988233,0.81350393659761699,56.603673994534454,-308.88923935598797,4.5694868933860588,360.9955870130085,114280.76065719433,0.00036728643408734651,114280.76065719433,3.9982457777512614,0.0051588077902275991,0.99963271356591266,43.396326005465511,388.12008530559689,-244.59003922648827
319,OK,,346.5166361219419,128473.43154959157,0.576906317980907,24,13,2.787322066020134,56.511414202668576,116341.55697283312,0.0,0.99987826579997197,0.74859344347656953,4.9575291410292843,-5.3146793452216183,0.00012173420002802447,0.0041904469794241516,0.99987826579997197,43.4885857973307,-318.94518337384739,3.3970477130709429,357.44183066792357,116341.55697283312,0.25140655652343047,116341.55697283312,5.0075924478562754,0.0063721262366382139,0.74859344347656953,56.511414202669286,378.29033953829344,-267.23520390081001
320,OK,,333.27935485319006,124175.73213543056,0.5316159393149518,22,13,3.268881953577563,54.750531491888324,114209.15944901347,0.0,0.99992320727951711,0.85542422991186695,5.8196649021417031,-6.3983954514295238,7.6792720482894868e-05,0.0043563339398250177,0.99992320727951711,45.249468508107391,-320.07341231969554,3.5345679842030675,356.81306567898923,114209.15944901347,0.14457577008813308,114209.15944901347,4.9335991339733631,0.006309308782779942,0.85542422991186695,54.750531491892623,381.78073595962201,-258.9611975512102
321,OK,,342.36414543330795,138603.66398228245,0.475746148866221,20,10,1.8679432195062002,51.13216342438944,102515.49902729063,0.0,0.96467556549100308,0.99153161191070049,4.2773376799201666,-4.7142615966407986,0.03532443450899702,0.0047167624242779975,0.96467556549100308,48.867836575611378,-324.50513651082707,3.8413697338592052,353.93307845043444,102515.49902729063,0.0084683880892994102,102515.49902729063,4.7051636487182273,0.0060351963680022862,0.99153161191070049,51.132163424388516,383.83995458258187,-253.07394020257109
322,OK,,336.6943131052464,144929.06053663045,0.6079626733369938,17,8,1.9116066558105045,52.40261568779586,111842.944979193,0.0,0.99468634592171279,0.74329909146321171,4.1845265152510498,-4.6462417962049098,0.0053136540782872171,0.0045830535371994916,0.99468634592171279,47.597384312204483,-321.03686940095599,3.7214668173445333,356.21535169645512,111842.94497919299,0.25670090853678823,111842.94497919299,4.6396118672352733,0.0058907250379670179,0.74329909146321171,52.402615687795546,376.67454621837157,-270.4032509748846
323,OK,,356.6238905723776,143962.95613588236,0.4657093908298058,15,8,2.4052153200699817,46.803257273359705,102772.85079046941,0.0,0.86716332229050008,0.99058452443724387,5.6323128761157006,-5.8479949007220116,0.13283667770949995,0.0052419950736044543,0.86716332229050008,53.19674272664038,-318.65542387675907,4.254414054012476,356.1470687786574,102772.85079046941,0.0094154755627561659,102772.85079046941,4.3061974775555729,0.0055237869148415447,0.99058452443724387,46.803257273359634,383.88493290756213,-252.99920377913293
324,OK,,328.3690917868878,119766.95908594991,0.3656603492964491,24,12,1.359783398540625,56.42593456075963,119766.95908594991,0.0,0.8285907880686777,0.9918306057032853,3.1935965228206662,-3.9812460006935271,0.17140921193132228,0.0043596740605704488,0.8285907880686777,43.574065439239469,-306.86914611149336,3.5084149753950031,362.26023840427996,119766.95908594991,0.0081693942967147951,119766.95908594991,5.1925312447212093,0.0067123051545712881,0.9918306057032853,56.425934560760467,389.46711109288452,-242.04328147432295
325,OK,,349.02645180785817,116500.28906284884,0.6166393225491626,19,14,2.2221669913560547,42.30599171221053,110299.34299009501,0.0,0.9994997494304344,0.90547945419053155,5.6113227331710638,-5.902379001252033,0.00050025056956569793,0.0055460131022764172,0.9994997494304344,57.694008287772043,-322.15147878964052,4.5069899722064504,355.64638951260014,110299.34299009501,0.094520545809468379,110299.34299009501,3.8419183322660575,0.0049191913518557831,0.90547945419053155,42.305991712227865,382.61653330001889,-256.63522480718166
326,OK,,329.73907016723683,143310.13461400612,0.45631830441004523,22,11,3.3784384621268773,47.70586221699809,109685.07413573666,0.0,0.87222136141816597,0.99958566119958836,7.0895527605593651,-7.7520068633386456,0.12777863858183405,0.0051629011134344972,0.87222136141816597,52.294137783001915,-315.00823779418033,4.178518032028447,358.22895373383619,109685.07413573666,0.00041433880041162325,109685.07413573666,4.3952659914260881,0.0056594174731799023,0.99958566119958836,47.705862216998064,386.63340948203216,-247.50901499496715
327,OK,,334.81805442860764,118747.89597662553,0.6159891155056584,20,12,3.050356524982034,52.76398155882586,118747.89597662553,0.0,0.99986818713879866,0.72767181324036023,5.7525461593698592,-6.2683874482429003,0.00013181286120131727,0.0045559087144076155,0.99986818713879866,47.236018441174217,-317.69147620945961,3.689779648678154,358.13972806851245,118747.89597662553,0.27232818675963971,118747.89597662553,4.6600406745557956,0.0059294116091289095,0.72767181324036023,52.76398155882579,378.26241210820842,-267.60061788887543
328,OK,,329.0504485856096,135795.60791669053,0.6503991734556707,24,8,1.3010831083302035,50.42986074534515,107401.82659875497,0.0,0.98757894917523603,0.68103240674782506,3.456517410380493,-3.9759535396194572,0.012421050824763908,0.0047713744200368995,0.98757894917523603,49.570139254654642,-323.05822628201554,3.8806511431188149,355.0030114142599,107401.82659875497,0.318967593252175,107401.82659875497,4.4209036026410278,0.0055841541371245938,0.68103240674782506,50.429860745345358,373.00198907874483,-278.31097075003026
329,OK,,329.02087546957415,117399.67637633641,0.3780446770110473,22,13,2.8266981192239684,56.106387239646054,103678.16797894117,0.0,0.85734197190249428,0.9969231456218014,5.2293987367677843,-5.9188903473528507,0.14265802809750569,0.0043359372890279012,0.85734197190249428,43.893612760353989,-317.54153734705579,3.516442224983563,356.66395907303632,103678.16797894117,0.0030768543781985284,103678.16797894117,5.1671330064047343,0.0066337124668927874,0.9969231456218014,56.106387239646054,384.49243538608994,-251.72987067879922
330,OK,,325.80039216417504,139760.77032161842,0.306843864914946,24,12,1.4045662639325236,46.42827669315868,113749.73751025181,0.0,0.57229602227414678,0.99945071541666453,4.1585028484907349,-4.9699898260935242,0.42770397772585317,0.0056416492516265081,0.57229602227414678,53.571723306841442,-293.4328234945051,4.5059748799888286,367.08471472373407,113749.73751025181,0.00054928458333549854,113749.73751025181,4.2774708112934441,0.0055177231886121801,0.99945071541666453,46.428276693158672,387.94245241880503,-244.94173677329752
331,OK,,323.2029521056695,136242.63056831877,0.35413518231688756,24,12,2.2041622743806215,47.22125684786443,118131.76736700283,0.0,0.67067756347616014,0.99966118286236472,5.3829863416984347,-6.2304238674992671,0.32932243652383991,0.0054549436341951524,0.67067756347616014,52.778743152135597,-297.6414998118841,4.3664440473360049,365.72359430857722,118131.76736700283,0.00033881713763517392,118131.76736700283,4.3506680519705698,0.0056229715723477309,0.99966118286236472,47.221256847864431,389.32951704465603,-242.20803088969117
332,OK,,346.04881375269764,148741.60004365127,0.4979674824105579,19,9,1.4205154289440751,42.547601134688094,116664.36725614007,0.0,0.86306945905054966,0.99503291782427028,4.2992790542549466,-4.7283484350197504,0.1369305409494504,0.0056995085862918769,0.86306945905054966,57.452398865312119,-310.63853915673201,4.5980596037724277,360.5480471029768,116664.36725614007,0.0049670821757296871,116664.36725614007,3.9173048253170419,0.005058128743517647,0.99503291782427028,42.54760113468793,388.6562293873987,-243.59762452456437
333,OK,,321.1537063162656,146793.7670309182,0.615009727958806,24,11,1.386245034885153,56.20011566101095,103510.06081059965,0.0,0.99521655723824576,0.68130665771878351,3.1678467847078426,-3.7956186519302229,0.0047834427617542601,0.0042021169119574823,0.99521655723824576,43.799884338989131,-325.68538113190829,3.4242283278451571,353.61339670519214,103510.06081059965,0.31869334228121654,103510.06081059965,4.9269657421458684,0.0062124642303724277,0.68130665771878351,56.20011566101082,371.70957818184127,-280.74521332385206
334,OK,,353.3473215622153,146603.45205344105,0.39629434553333465,16,8,3.3015675914957896,50.646953161047485,102688.44069819941,0.0,0.80022947627997587,0.99732122625133024,6.6769122226994151,-6.9761083193154096,0.19977052372002421,0.0049319156760093885,0.80022947627997587,49.353046838952523,-314.67335515773033,3.9933494327574528,357.66518724783145,102688.44069819941,0.0026787737486696885,102688.44069819941,4.6646277368310969,0.005985940649425231,0.99732122625133024,50.64695316104747,384.17005866161156,-252.35279157705025
335,OK,,357.7380159961863,119238.52588313894,0.4511576029861813,16,10,2.1301305145570986,56.87116582481165,119238.52588313894,0.0,0.96650801695314492,0.9396636897329429,4.0869527618607995,-4.3795769566454572,0.03349198304685503,0.0041902081581350614,0.96650801695314492,43.128834175189432,-315.47910026222411,3.3891335855034601,358.99307428706851,119238.52588313894,0.060336310267057096,119238.52588313894,5.1918891422495346,0.0066877224651027559,0.9396636897329429,56.871165824810483,386.93565133610872,-247.73839916756475
336,OK,,341.28589541719623,144179.30529511248,0.5779443011636796,17,14,3.0083900573785884,57.00011970858711,118473.37749661868,0.0,0.99984685655243832,0.74033151069611858,5.1830523871937055,-5.6254063161489656,0.00015314344756170919,0.0041469023397479113,0.99984685655243832,42.999880291410754,-317.83229143847723,3.3588921365397426,358.06115113686974,118473.37749661868,0.25966848930388137,118473.37749661868,5.0442920879343101,0.0064218469192686995,0.74033151069611858,57.000119708589224,378.64259085630573,-266.68296412484824
337,OK,,335.2277840743944,116403.56070077121,0.6050437254499836,18,8,3.194536857904892,53.63981224195592,116403.56070077121,0.0,0.99858677051100597,0.73509037825649248,5.8545925859459196,-6.3600999913629526,0.0014132294889941147,0.0044684865155802771,0.99858677051100597,46.360187758043963,-318.83750007315984,3.6221985568212296,357.48716245851426,116403.56070077121,0.26490962174350752,116403.56070077121,4.74297441628282,0.0060312722672608539,0.73509037825649248,53.639812241956001,377.81162314740067,-268.35267619939123
338,OK,,323.24751830830826,111496.40778819428,0.38502668002112295,16,8,1.5427374263694125,46.509193160656146,105735.06239366015,0.0,0.71437017773384004,0.99375541063116224,4.3279552674813226,-5.0919977675822006,0.28562982226615996,0.0054496553447451711,0.71437017773384004,53.490806839343897,-307.52301816304555,4.3925715775782743,360.7541597524833,105735.06239366015,0.0062445893688377408,105735.06239366015,4.2812102844499682,0.0055004919980644103,0.99375541063116224,46.509193160656089,385.04498530503326,-250.69475233183704
339,OK,,348.4350557213888,144309.58432262435,0.6493702126573742,21,12,2.7033526458777137,50.88789600361909,111983.69552693325,0.0,0.99984554978444029,0.68887488208828163,5.4853098074247697,-5.752155471353313,0.00015445021555967101,0.0047239889858768369,0.99984554978444029,49.112103996381009,-321.2593845625874,3.8363432063744805,356.14954580925018,111983.69552693325,0.31112511791171843,111983.69552693325,4.4666548205097367,0.0056556221750583141,0.68887488208828163,50.887896003618948,374.76224017506399,-274.85849243793234
340,OK,,341.9137111931792,131115.50046602663,0.6901514260761674,24,7,2.0411271023824398,41.595202743300334,115333.36428050404,0.0,0.99568484317603978,0.73885519257142496,5.3534271397694049,-5.7151484636195331,0.0043151568239602383,0.005630478853870656,0.99568484317603978,58.404797256699148,-319.23179153892681,4.5656412419474055,357.23445969433192,115333.36428050404,0.26114480742857493,115333.36428050404,3.6801546489040264,0.0046785434298974712,0.73885519257142496,41.595202743300874,377.61630196164759,-268.67020108114491
341,OK,,345.4999039736597,147113.87820578227,0.5883972438473729,23,10,2.024429799317878,46.450977426776106,109816.20846686032,0.0,0.99821853619235501,0.88404770457933757,4.8910184362157825,-5.2432809242383227,0.0017814638076449757,0.0051479324870913595,0.99821853619235501,53.549022573217371,-322.34106566938846,4.1841507590048472,355.52563315504881,109816.20846686032,0.11595229542066247,109816.20846686032,4.2043715513374362,0.0053752461896219676,0.88404770457933757,46.450977426782565,381.55046311677916,-259.00071674470388
342,OK,,336.5773844464717,111185.75173855618,0.5654537836929656,16,8,2.0311807323723627,56.52594094796782,111185.75173855618,0.0,0.99404900928652484,0.76417848486184059,3.9807340421691206,-4.465502504676599,0.0059509907134751589,0.0041854604200534298,0.99404900928652484,43.474059052032452,-321.35534356556172,3.3994676161245101,356.03003097026186,111185.75173855618,0.23582151513815941,111185.75173855618,5.0212365450945011,0.0063804658865923517,0.76417848486184059,56.525940947967584,377.23965993016958,-269.01541580972753
343,OK,,354.81111747904157,109190.63510041917,0.4174506639893079,16,9,2.465504089444523,50.95632941713362,109190.63510041917,0.0,0.84058677773541057,0.98980292769698786,5.2931694672512739,-5.5955774709564468,0.15941322226458943,0.0048733334506475563,0.84058677773541057,49.04367058286649,-313.37601271941594,3.9405541696039248,358.80054666919642,109190.63510041917,0.010197072303012136,109190.63510041917,4.6877478994954922,0.0060308281977584218,0.98980292769698786,50.956329417133546,386.01402190498368,-248.85453206955816
344,OK,,354.6735570998645,143416.2416734793,0.5125747018121352,19,8,1.95013998876963,58.90661203779915,104869.93329951743,0.0,0.99003180179043526,0.82050046863094994,3.6761449450671022,-3.8938175033519653,0.0099681982095646757,0.0039491191392394447,0.99003180179043526,41.093387962199692,-324.61756498680666,3.2156258160525,354.15526639013882,104869.93329951743,0.17949953136905011,104869.93329951743,5.2792496652783987,0.0067097993478459949,0.82050046863094994,58.906612037800386,377.31904349333098,-268.04429128661224
345,OK,,324.4892743830549,124024.71548906996,0.558957982799194,20,7,2.6327847310133783,55.930904008918205,114001.06101220436,0.0,0.99517091648969258,0.78474305311285286,4.8287199197610029,-5.5053248686976399,0.0048290835103074773,0.0042466292675749214,0.99517091648969258,44.069095991087494,-319.90831702925573,3.4453032205340115,356.85124560273772,114001.06101220436,0.21525694688714719,114001.06101220436,4.9845123342708488,0.0063486557866634513,0.78474305311285286,55.930904008912442,378.91864422184193,-265.49757175597017
346,OK,,354.4044874392159,123324.26394471279,0.5920967555196555,16,14,1.5633509846763736,56.8356864868065,113554.06948262548,0.0,0.9598219255718683,0.68717504549060726,3.3628245585819996,-3.5723025595311948,0.040178074428131733,0.0041900350957298138,0.9598219255718683,43.16431351319288,-318.08497168155463,3.3959696908128074,357.47064363964495,113554.06948262548,0.31282495450939268,113554.06948262548,4.9873634661867365,0.0063187082329284987,0.68717504549060726,56.835686486807099,375.2010370809038,-274.05095480594309
347,OK,,341.02495830375966,114838.33826436105,0.5546416863397521,24,12,2.8342177431235727,57.66602483030946,107579.48501776617,0.0,0.99979927637456878,0.77215889370004942,4.9053897183264814,-5.3144285463237901,0.00020072362543130607,0.0040645935232662836,0.99979927637456878,42.333975169692387,-323.66222837417462,3.3069038849712715,354.80283563385251,107579.48501776617,0.22784110629995061,107579.48501776617,5.128965961909091,0.0065096453577365258,0.77215889370004942,57.666024830307506,376.36168699744047,-270.57463369234
348,OK,,341.5057239702877,138290.98159596266,0.3640983231407072,19,12,1.8528643208704503,56.62642847281923,118015.14526554386,0.0,0.81020424929782353,0.97760091198167154,3.857947697042444,-4.4372244809165755,0.18979575070217652,0.0043533832139442423,0.81020424929782353,43.373571527181184,-306.66015355459569,3.5034580453799653,362.18567289229122,118015.14526554386,0.022399088018328458,118015.14526554386,5.199679164781803,0.0067103133586177274,0.97760091198167154,56.62642847281883,388.26932873901342,-244.5969165828738
349,OK,,354.9744207893786,115951.29770728412,0.5981802979259059,19,8,2.786270233514391,49.77302528546057,115951.29770728412,0.0,0.99793843763963208,0.80522379214457007,5.7275007656138213,-5.9533314786901306,0.0020615623603678652,0.0048409820259826689,0.99793843763963208,50.226974714543587,-319.03727062781854,3.9247738104433454,357.36847095903408,115951.29770728412,0.19477620785542996,115951.29770728412,4.4500262110481978,0.005679063055356569,0.80522379214457007,49.773025285456363,380.32398042804044,-262.49632178993102
350,OK,,328.6609288020206,147804.4764131703,0.4192717972632822,18,13,3.059658828128506,53.34242617939522,116377.76250602074,0.0,0.87170462928976422,0.97646232604307837,5.8475775328830109,-6.5797073005891109,0.12829537071023586,0.004619658879315148,0.87170462928976422,46.657573820604632,-311.31686533489705,3.728471417709728,360.26524410894018,116377.76250602074,0.023537673956921593,116377.76250602074,4.8972762224126987,0.0063151132089910907,0.97646232604307837,53.342426179395297,387.70688897763796,-245.71793059406065
351,OK,,340.4717803104813,126800.61548368922,0.37566276075286786,23,10,2.372726052075743,52.47030711115891,107358.98376229857,0.0,0.78996398977918536,0.99962778476219261,5.0389100385122356,-5.5729075368226821,0.2100360102208147,0.0047696534352555317,0.78996398977918536,47.529692888841026,-311.31887378876712,3.8526584716041499,359.41664530992301,107358.98376229857,0.00037221523780740529,107358.98376229857,4.8342577760609782,0.0062180842386117697,0.99962778476219261,52.470307111158903,385.86523516491769,-249.01238481133225
352,OK,,337.72088659786283,124378.0890240397,0.34391361891433087,16,9,1.600732253752613,44.895442255605,119518.71243915401,0.0,0.61776465588370533,0.99221048459991834,4.5898516728499459,-5.2300638705306906,0.38223534411629467,0.005761961217497071,0.61776465588370533,55.104557744394981,-293.32249970281396,4.5997591948522585,367.56059222393418,119518.71243915401,0.0077895154000816227,119518.71243915401,4.1316902723549731,0.0053405376875709839,0.99221048459991834,44.895442255604948,389.40869927711645,-242.15331069024376
353,OK,,354.34065460176635,112942.70499872109,0.48309552930096045,15,12,2.838828419379009,40.88779257201236,112942.70499872109,0.0,0.77939503608684302,0.9452699266009108,7.1264712123115066,-7.4034015471630408,0.2206049639131569,0.005959199107592063,0.77939503608684302,59.112207427987322,-307.50600875947396,4.8002762835418675,361.40859720946969,112942.70499872109,0.054730073399089113,112942.70499872109,3.7359484244242802,0.0048008251283192934,0.9452699266009108,40.887792572012572,385.20867098842211,-251.03860302917866
354,OK,,333.92881057227027,106523.54993273717,0.5300515272515618,20,9,2.0656351703267952,55.019112340711104,106523.54993273717,0.0,0.99613432777321353,0.85099457106373266,4.1726943391409295,-4.7034118441772463,0.0038656722267865614,0.0043201636244262877,0.99613432777321353,44.98088765929797,-324.03903821749208,3.5159788625608877,354.54958266241255,106523.54993273717,0.14900542893626736,106523.54993273717,4.9543825922759686,0.0063125442158535033,0.85099457106373266,55.01911234070208,379.0961259371374,-264.20059191801096
355,OK,,357.8151169884324,107203.14352661822,0.5497642557260145,17,13,1.3374404931051593,55.81254286837363,106199.44253077707,0.0,0.96014641700594494,0.77514020530001193,3.14963502621911,-3.3005084954560235,0.039853582994055094,0.004275905803151429,0.96014641700594494,44.187457131625997,-322.14592913432432,3.4762648060812609,355.20639477761307,106199.44253077707,0.22485979469998807,106199.44253077707,4.9664464127463406,0.0063004377603280686,0.77514020530001193,55.81254286837396,376.01500263588059,-271.19202436132827
356,OK,,324.3743141250121,148434.34863021295,0.6986140618478359,17,10,1.7513744507346618,55.47992895520659,102335.37244825548,0.0,0.99857590443992073,0.54209141118383997,3.7120302178871918,-4.2362493422082803,0.0014240955600793566,0.0042659836518223228,0.99857590443992073,44.520071044793411,-326.54836748359889,3.4784339637648829,353.16544297108931,102335.37244825548,0.45790858881615992,102335.37244825548,4.7554917348576931,0.0059537506080419083,0.54209141118383997,55.479928955206582,366.76524619813409,-292.15365985044923
357,OK,,328.04308525285427,146925.25143823685,0.3311057165644943,23,14,3.1824673360893567,52.440254297661355,114430.95475761282,0.0,0.69471810822620839,0.99866600390601723,6.3215667578317953,-7.0983168244921746,0.30528189177379161,0.0048834234154680684,0.69471810822620839,47.559745702338603,-301.27086312040359,3.9186331183496659,363.98256521957001,114430.95475761282,0.0013339960939827741,114430.95475761282,4.8307814683597012,0.0062330200014931048,0.99866600390601723,52.440254297661347,388.12246504839447,-244.59848283585765
358,OK,,323.49825012479454,113860.47734633421,0.640579971539957,25,11,1.7595250931758382,42.66596573675901,113860.47734633421,0.0,0.99865116272883481,0.8405919787437488,4.7687630152990783,-5.4192325572066062,0.0013488372711651709,0.0055204729415930512,0.99865116272883481,57.334034263230699,-320.18510718085861,4.4795516471950476,356.7362478160162,113860.47734633421,0.15940802125625114,113860.47734633421,3.8357760905046776,0.0049004474964679219,0.8405919787437488,42.665965736769181,381.06807764849265,-260.55059306589334
359,OK,,327.57983186095873,117984.57907285738,0.4237814747300565,22,12,3.3872335252128467,43.88442047137303,102803.12573004265,0.0,0.75486415566008025,0.99957825778357889,7.7980603109398015,-8.462486420858772,0.24513584433991975,0.0056615324966307118,0.75486415566008025,56.115579528627052,-311.80933410067405,4.576240099648385,358.79255032142504,102803.12573004265,0.00042174221642109634,102803.12573004265,4.0431820007881862,0.0051895073623932199,0.99957825778357889,43.884420471373019,384.31548744099615,-252.03892608396654
360,OK,,336.30576777613686,136764.2078974984,0.38799220122518696,20,10,2.5733676349572523,48.11096079377075,113791.71919980782,0.0,0.74675304399208342,0.9989415687277351,5.850147160280069,-6.4673761101199876,0.25324695600791652,0.0052688124404035499,0.74675304399208342,51.889039206229221,-304.97544088375872,4.2374681177481284,362.46921270435462,113791.71919980782,0.0010584312722649314,113791.71919980782,4.4321541292735427,0.0057171725869141765,0.9989415687277351,48.110960793770737,387.93196545055372,-244.96925953670646
361,OK,,325.2828894244193,104939.10163802547,0.4548691126919416,23,13,1.317483460367629,41.95655098849081,103327.40573080568,0.0,0.78173020438093688,0.9973164140569114,4.2419030608676778,-4.9244660756654435,0.2182697956190631,0.0058245391219913217,0.78173020438093688,58.043449011509189,-313.16125238305887,4.7115853189872166,358.31486907085389,103327.40573080568,0.0026835859430885244,103327.40573080568,3.8642314262734061,0.0049603178813029366,0.9973164140569114,41.95655098849079,384.39028323685665,-251.9236971386236
362,OK,,344.1913076908909,125438.2390858523,0.37616123920937156,24,10,1.514634643287486,52.91112645069091,114613.35142021181,0.0,0.79741982626891661,0.99874274920016526,3.7052024986417762,-4.2211620104084355,0.20258017373108345,0.0047324448212213077,0.79741982626891661,47.088873549309184,-307.70884162489688,3.8120020162931358,361.47982871963933,114613.35142021181,0.0012572507998347957,114613.35142021181,4.8742150360786551,0.0062895976958376376,0.99874274920016526,52.911126450690823,388.18394056901582,-244.47654582305154
363,OK,,321.35670914198806,144211.67620950268,0.6413760489596414,23,10,2.5049310266038294,47.6351515367265,112268.76898428387,0.0,0.99940020082421521,0.75219634146557901,5.5350591828469069,-6.1968717126823618,0.00059979917578472362,0.0050379304775718331,0.99940020082421521,52.364848463268807,-321.08021902870968,4.0907552174375441,356.24466094802591,112268.76898428387,0.24780365853442102,112268.76898428387,4.2234558951047623,0.0053658680810120324,0.75219634146557901,47.635151536731037,377.14003979185105,-269.38260551209356
364,OK,,336.6453142888444,115235.09038353455,0.4870621968425624,20,9,2.7438297052449103,58.32094551166813,115235.09038353455,0.0,0.99782855388398251,0.87795689945598254,4.7011119198895246,-5.2645637986819347,0.0021714461160176036,0.0040160519483217758,0.99782855388398251,41.679054488342899,-319.40833870514973,3.2568970955351544,357.16034343110033,115235.09038353455,0.12204310054401744,115235.09038353455,5.2737637305038527,0.0067562072987517397,0.87795689945598254,58.320945511657094,383.03586366974446,-256.20913426413523
365,OK,,338.23685754623614,145859.66027154276,0.5270545773637018,24,8,2.670101794566359,56.767127679630704,109163.6630048393,0.0,0.99690374305781504,0.83077450119980623,4.7945905768797994,-5.2746121480038841,0.0030962569421849597,0.0041562203969622742,0.99690374305781504,43.23287232038566,-322.62249665412514,3.3788768059046848,355.35300701524267,109163.6630048393,0.16922549880019389,109163.6630048393,5.0956883476649182,0.0064929093238805611,0.83077450119980623,56.767127679614276,379.15795910858895,-264.37080544573291
366,OK,,326.06113475613245,145551.18586986492,0.46406723599131816,23,10,2.366664605811677,50.32145181760998,109410.56489664922,0.0,0.93362175416668813,0.99948828382915444,5.1197485009212267,-5.8360807320421175,0.066378245833311936,0.0048409202459804438,0.93362175416668813,49.67854818238996,-318.80634266441143,3.9267365379457959,356.77936286602682,109410.56489664922,0.00051171617084547617,109410.56489664922,4.6361783768858373,0.0059688392502077227,0.99948828382915444,50.321451817609962,386.53862807741837,-247.69604455900597
367,OK,,327.0086670997667,133089.20421731655,0.47285972433281065,24,9,2.5035608918172674,47.28639567143024,113413.30639859916,0.0,0.89695273917357654,0.99990778237595146,5.6828595473889276,-6.3959985808792084,0.10304726082642339,0.0051852598110525934,0.89695273917357654,52.713604328569772,-314.43741820249448,4.1937489592988957,358.80935579620729,113413.30639859916,9.2217624048584362e-05,113413.30639859916,4.3568330926281638,0.00561942774328523,0.99990778237595146,47.286395671430235,387.85644530779388,-245.10457376794227
368,OK,,355.51810570115225,118304.80958235546,0.5298271086847277,22,11,2.569269039364409,48.55141345370156,118304.80958235546,0.0,0.99922716950531232,0.96758311969063882,5.5232158616667419,-5.8115130251618936,0.00077283049468773409,0.0049620180749521681,0.99922716950531232,51.448586546284886,-317.88346999368935,4.0193014722878022,358.02563796228003,118304.80958235546,0.032416880309361198,118304.80958235546,4.4513747652715772,0.0057416434588009159,0.96758311969063882,48.551413453715007,387.90110228034462,-245.45820591239985
369,OK,,352.246342776429,117470.33127960553,0.49976101359829006,23,7,2.899808915299192,49.29737445223757,117470.33127960553,0.0,0.9854438039486777,0.9997664547050521,5.9670560765102918,-6.3220759398120379,0.01455619605132233,0.0049028140878053439,0.9854438039486777,50.702625547762466,-317.51207179256022,3.9708275217891384,358.07629572428192,117470.33127960553,0.00023354529494798846,117470.33127960553,4.5420211946381004,0.0058686467145456353,0.9997664547050521,49.297374452237555,389.12918784297932,-242.60155639454126
370,OK,,358.72636636930355,138247.8355890618,0.5353889122481859,19,9,1.615615891388832,57.797278522566124,104850.53003581581,0.0,0.98747281526853148,0.79471609496508933,3.3491446243773373,-3.4900715108084444,0.012527184731468485,0.0040578979089647259,0.98747281526853148,42.202721477434579,-324.48182791274866,3.3039478232790431,354.20258155442491,104850.53003581581,0.2052839050349107,104850.53003581581,5.1589271004558332,0.0065475053536295184,0.79471609496508933,57.797278522565485,376.30805076492913,-270.3480783942141
371,OK,,348.07120704753953,119050.2890538544,0.5632480415775407,21,7,1.5747672222342095,45.34865962682585,110371.55655001866,0.0,0.98113015021540917,0.94035708243225169,4.2640214205547249,-4.6009660982365439,0.01886984978459082,0.0052742386251106426,0.98113015021540917,54.651340373193321,-321.05016334053357,4.2833818524556708,356.05468969221801,110371.55655001866,0.059642917567748338,110371.55655001866,4.1404162127932249,0.0053128557949074168,0.94035708243225169,45.348659626806764,384.15860959659295,-253.1536316329246
372,OK,,358.79339365039993,146733.22463109245,0.5552242926456556,22,12,2.1773839306127796,54.90364796327401,104390.06375687431,0.0,0.99938857935550707,0.80960008202994338,4.3372290366576172,-4.4686005861486446,0.00061142064449292897,0.0043243093592390622,0.99938857935550707,45.096352036728277,-325.42409534798105,3.5229457878071977,353.80795564173934,104390.06375687431,0.19039991797005654,104390.06375687431,4.9121068610947347,0.0062380157136587098,0.80960008202994338,54.903647963271659,376.72872895468868,-269.32968882953372
373,OK,,324.53658670692255,121382.5502573985,0.5935693896153984,24,11,1.971794221229493,53.048251005519425,119888.78320883453,0.0,0.99870194234011256,0.76500382560797886,4.1942608152579233,-4.876438684994806,0.0012980576598873624,0.0045316519117921828,0.99870194234011256,46.95174899448299,-317.03528205587929,3.6683423708173981,358.49130671275572,119888.78320883453,0.23499617439202125,119888.78320883453,4.7129251827140495,0.0060114521825433021,0.76500382560797886,53.048251005516917,379.99436146823427,-263.72043606245489
374,OK,,327.3959338056632,111968.9996593546,0.35843764560022123,17,14,1.9581087477071564,49.21683414203227,110113.12096300418,0.0,0.64762448296812936,0.93995259794154207,4.8137558978433095,-5.545523754885636,0.35237551703187059,0.0052564031931359306,0.64762448296812936,50.78316585796798,-300.63225240227416,4.2177687680027125,363.88133586181874,110113.12096300418,0.06004740205845796,110113.12096300418,4.4933084424573275,0.005764861292165779,0.93995259794154207,49.216834142032049,384.0562386303385,-253.35852196650123
375,OK,,348.88211408460035,138062.65390395757,0.38288009850452837,19,7,1.5976233031744504,41.14901992027213,111924.88820807463,0.0,0.65030493165417047,0.99958863487009453,4.8928867494592412,-5.3017759118319923,0.34969506834582964,0.006092766985135915,0.65030493165417047,58.850980079727748,-299.76763711613916,4.8856241243222316,364.37681924494279,111924.88820807463,0.00041136512990537554,111924.88820807463,3.7911686595894891,0.0048864956155721239,0.99958863487009453,41.149019920272139,387.36304522461182,-246.07797446404493
376,OK,,339.78728941757004,114476.68113518914,0.5751831101437607,19,11,1.8897113159825691,46.56980336843395,101916.34204829192,0.0,0.99823727538625551,0.91019294042429821,4.6802279100734099,-5.0867957736121587,0.0017627246137444821,0.0051191962630128809,0.99823727538625551,53.430196631557237,-326.76986889093712,4.1748520328894099,353.03669438704145,101916.34204829192,0.089807059575701786,101916.34204829192,4.2322052010194504,0.0053995479484862446,0.91019294042429821,46.569803368442734,379.99568046212522,-261.63632361865194
377,OK,,347.9783641283662,133416.87030775374,0.6800733735907193,19,9,1.40638735859689,40.64145916191449,115385.4001124922,0.0,0.99349092825100371,0.77768599581473719,4.3071776823123091,-4.5901190155557066,0.0065090717489962842,0.0057252161283772758,0.99349092825100371,59.358540838085744,-319.07665216954831,4.6420242841469941,357.29607986417028,115385.40011249221,0.2223140041852627,115385.40011249221,3.6179076777256225,0.0046090430341531345,0.77768599581473719,40.64145916191427,379.08521567392074,-265.28118993688929
378,OK,,355.828471511416,121487.33024945276,0.34472585212715445,18,10,2.31763607156903,40.808759076275834,117899.18177630007,0.0,0.58103905980544368,0.99803566098328123,6.3212049784157305,-6.6695907173578792,0.41896094019455637,0.0062328406439878161,0.58103905980544368,59.19124092372418,-291.69245011979746,4.9713795922862545,368.10110233687743,117899.18177630007,0.0019643390167187347,117899.18177630007,3.7589305886949216,0.0048571823697482622,0.99803566098328123,40.808759076275827,389.18123401698483,-242.52249341506709
379,OK,,338.6588102626832,135772.8042981256,0.4469305238584689,16,9,3.395658138000936,57.05278205340318,116218.27969150175,0.0,0.99584354620762661,0.96627083733837105,5.6874857069399134,-6.2655568198513159,0.0041564537923733796,0.0041416334966707978,0.99584354620762661,42.947217946574348,-318.77500415947497,3.357190076995721,357.49085086002799,116218.27969150175,0.033729162661628884,116218.27969150175,5.2297618013394924,0.0067390026086282815,0.96627083733837105,57.052782053425759,387.19166124525282,-246.86900240125601
380,OK,,331.91522397813725,134268.77084355196,0.4248260921890785,20,11,3.226772775005494,53.2900990509602,102654.05485102464,0.0,0.90697468323979802,0.99778736381450561,6.0942139874306616,-6.7113837722797216,0.093025316760202079,0.0045640917199510165,0.90697468323979802,46.709900949039863,-321.07507813844984,3.7095446949465476,355.22191272478176,102654.05485102464,0.0022126361854943994,102654.05485102464,4.9084121634096345,0.0062988685470594507,0.99778736381450561,53.290099050960173,384.17999153872751,-252.32714215731249
381,OK,,343.3738672759108,146582.8757608696,0.3836329613025912,21,13,2.515068488576283,54.39964825663661,108344.95920699548,0.0,0.83371421495051301,0.99364638033247366,4.9997794783375324,-5.493507494585665,0.16628578504948699,0.0045361052766348837,0.83371421495051301,45.600351743363554,-313.43639731293149,3.6682866670905887,358.69558786585293,108344.95920699548,0.0063536196675263298,108344.95920699548,5.0074501070417297,0.0064412530567909496,0.99364638033247366,54.399648256636432,385.91346045971108,-248.9990869365252
382,OK,,338.17937184186763,121240.45068416136,0.5489970609277536,21,12,2.483565763439833,52.939601144262,108924.44909253785,0.0,0.99965038641969728,0.85160900305671627,4.9514072468652399,-5.4228492602425868,0.00034961358030274848,0.0045210880032025341,0.99965038641969728,47.060398855732096,-322.9118856983747,3.6762051246026712,355.22204302787912,108924.44909253785,0.1483909969432837,108924.44909253785,4.767582206913473,0.0060813785836128717,0.85160900305671627,52.939601144267982,379.91821343877831,-262.61031713426576
383,OK,,337.1766348517169,128971.59265471912,0.4427910792940808,16,8,3.286069455715121,46.9078537034188,108596.9246620133,0.0,0.83173489892091335,0.99743077147188808,7.0995978566123084,-7.6510470355842974,0.16826510107908663,0.0052841182179510209,0.83173489892091335,53.092146296581106,-313.17328228215649,4.272432555095639,358.82063928691076,108596.92466201331,0.002569228528112007,108596.92466201331,4.3203255524127879,0.0055593898615196799,0.99743077147188808,46.90785370341878,386.17375845420725,-248.43843427380884
384,OK,,343.57251214280734,148253.33560946962,0.6923537352906276,24,10,3.3702354721745094,55.97800983479628,107040.62793966697,0.0,0.99978585289423061,0.54941573271216104,5.8155834545900928,-6.0980535667951239,0.00021414710576927288,0.0042257133117955025,0.99978585289423061,44.021990165203881,-323.96046839962509,3.4387708834797199,354.63525287986857,107040.62793966697,0.45058426728783896,107040.62793966697,4.8039359185312769,0.0060291684374036338,0.54941573271216104,55.978009834796289,368.5590701522483,-288.69823971196809
385,OK,,344.03220222126964,138145.5438127221,0.33389894862012626,24,12,1.4216184003192458,51.87663568475578,102984.6483794772,0.0,0.69209065865525721,0.99837761344277287,3.7247638295169008,-4.1968290735771934,0.30790934134474285,0.0049197111025855418,0.69209065865525721,48.123364315244295,-307.73641907120111,3.9668454022608337,360.42065402483149,102984.64837947721,0.0016223865572271199,102984.64837947721,4.7786512323666033,0.0061335437226351106,0.99837761344277287,51.876635684755755,384.32186826011787,-252.0427052641671
386,OK,,323.461931652174,119811.4362088797,0.5445099012707928,18,14,1.4073128284731204,57.50644776729997,119811.4362088797,0.0,0.97404161617494844,0.77288630509442591,3.0912599380914161,-3.815222422195113,0.025958383825051525,0.0041228133874040354,0.97404161617494844,42.49355223269977,-315.62702925065599,3.3347217786476722,358.99518549353002,119811.43620887971,0.22711369490557398,119811.43620887971,5.1153595077457377,0.0065273285062062781,0.77288630509442591,57.506447767300244,380.26914403438894,-263.07520055072604
387,OK,,345.2735399950438,136758.31564315283,0.5064974530445931,18,11,3.2076329667198955,56.85409959400961,113598.58580008526,0.0,0.9995807745488795,0.86769761878659113,5.4714222731456177,-5.8868339825968983,0.00041922545112039149,0.0041530881051767147,0.9995807745488795,43.145900405989053,-320.37856101540632,3.3704593801586018,356.63878937761069,113598.58580008526,0.13230238121340893,113598.58580008526,5.1329404088513249,0.0065671510537677552,0.86769761878659113,56.854099594010961,382.09115319295597,-258.18578749728994
388,OK,,325.92687822127084,107782.54085948228,0.3558578300338596,18,13,2.7259253991742938,53.604335267578996,107782.54085948228,0.0,0.74501224008941858,0.98096338877150646,5.4707009099531296,-6.2285109057397037,0.25498775991058137,0.0047007732408632765,0.74501224008941858,46.39566473242111,-308.27053087801551,3.7899898813328918,360.6448293406275,107782.54085948228,0.019036611228493459,107782.54085948228,4.9247059306495951,0.0063280007146986443,0.98096338877150646,53.604335267578875,385.1387611284535,-250.68543394169384
389,OK,,354.72693220241024,117015.83982177237,0.6978093623256094,17,10,1.8912153897193447,55.42635558905564,102609.87243584909,0.0,0.99878681007223291,0.54423544810787017,3.9046956692942421,-4.0006718474227085,0.0012131899277671007,0.0042714372293174759,0.99878681007223291,44.573644410944404,-326.40303134059764,3.4824878864835118,353.24976874466489,102609.87243584909,0.45576455189212989,102609.87243584909,4.752566531166214,0.0059514083347952792,0.54423544810787017,55.426355589055618,366.9241904871073,-291.82428728074143
390,OK,,357.90584448288524,137935.88537832475,0.5568071693943376,21,12,3.102904072087041,41.74321873950022,113615.4157800733,0.0,0.95445357088520755,0.99814762638329146,7.2723045714479939,-7.4858831836001052,0.045546429114792418,0.0056616726402907019,0.95445357088520755,58.256781260499707,-317.73697002685668,4.5877623673455163,357.60473996313067,113615.41578007329,0.0018523736167085048,113615.41578007329,3.8450700452390092,0.0049592304233543301,0.99814762638329146,41.743218739500207,387.83849301014931,-245.16373959879456
391,OK,,347.9244448050523,146362.54796193627,0.49498486284298415,15,11,1.669109991224155,44.11782639845727,119683.67702995504,0.0,0.82947711477914798,0.9287022409197131,4.6320189849974609,-5.0360727636933476,0.17052288522085204,0.0055898961998146349,0.82947711477914798,55.882173601543045,-306.96812900562441,4.4987214370133604,362.21512794345927,119683.67702995504,0.071297759080286974,119683.67702995504,4.02082659025616,0.0051767363053204334,0.9287022409197131,44.117826398456941,386.58915466985877,-248.5696399305323
392,OK,,330.0156771583481,115959.16755483004,0.4214389785146434,19,7,3.336366923023644,43.45200213631723,106922.03081051589,0.0,0.74518130769520619,0.99987602744188753,7.7631732175699844,-8.4147797087699416,0.25481869230479381,0.0057270684534384206,0.74518130769520619,56.547997863682824,-308.77965901306999,4.6191841258572479,360.36652290812395,106922.03081051589,0.00012397255811243054,106922.03081051589,4.0035236979783786,0.0051485971064576348,0.99987602744188753,43.452002136317226,385.73074526081228,-249.27205367598492
393,OK,,334.41387196692705,123050.05488192607,0.4436845323197979,23,11,1.7317793058944404,40.60158376951651,116920.86847963152,0.0,0.74664962558410952,0.99954070773922188,5.112436244835437,-5.7358379787572673,0.25335037441589042,0.0060392174345666105,0.74664962558410952,59.39841623048337,-303.24537779254382,4.8508002812990432,363.41361344663443,116920.86847963152,0.00045929226077805261,116920.86847963152,3.7407046162817843,0.0048320601935822691,0.99954070773922188,40.601583769516509,388.94738352908382,-242.96289721837542
394,OK,,328.34390589020745,137256.24882403848,0.5582181763052154,22,8,2.269495626889693,47.8488509009274,104135.98657168954,0.0,0.99649544699868275,0.91946650912194239,5.1650055146428357,-5.7577394582404269,0.0035045530013172801,0.0050033239903279894,0.99649544699868275,52.151149099062586,-325.40274294957396,4.0761858045278165,353.78703503916449,104135.98657168954,0.080533490878057695,104135.98657168954,4.3546674465140827,0.0055647033598711648,0.91946650912194239,47.848850900937357,381.16066865608798,-259.25892953776287
395,OK,,337.68324978277934,117478.35272145396,0.6853818006159704,24,8,2.3743005012431677,55.822644082344375,108568.29274147944,0.0,0.99812566085014109,0.56211985488150396,4.5045168424495445,-4.8823707634830598,0.0018743391498588129,0.0042448569966394289,0.99812566085014109,44.177355917655611,-323.02001313058224,3.4519360056722559,355.14406797081131,108568.29274147944,0.43788014511849599,108568.29274147944,4.8005500432575445,0.0060324818465497367,0.56211985488150396,55.822644082344354,369.45349044702232,-286.82563389158929
396,OK,,325.3529696731534,119558.18436250807,0.45041435590527235,21,12,1.5111272177443393,43.28578671517061,119558.18436250807,0.0,0.79050640278031326,0.99518347993548195,4.4514767682490843,-5.2197593797059172,0.20949359721968683,0.0057195469247342829,0.79050640278031326,56.714213284829498,-304.6023244090124,4.5967051804183106,363.11160018377802,119558.18436250807,0.0048165200645179642,119558.18436250807,3.9853600695419482,0.0051524804377361183,0.99518347993548195,43.285786715170545,389.55949435081277,-241.81533350004366
397,OK,,349.2878490989567,129406.57480503952,0.45671668831289314,24,8,3.0558317367916397,54.87461929570591,114720.10036135276,0.0,0.99669579346105108,0.98732762588757672,5.5166414730596598,-5.9262819389911678,0.0033042065389488752,0.0043482722917758928,0.99669579346105108,45.125380704292894,-319.61496426728218,3.5269179322688928,357.03223374877098,114720.10036135276,0.012672374112423191,114720.10036135276,5.0463072944188267,0.0065071315939001766,0.98732762588757672,54.874619295707021,387.68564254356204,-245.61122618640496
398,OK,,333.8975564801679,128185.38191282103,0.6263198835081509,24,11,1.505836882231198,46.275298288529754,115106.8120374902,0.0,0.99656434674960992,0.80352658066671423,4.0573023894883651,-4.5719773438949201,0.0034356532503899903,0.0051778547001213194,0.99656434674960992,53.724701711458849,-319.40263785076411,4.1991243243455276,357.14917150372889,115106.81203749021,0.1964734193332858,115106.81203749021,4.1362054541728117,0.0052761483266716208,0.80352658066671423,46.27529828854113,379.99302177959333,-263.15834637063239
399,OK,,350.96149389583894,118360.12624313288,0.3157322931600903,18,14,1.7287118164765647,58.319007711347545,108397.24644762736,0.0,0.67988112528478672,0.94452735904174079,3.6319658570618585,-4.0286662066827459,0.32011887471521328,0.0042821361987789523,0.67988112528478672,41.680992288652661,-303.745338629005,3.4429340005466131,362.4902049937931,108397.24644762736,0.055472640958259274,108397.24644762736,5.328044256861741,0.006832447163650281,0.94452735904174079,58.31900771134729,383.69429717427084,-253.99961459581169
400,OK,,321.59853612892744,149378.08905502385,0.41040150769083816,22,10,1.611004323308947,40.989712288418,108846.72549506775,0.0,0.69520908975123108,0.99961789526487399,4.9088020100556875,-5.6932468867203996,0.30479091024876881,0.0060442591336096882,0.69520908975123108,59.010287711582052,-304.4779700850932,4.861681584763768,362.23712253826073,108846.72549506775,0.00038210473512595097,108846.72549506775,3.7765080468601093,0.0048608533464648777,0.99961789526487399,40.989712288417998,386.35885057109846,-248.04642416190342
401,OK,,320.13744994286577,145575.82174431262,0.366172651166618,18,8,3.2554867989827025,54.645540889378715,104105.59612278485,0.0,0.80617017492892351,0.99901450546980541,6.0602106570520773,-6.883829032842776,0.19382982507107641,0.0045295153154284928,0.80617017492892351,45.354459110621207,-314.20150416118128,3.6660286635302777,357.9875875090375,104105.59612278485,0.00098549453019461755,104105.59612278485,5.0341989717569913,0.0064652264771870235,0.99901450546980541,54.645540889378708,384.73687810063268,-251.22487104898755
402,OK,,346.3433827714087,112430.14021214373,0.6663497529944522,18,12,3.150854655421999,50.79249921859052,112430.14021214373,0.0,0.99990777613233561,0.65679947054671417,6.1587399653009838,-6.4475749243419687,9.2223867664384515e-05,0.0047339695092506844,0.99990777613233561,49.207500781409614,-321.02285186424785,3.8437520819901443,356.28250596862875,112430.14021214373,0.34320052945328577,112430.14021214373,4.4354294398244161,0.0056082174615082825,0.65679947054671417,50.792499218590471,373.79378952204922,-277.18284335282613
403,OK,,327.0407760777178,147650.06569832773,0.6269856596206045,17,9,2.455244731884825,47.498091508080684,112513.47480181654,0.0,0.99869928121743412,0.78388715498409223,5.4710965019776232,-6.0671061338640753,0.0013007187825659179,0.0050523769340356682,0.99869928121743412,52.501908491919188,-320.90818216250182,4.1019785547112875,356.33286089317806,112513.47480181654,0.21611284501590777,112513.47480181654,4.2324173669509371,0.0053869759557220471,0.78388715498409223,47.498091508080819,378.41262702418612,-266.48084094504861
404,OK,,354.87030797871193,121465.18894133724,0.3699662878920964,18,10,1.887602472200118,48.830797428788735,111604.20000444356,0.0,0.71723548638506907,0.99393290892815456,4.6868215869402476,-5.0164634653132625,0.28276451361493088,0.0052231564775477423,0.71723548638506907,51.169202571211251,-304.3176703972008,4.19986897596368,362.53865116791445,111604.20000444356,0.0060670910718453978,111604.20000444356,4.4950374806278663,0.0057907546300277777,0.99393290892815456,48.830797428788678,386.99469793405802,-246.87743810492407
405,OK,,357.9530640892359,138822.45266312716,0.6253251149518025,23,10,2.54850770054109,47.727301450179084,108073.70964508793,0.0,0.99935033321774713,0.78432108104872,5.6049310629924536,-5.7324808717958353,0.00064966678225291047,0.0050203606139812632,0.99935033321774713,52.272698549807501,-323.36311238656009,4.0835930061849632,354.96556980492079,108073.70964508793,0.21567891895128002,108073.70964508793,4.2531320934018675,0.005402787579882576,0.78432108104872,47.727301450192634,376.98673102379018,-269.20357955189729
406,OK,,333.71686919511484,116800.66880278607,0.4058650076297731,23,12,3.0753428303357246,56.94157906417692,116800.66880278607,0.0,0.94068032034862537,0.99855480714246214,5.346079425375339,-6.0265501948159228,0.05931967965137451,0.0042022780328255082,0.94068032034862537,43.058420935823065,-315.22729423208989,3.3991993675886256,358.84676646075314,116800.66880278607,0.001445192857537895,116800.66880278607,5.2453534266744146,0.0067749010856267096,0.99855480714246214,56.941579064176928,388.86361548386833,-243.14132061016471
407,OK,,336.17342241150556,136477.22913407307,0.4925641616464382,22,11,2.1376430495323113,51.69969846736862,114858.79888143796,0.0,0.99759596774587234,0.97926041840500977,4.5668373422953019,-5.1503983402454798,0.002404032254127724,0.004653576366938827,0.99759596774587234,48.300301532611506,-319.59379832661665,3.7744541295365508,357.05426046093783,114858.79888143796,0.020739581594990321,114858.79888143796,4.7484893160526154,0.0061202867655883644,0.97926041840500977,51.699698467388458,387.3570536040142,-246.36648878320909
408,OK,,359.5749161535757,108790.1974432572,0.39058829235004094,19,14,1.8978058835131693,50.87865153549587,108790.1974432572,0.0,0.76020054692960315,0.9662578858803087,4.4922704879789235,-4.7211065807703525,0.23979945307039691,0.0049632759450194434,0.76020054692960315,49.121348464504308,-308.64579550661892,4.0021819376414305,360.58965083067619,108790.1974432572,0.033742114119691323,108790.1974432572,4.6637988787991684,0.0059898820773258222,0.9662578858803087,50.878651535495607,384.80044890615062,-251.54645046087194
409,OK,,326.8514822229266,111415.31476467717,0.4772611565634548,23,10,2.828655328355937,49.23321734361511,111415.31476467717,0.0,0.93982919602879411,0.99971541312586465,5.9370564798266567,-6.6448884153858385,0.060170803971205826,0.0049445974832498032,0.93982919602879411,50.766782656385075,-318.06906608598246,4.0083335218462617,357.2583427030508,111415.31476467717,0.00028458687413527537,111415.31476467717,4.5360748215496045,0.0058453314509314567,0.99971541312586465,49.233217343615117,387.20404727911057,-246.38829973735119
410,OK,,352.43747468674974,102776.28468258724,0.66233196570853,22,10,1.8376724097821673,54.71818066584823,102588.26435672065,0.0,0.99836082864150277,0.61574742357730994,3.8936720337504576,-4.0433185247196812,0.0016391713584971847,0.0043396525841834857,0.99836082864150277,45.28181933415182,-326.39114705793298,3.5380873456303017,353.25161374954217,102588.26435672065,0.38425257642269012,102588.26435672065,4.7467297616809345,0.0059636704038738171,0.61574742357730994,54.718180665848152,369.18726243745749,-286.48271448341086
411,OK,,338.5826733857276,111853.78664711816,0.3152976468149602,19,9,1.2851845948951854,59.30671611737007,110482.47853984067,0.0,0.74968352903023094,0.98275608431070305,2.937138058287891,-3.5487380362006533,0.250316470969769,0.0041237326495451336,0.74968352903023094,40.693283882629714,-307.01963941959997,3.3215049197430342,361.37820373735207,110482.47853984067,0.017243915689296972,110482.47853984067,5.4500829982731407,0.0070124854921897713,0.98275608431070305,59.306716117370264,386.11137149225613,-248.75993758250297
412,OK,,354.0772577456489,135167.53734946746,0.37019712063137716,20,11,2.4748582012026095,59.60182286375152,111137.26637451953,0.0,0.90336224536977328,0.99118275194885086,4.3187985328768095,-4.6767056118968302,0.096637754630226724,0.0039647223851323084,0.90336224536977328,40.398177136248641,-316.06434657677266,3.2103356036436854,357.97589576046107,111137.26637451953,0.0088172480511491888,111137.26637451953,5.4842470733286204,0.0070623676964843927,0.99118275194885086,59.601822863751288,386.71509400526918,-247.46296082466137
413,OK,,331.49828289194795,134473.74736671662,0.5773691955454877,19,8,3.109550348156588,45.0766923865415,113303.1109777932,0.0,0.99848000879037102,0.9357296480178855,6.8051216362016049,-7.390685079096861,0.0015199912096290581,0.00528734624994554,0.99848000879037102,54.923307613452117,-320.47251024473002,4.2913315976111228,356.57380227992718,113303.1109777932,0.064270351982114463,113303.1109777932,4.1126593039342447,0.0052826261778487569,0.9357296480178855,45.076692386547947,384.90148048536594,-251.77004491087439
414,OK,,349.33882823619774,143714.52319118514,0.3403362825109471,18,14,3.17931792518994,57.767691535658265,106536.75069690506,0.0,0.76316369936465667,0.96878075888447746,5.5736229555053827,-5.9811881681405596,0.23683630063534339,0.0042604174635621495,0.76316369936465667,42.232308464342118,-310.13018804946944,3.4391392904542228,359.80206200155197,106536.75069690506,0.031219241115522552,106536.75069690506,5.297327959855239,0.0067976160380938538,0.96878075888447746,57.767691535657832,384.16442570382509,-252.75159974777273
415,OK,,326.0353356800262,125238.62768087297,0.6948269582760892,16,9,2.2664805122203253,50.101011367588235,102917.8864699234,0.0,0.99896759830306825,0.60808729285574914,4.937634985358037,-5.4489809714181625,0.0010324016969316511,0.0047822160013786877,0.99896759830306825,49.898988632411786,-326.23713100203349,3.8984244072294545,353.34532074446611,102917.8864699234,0.39191270714425086,102917.8864699234,4.340813306301964,0.005452542231743622,0.60808729285574914,50.101011367588207,369.04934847212155,-286.85942320535145
416,OK,,344.2220229963484,113356.29077707016,0.4337423994604419,20,12,2.351002403111624,56.93843078408194,113356.29077707016,0.0,0.98202159691261071,0.98091185576950224,4.3658589063655473,-4.8557726203070013,0.017978403087389228,0.0041600673679912823,0.98202159691261071,43.061569215919114,-319.48812269344126,3.374477485627589,356.93710015234797,113356.29077707016,0.019088144230497751,113356.29077707016,5.2309728340876207,0.0067384065810520023,0.98091185576950224,56.938430784080872,386.95494816995364,-247.1327070535753
417,OK,,323.5698790924561,141660.60530963662,0.34547413827448886,16,12,1.8113105583524187,43.3550149386199,111711.16566332243,0.0,0.58771499787326331,0.97102280891039716,5.1366473627535401,-5.9394086654669547,0.41228500212673663,0.0059409859657457093,0.58771499787326331,56.644985061380162,-295.67015764014343,4.7522192785382611,366.01711626664809,111711.16566332243,0.028977191089602776,111711.16566332243,3.97704131214378,0.0051161346535146734,0.97102280891039716,43.355014938619846,385.97232744218394,-249.19222665462112
418,OK,,324.0244010714213,116598.45945973997,0.6935448367025171,18,11,2.4692301205392138,56.56671669242655,116598.45945973997,0.0,0.99967781508672415,0.54151141470145958,4.535054581972676,-5.1347097029003423,0.0003221849132758608,0.0041857271721609766,0.99967781508672415,43.433283307573589,-318.79887639140321,3.3928499581649367,357.52107797691144,116598.45945973997,0.45848858529854042,116598.45945973997,4.8481861347307564,0.0061076709827340659,0.54151141470145958,56.566716692426532,371.33724281967164,-283.62436976620018
419,OK,,340.961403877433,117268.35268150269,0.38561617144489047,15,8,1.6311090610681735,53.01086569693111,117268.35268150269,0.0,0.79541282186134521,0.9776299214118982,3.8652565072074903,-4.4338921635991335,0.20458717813865482,0.0047295380915653414,0.79541282186134521,46.9891343030692,-306.13877024791259,3.8052506015082939,362.32054218263596,117268.35268150269,0.022370078588101885,117268.35268150269,4.8677044050689799,0.0062798772044931469,0.9776299214118982,53.010865696930807,388.03867067973226,-245.05003538874288
420,OK,,320.51186040951575,141975.32390405872,0.6647544666305306,24,10,1.4403453569250022,56.41794910496987,114964.08233435373,0.0,0.99561287840725832,0.59082887820665364,3.2061714221674582,-3.8641747586778714,0.0043871215927417601,0.0042009394566395013,0.99561287840725832,43.582050895030235,-319.42282223032043,3.4069560669775107,357.12712021262314,114964.08233435373,0.40917112179334625,114964.08233435373,4.8744630976129804,0.0061505275738816898,0.59082887820665364,56.417949104969829,372.39719251284055,-280.84560834915794
421,OK,,344.3793058535812,128806.22547308497,0.37798336519020065,18,8,1.5551334673938424,56.328564791193806,104736.25106235137,0.0,0.84869027873837133,0.98695486026533463,3.477577403693449,-3.9403499037141381,0.15130972126162875,0.004323844182819548,0.84869027873837133,43.671435208807004,-316.40871762568923,3.5039426416386461,357.20322587160427,104736.25106235137,0.013045139734665324,104736.25106235137,5.179718589327015,0.0066488735153385032,0.98695486026533463,56.32856479119301,384.39000990108246,-252.06456430688303
422,OK,,327.11106014373166,109709.30813332536,0.6229786158975732,20,11,1.741044308833229,52.65108941623067,109709.30813332536,0.0,0.99835592276034013,0.71459666953122747,3.9195738860864711,-4.4957378740645586,0.0016440772396598979,0.0045515493855538547,0.99835592276034013,47.348910583769445,-322.40738700168993,3.6996024313263232,355.49004381775711,109709.30813332536,0.28540333046877248,109709.30813332536,4.6404140062773997,0.0058774323763334003,0.71459666953122747,52.651089416230519,374.94251802306854,-274.12876761601922
423,OK,,341.5621215551687,121928.82626814542,0.6277067943725743,16,12,3.487712385398061,59.38435751156339,110739.2433893477,0.0,0.9998924097693902,0.62684774705447366,5.5002149559354336,-5.8651604429715372,0.00010759023060980541,0.0039046888138360557,0.9998924097693902,40.615642488436684,-321.93499186657618,3.1726238615969664,355.77206729086606,110739.2433893477,0.3731522529455264,110739.2433893477,5.1607605539151926,0.006511042888019034,0.62684774705447366,59.384357511563302,372.24517688099155,-280.56945647372675
424,OK,,358.132536274249,125210.55204279852,0.6699644964965122,24,10,3.313295276119984,41.782308633834205,113056.5955367004,0.0,0.99976346102253533,0.78956335051453141,7.5696670549072804,-7.6986512246812175,0.00023653897746464861,0.0056023953369035403,0.99976346102253533,58.217691366165411,-320.6786627684628,4.5476841498722269,356.47322614426599,113056.59553670041,0.21043664948546859,113056.59553670041,3.7264271194364715,0.0047455525060447748,0.78956335051453141,41.782308633834582,378.80362350958319,-265.64789281063139
425,OK,,334.98963789523157,145296.1601597167,0.6020111295705384,15,10,1.5203092743862072,41.81313722411149,102738.96673391487,0.0,0.96986709392705883,0.9098946000708894,4.470392628349825,-4.932057396997573,0.030132906072941099,0.0056106145491860585,0.96986709392705883,58.186862775889907,-324.67491883960383,4.5696762863333458,353.89574229842907,102738.96673391487,0.090105399929110583,102738.96673391487,3.799750384674367,0.0048496081116679796,0.9098946000708894,41.813137224110086,380.26785968593367,-261.11572989942692
426,OK,,353.8326584611774,140439.12100989127,0.3620941888895537,22,12,1.2842380842284151,50.035664163118355,102119.21395626228,0.0,0.71921560167586152,0.99451812957245145,3.635413535826943,-3.9351009024491179,0.28078439832413848,0.0050770958568730077,0.71921560167586152,49.964335836881801,-309.98376479219417,4.0995881268424057,359.44760665807507,102119.21395626228,0.0054818704275485354,102119.21395626228,4.6063602002639508,0.0059084962010769017,0.99451812957245145,50.035664163118227,383.84171279462549,-253.03011541533238
427,OK,,331.0587597463105,112044.36873715516,0.3346142716732929,19,9,1.2183350318915758,49.031552514160225,112044.36873715516,0.0,0.65302765002438934,0.99637740044619372,3.6173183815545067,-4.3299344415989918,0.34697234997561061,0.0052739644756890445,0.65302765002438934,50.96844748583986,-299.87989004954346,4.2292944376758577,364.34149592694848,112044.36873715516,0.0036225995538062849,112044.36873715516,4.5151988426331497,0.005818799270578494,0.99637740044619372,49.031552514160175,387.25121217124922,-246.34102918208248
428,OK,,354.56682431321906,129423.71128125377,0.5170682460732321,22,10,1.3636627427875334,55.95671225398144,112369.01875847443,0.0,0.97038860743052291,0.83973826224632242,3.1588191659337577,-3.4156951150169115,0.029611392569477139,0.0042637110846814536,0.97038860743052291,44.043287746014769,-319.3411196179535,3.4585954868878241,356.88851869560625,112369.01875847443,0.1602617377536775,112369.01875847443,5.0299770841433462,0.0064215935352677014,0.83973826224632242,55.95671225398528,380.55746637535367,-261.54809406567699
429,OK,,352.7841511593695,111746.40417625075,0.3134578528413885,18,13,1.3435959611583497,43.80650672834919,111746.40417625075,0.0,0.54169751227471097,0.97932020057025415,4.2696080433183763,-4.6490780276683967,0.45830248772528914,0.0059505938207938249,0.54169751227471097,56.193493271650901,-292.45430853680114,4.7506125928177276,367.33674185217677,111746.40417625075,0.020679799429745894,111746.40417625075,4.0235559287736198,0.0051788017135495183,0.97932020057025415,43.806506728349078,386.36380924872026,-248.31267643039936
430,OK,,354.37845136740157,111171.84364531658,0.5541116467602045,24,8,2.7912087602450226,54.21601835952094,105696.26949937733,0.0,0.99762432016033287,0.82042297807390285,5.2527784678064995,-5.4602067640793486,0.002375679839667127,0.0043943546124581333,0.99762432016033287,45.783981640492499,-324.58733494475416,3.5777966937586747,354.25847676686072,105696.26949937733,0.17957702192609717,105696.26949937733,4.8588166179083014,0.0061777612141912268,0.82042297807390285,54.216018359507473,377.59498017892628,-267.51735819970003
431,OK,,350.12893288472407,138671.9094054436,0.5191664367965151,19,9,1.613954781046564,46.14898075841632,111221.0161188407,0.0,0.95507330197927331,0.98949114564021434,4.2869296110423045,-4.6264066290040544,0.044926698020726699,0.0052276606458498695,0.95507330197927331,53.851019241585583,-319.06928904641688,4.240337408025777,356.86944913997337,111221.01611884069,0.010508854359785706,111221.01611884069,4.2452921169036388,0.0054665027909760943,0.98949114564021434,46.148980758414453,386.66365171281967,-247.58677114606621
432,OK,,344.7622152169475,113591.65147381365,0.6086996387458504,19,8,2.7650107442073715,45.491641439793,113591.65147381365,0.0,0.99818398896310345,0.85798285375800831,6.1870720418748633,-6.5545236355872714,0.0018160110368965541,0.0052483474696185814,0.99818398896310345,54.50835856018729,-320.30130064397582,4.2591366435315479,356.66605906611073,113591.65147381365,0.14201714624199166,113591.65147381365,4.100908329884831,0.0052437829517537563,0.85798285375800831,45.491641439812653,381.6891992610233,-259.10176758547442
433,OK,,320.1116962406535,131651.50770057374,0.670026941152598,21,9,1.9315654544809346,40.58500916099949,114992.73656515052,0.0,0.99801277213442963,0.81013249569276691,5.2479822051773546,-5.9293347314632419,0.0019872278655704303,0.0057242422561091981,0.99801277213442963,59.414990839003217,-319.54713909101423,4.6426703932849005,357.08502119933542,114992.73656515052,0.18986750430723304,114992.73656515052,3.6313532874649543,0.0046336255584923797,0.81013249569276691,40.585009160996997,380.2153317990074,-262.63434316841102
434,OK,,358.33738166554184,114556.34722494666,0.3718476813433284,17,10,3.0997597211916226,44.03248285597367,114556.34722494666,0.0,0.66184948724334725,0.99675931037677457,7.3240660245389915,-7.6073246568418167,0.33815051275665275,0.0057866755603493674,0.66184948724334725,55.967517144026246,-299.04158317531108,4.6371851966034487,364.88037764273599,114556.34722494666,0.0032406896232254011,114556.34722494666,4.0550823065311841,0.0052317942587959479,0.99675931037677457,44.032482855973647,388.07297226870918,-244.72169713445709
435,OK,,341.6643065802467,120377.82586452877,0.5965427922924869,17,11,1.6770803102812555,47.886610687500884,116433.74913137041,0.0,0.99575520890360802,0.83790666626287336,4.2027976404228546,-4.6325268999073321,0.0042447910963918653,0.0050261056161173684,0.99575520890360802,52.113389312495684,-318.65675981038288,4.0737755561346543,357.55572434517438,116433.74913137041,0.16209333373712664,116433.74913137041,4.303321327371159,0.0055030705326538955,0.83790666626287336,47.886610687504323,381.77010419948704,-259.23257186498591
436,OK,,339.91201468685153,145944.09125947463,0.4913086849835556,15,12,1.9050976907435853,46.04159752777961,107617.80426592869,0.0,0.8277042528093348,0.90292975184870938,4.8962043264846669,-5.3584412540999011,0.17229574719066515,0.0053726414520795674,0.8277042528093348,53.958402472220726,-313.48429350364358,4.3451925483610117,358.60672223969402,107617.80426592869,0.097070248151290658,107617.80426592869,4.1795119028685956,0.0053441385052174972,0.90292975184870938,46.04159752777921,381.62365355563429,-258.59405271143015
437,OK,,337.00516424252737,137730.29920198876,0.4045661999547397,16,11,2.464553392451318,57.6122945023831,104458.84067144485,0.0,0.90040804801060126,0.96024479065626123,4.5347059657122939,-5.0909942716676602,0.099591951989398672,0.0041507745548027847,0.90040804801060126,42.387705497617361,-319.64563644599389,3.3701945594314973,355.9498733325529,104458.84067144485,0.039755209343738773,104458.84067144485,5.2761800191061985,0.006760303837860606,0.96024479065626123,57.612294502382653,383.07423637140852,-254.98885727936647
438,OK,,324.58129659122034,141883.31846952823,0.48820646001541224,24,13,2.3703330710429884,45.141994667685566,112907.17753055523,0.0,0.88922956194267677,0.99912972496841623,5.6986228338441025,-6.4325690476351696,0.11077043805732324,0.0054038796461066477,0.88922956194267677,54.858005332314349,-314.25028986408785,4.3702943471774836,358.83023272368024,112907.17753055523,0.00087027503158372684,112907.17753055523,4.1587614678237941,0.0053624780116423264,0.99912972496841623,45.141994667685566,387.65781724821881,-245.50538269612815
439,OK,,356.1559482802879,127951.45804769857,0.5861615632147306,21,8,2.7725817977778027,52.698967047271495,112699.55660616225,0.0,0.99779007885866466,0.78330400838309955,5.3824312066146272,-5.5777379997077157,0.0022099211413352388,0.0045531124773393128,0.99779007885866466,47.301032952701547,-320.7556868983371,3.6962369390683465,356.40775345019387,112699.55660616225,0.21669599161690045,112699.55660616225,4.6954212688344468,0.0059765810528401887,0.78330400838309955,52.698967047298503,378.4498039093117,-266.41809102919876
440,OK,,320.0428826640366,129113.91923626489,0.3573202380293654,21,12,2.633351829556257,42.75987527230282,107139.9048684342,0.0,0.62359745242273035,0.99912937429895643,6.6939421893179327,-7.521795895712879,0.37640254757726954,0.005946874323882384,0.62359745242273035,57.240124727697101,-300.77484844048956,4.7733389573979856,363.57868241875667,107139.9048684342,0.00087062570104361788,107139.9048684342,3.9393055948479718,0.005066272879837604,0.99912937429895643,42.759875272302814,385.76864313545258,-249.20804589326571
441,OK,,343.242099743617,122095.88237505927,0.6755863747626091,22,8,2.845139172749932,53.55014865286063,109251.83378245003,0.0,0.9987355254582404,0.60471592859924228,5.3946788314964156,-5.7043613225745995,0.0012644745417595294,0.0044639121937284417,0.9987355254582404,46.449851347139294,-322.67962779205567,3.62910720336895,355.34181958110111,109251.83378245003,0.39528407140075766,109251.83378245003,4.6371184877928977,0.0058404154528392408,0.60471592859924228,53.550148652860642,371.03773627613231,-283.18571754958487
442,OK,,329.4617349014445,109479.3975477338,0.5137348225127412,22,7,2.3761581982697577,44.473629764463475,107342.1728193956,0.0,0.9251297862853074,0.99990144222320387,5.7536330873637338,-6.3783085518001323,0.074870213714692685,0.0054157545153249564,0.9251297862853074,55.526370235536426,-319.46105721481132,4.3955792863490615,356.3212198568437,107342.17281939559,9.8557776796135755e-05,107342.17281939559,4.0976689412400003,0.0052706972739538149,0.99990144222320387,44.473629764463475,385.87246329896908,-248.99454334410206
443,OK,,346.1154332597744,129130.83188734297,0.44074299629905794,18,12,2.944890817819334,59.432809041551884,105006.37124152336,0.0,0.99901088477953093,0.94031521722244082,4.8430543300945015,-5.2500087800513695,0.00098911522046910656,0.0038913492812055923,0.99901088477953093,40.567190958428029,-325.05454877935222,3.1693407550989741,354.01156558841302,105006.37124152336,0.059684782777559175,105006.37124152336,5.4262901144551821,0.0069457729600920235,0.94031521722244082,59.432809041571922,382.37019460351496,-256.62901336221205
444,OK,,326.5744255050803,137763.01560430095,0.546952827937722,18,9,2.1457639326701416,53.854155239651476,111456.58117614285,0.0,0.99682169289171696,0.83852492604972273,4.3819350382519371,-5.031105282251354,0.0031783071082830718,0.0044405635662589727,0.99682169289171696,46.145844760337482,-321.36905501298736,3.6065940617542629,356.05383338911594,111456.58117614285,0.16147507395027724,111456.58117614285,4.8400606315634382,0.0061762140310231443,0.83852492604972273,53.854155239662497,380.21486618022641,-262.22587413925692
445,OK,,332.8261985797641,117185.76902626338,0.5513196351521263,15,12,2.7967686236626124,54.73259677435419,109220.60565498768,0.0,0.99876217648178478,0.81874433280054948,5.1912590780059826,-5.7353842308500118,0.0012378235182151449,0.0043501954356420453,0.99876217648178478,45.267403225638425,-322.69827943791734,3.5367061106840172,355.33166959714492,109220.60565498768,0.18125566719945049,109220.60565498768,4.9038234411931363,0.0062443838065050598,0.81874433280054948,54.732596774361561,378.6996367716738,-265.42410906487623
446,OK,,355.78233406428035,117579.04984938589,0.39933806718625936,17,10,1.8080313506255794,46.734317374730736,112489.89041889634,0.0,0.74023329464568388,0.9891990510244445,4.7265490291680248,-5.0302594799276337,0.25976670535431612,0.0054130517000412839,0.74023329464568388,53.265682625269456,-305.28803321371117,4.3547615076390418,362.23363218669499,112489.89041889634,0.010800948975555509,112489.89041889634,4.29894635837955,0.0055386269009887884,0.9891990510244445,46.734317374730658,387.06027603324117,-246.81318772765519
447,OK,,359.9384566705939,139259.26325250827,0.5712858291039848,18,11,2.3898337470757336,57.261130035260294,117606.65221105087,0.0,0.99914394996191314,0.74806121450910312,4.3589635767395132,-4.5227360961653051,0.00085605003808697543,0.004120930441538515,0.99914394996191314,42.738869964739941,-318.24133912832883,3.3389249578622211,357.82552150242185,117606.65221105087,0.25193878549089693,117606.65221105087,5.0735988323726211,0.0064594212278913671,0.74806121450910312,57.261130035260166,378.6621801067314,-266.53039397375608
448,OK,,355.15195551720075,141322.4234548863,0.5211314655146031,19,8,2.5002354031331206,50.473874246395276,118991.08701077223,0.0,0.99540681486609794,0.9442384103771394,5.2167272713574393,-5.5139787353911052,0.0045931851339021295,0.0047817890351109114,0.99540681486609794,49.526125753608561,-317.30502945735651,3.87176761675352,358.30401094859025,118991.08701077223,0.055761589622860604,118991.08701077223,4.6111056429592434,0.0059406740311226539,0.9442384103771394,50.473874246391574,387.06264611789061,-247.42601231021672
449,OK,,324.78374066710666,117061.56644808411,0.3775086611292597,20,9,2.7338250249545535,57.57139112316933,115768.14241615238,0.0,0.88741442151806016,0.99827854236723157,4.8781320796047147,-5.6970814527671028,0.11258557848193976,0.0041859980543901875,0.88741442151806016,42.428608876830644,-312.59353902254571,3.3811796170812509,359.72743724048632,115768.14241615238,0.0017214576327684479,115768.14241615238,5.3031474618078267,0.0068463426752948843,0.99827854236723157,57.571391123169313,388.52694724449344,-243.80799107967846
450,OK,,340.38591104103836,125812.88269901817,0.6630166289914072,23,10,2.4891883964166244,47.034385692532425,109601.76715137479,0.0,0.9994437247893101,0.7158353010645736,5.5802077631554194,-5.9483396562243982,0.00055627521068984226,0.0050900651515734131,0.9994437247893101,52.96561430746771,-322.52883840507985,4.1376548621355989,355.43437599424169,109601.76715137479,0.28416469893542645,109601.76715137479,4.1462018960599343,0.0052515587300586584,0.7158353010645736,47.034385692532176,374.95200943884606,-274.09218760548652
451,OK,,331.1039274814239,146197.75550347395,0.6496535017976175,16,13,2.8486610525490095,47.21510779514243,111380.28812623084,0.0,0.99975309751621055,0.74174599476073133,6.1286627176072948,-6.6459131505157005,0.00024690248378950137,0.0050761055481723175,0.99975309751621055,52.784892204853051,-321.57966717161344,4.1233078589566672,355.96933930944471,111380.28812623084,0.25825400523926867,111380.28812623084,4.1792928098653759,0.0053047646960062769,0.74174599476073133,47.215107795146785,376.46881655993792,-270.81878039611451
452,OK,,340.8798416509303,117806.41798230355,0.43945975552856265,15,13,2.9080167159819874,56.969968054392496,104354.46136598973,0.0,0.85983228946453605,0.87805215788952007,5.2314602958428855,-5.6917624920528178,0.14016771053546392,0.0042496588858003748,0.85983228946453605,43.030031945607114,-317.29761084681036,3.4457552408853638,356.82599059065768,104354.46136598973,0.12194784211047992,104354.46136598973,5.1516755778846557,0.0065676280626954997,0.87805215788952007,56.969968054392943,379.47582738581673,-263.08730165773721
453,OK,,347.2034928053986,130434.38530450947,0.6909872595442114,18,8,3.266202107613859,54.31130278520403,112632.07528794918,0.0,0.99909517498477451,0.5682046312067659,5.8777330404234451,-6.136566559292147,0.00090482501522550656,0.0043965694289766653,0.99909517498477451,45.688697214795909,-320.86743442463052,3.5694080697546688,356.36013674945343,112632.07528794918,0.4317953687932341,112632.07528794918,4.6752154317603027,0.0058870354439945491,0.5682046312067659,54.311302785204028,370.94378463534872,-283.93688456843643
454,OK,,349.72459634310667,139217.11251634342,0.3324873386754284,20,13,1.4602567667021134,52.16811754023351,102251.80579868857,0.0,0.67861804874256459,0.98487284643912865,3.7695627011886623,-4.1469069725227037,0.32138195125743535,0.0049020751826993805,0.67861804874256459,47.831882459766589,-307.3132800387703,3.9518573511932407,360.52348608071708,102251.80579868857,0.015127153560871451,102251.80579868857,4.795619290827613,0.0061478109056695637,0.98487284643912865,52.168117540233368,383.43965475239776,-253.94300255300655
455,OK,,359.3404675222551,123637.6345940042,0.3551982228268591,24,14,1.3047265873892313,42.350367337299446,105383.02691742263,0.0,0.61481400619367366,0.99820495843325008,4.2847148229009546,-4.5086531346149741,0.38518599380632634,0.0059957679477572476,0.61481400619367366,57.649632662700462,-301.23529297547145,4.8145909703517731,363.2463152133675,105383.02691742263,0.0017950415667499268,105383.02691742263,3.9010300456161158,0.0050126679628603281,0.99820495843325008,42.350367337299438,385.1338757658304,-250.46097026707355
456,OK,,356.3981723886097,119732.74948704222,0.3986739977512716,16,8,1.9141092897580596,42.6246116006673,110856.7801940083,0.0,0.69198051925343484,0.99613489221360596,5.3242717662964552,-5.6054639761001228,0.30801948074656521,0.0058858209804733995,0.69198051925343484,57.37538839933282,-303.11288631858343,4.7295853994660062,362.95190354400307,110856.7801940083,0.0038651077863940571,110856.7801940083,3.9250539295221976,0.0050554996772324791,0.99613489221360596,42.624611600667279,386.85485510621209,-247.12175262185221
457,OK,,336.93310524784494,141430.94163058006,0.48366267482092373,16,9,1.4843872252573214,58.20043594698798,114285.93213966319,0.0,0.96364888779493951,0.86106351369157663,3.1526617743708427,-3.7033266275568595,0.036351112205060467,0.0040554717614719729,0.96364888779493951,41.799564053013427,-317.91734574804894,3.2863537108394256,357.60655850072504,114285.93213966319,0.13893648630842334,114285.93213966319,5.2490754853589303,0.0067151686571558416,0.86106351369157663,58.200435946986566,382.03616765287603,-258.38656186466858
458,OK,,355.26466394830857,108927.3843134839,0.5559991015689543,17,8,1.8696975725961158,57.625484176070046,108927.3843134839,0.0,0.99115092266771898,0.76398689061154978,3.6794762350471033,-3.8808577620503493,0.0088490773322811161,0.0040782833222240489,0.99115092266771898,42.374515823930167,-322.42073784605014,3.315211025855537,355.40077734527534,108927.3843134839,0.23601310938845016,108927.3843134839,5.1187548303368517,0.0064977861667809339,0.76398689061154978,57.625484176069804,376.49833088863926,-270.43389958004627
459,OK,,334.14357600098043,110568.4477097543,0.3834848425472971,24,13,3.4505650845581934,45.87144192087915,106622.55552868107,0.0,0.70828205531721355,0.99977768549090151,7.6689903886037794,-8.2795733687684123,0.29171794468278639,0.0055237910148000511,0.70828205531721355,54.12855807912117,-306.61325791204217,4.4495649353926048,361.19421096374094,106622.55552868107,0.00022231450909857882,106622.55552868107,4.2263795988448791,0.0054344077633044245,0.99977768549090151,45.871441920879136,385.62569784450625,-249.47877186954008
460,OK,,330.1609431117411,138083.6925774714,0.5926017804265428,20,13,2.126133596323167,46.59016043698538,104408.19443114813,0.0,0.99966833351806106,0.87404952723503382,5.0535889395839453,-5.596210177167694,0.00033166648193883172,0.005121228916403168,0.99966833351806106,53.409839563008489,-325.42981451076787,4.172189312943634,353.80792468141993,104408.19443114813,0.12595047276496607,104408.19443114813,4.2104354663250625,0.0053665652707743693,0.87404952723503382,46.59016043699166,379.32778766171384,-263.42851974595851
461,OK,,324.4778624583316,115634.4216523087,0.6284690681816819,22,7,3.310796562938777,49.362309370767754,115634.4216523087,0.0,0.99796831601209812,0.75057698614360502,6.5751689559908897,-7.2171156608931302,0.0020316839879019073,0.0048799151941015398,0.99796831601209812,50.637690629236189,-319.20580721413336,3.9568462409671867,357.27486121485691,115634.42165230869,0.24942301385639501,115634.42165230869,4.3754689643261564,0.0055666497405303644,0.75057698614360502,49.362309370763711,378.14362139097818,-267.48682314134925
462,OK,,328.75546421586705,139572.5790650151,0.3471465037174468,22,10,3.2978056418626682,44.74919493202013,106154.83480053516,0.0,0.62823361699493907,0.99990531087738821,7.642095723905804,-8.3457638678753945,0.37176638300506099,0.0057321719701239069,0.62823361699493907,55.250805067979677,-301.66907676451262,4.6038537017787551,363.13481755468882,106154.83480053516,9.4689122611784144e-05,106154.83480053516,4.1230611304634159,0.0053004554597028183,0.99990531087738821,44.749194932020131,385.47438560515599,-249.77280148311368
463,OK,,334.1998060127522,125486.4252915948,0.664970893087475,22,8,2.825354465432608,48.09124388031911,101396.24659240292,0.0,0.99885471346678834,0.69541682837611074,6.0199012313844511,-6.4322159143825921,0.0011452865332116668,0.0049716392219737804,0.99885471346678834,51.908756119681989,-327.10477911094341,4.0555223389964929,352.85481536860397,101396.24659240292,0.30458317162388926,101396.24659240292,4.2255932530763314,0.0053266326470076441,0.69541682837611074,48.091243880318132,371.47800065777994,-280.9687722460842
464,OK,,345.17282415513597,108351.97834292776,0.629351875204711,22,7,1.2703036295043462,57.91969248133165,108351.97834292776,0.0,0.97759307538085172,0.62365528291867511,2.8998396478316129,-3.1986539147004698,0.022406924619148297,0.004060666053484911,0.97759307538085172,42.080307518668477,-321.95508265543663,3.3001957834008335,355.50855544986666,108351.97834292776,0.37634471708132494,108351.97834292776,5.030881144676405,0.0063395372021410714,0.62365528291867511,57.91969248133158,371.36736527819676,-282.27156624666236
465,OK,,329.23213923181436,118949.05977517107,0.5409097045809051,25,14,3.3989120508334985,47.69596603566018,118949.05977517107,0.0,0.99996620327237296,0.96249778864700719,6.9171333987669987,-7.5886330251448406,3.3796727626991536e-05,0.0050450136715145498,0.99996620327237296,52.304033964324901,-317.59324638408293,4.0855891272518488,358.19547630679347,118949.05977517107,0.037502211352992816,118949.05977517107,4.3695420074303835,0.0056358278253113431,0.96249778864700719,47.695966035674836,387.86913758750535,-245.59096905302835
466,OK,,337.97588845749567,118542.5160750247,0.5567899839047261,22,8,2.2075624579654214,55.400195391291206,115987.24078479371,0.0,0.99513079005781224,0.79609531132527489,4.311032020210555,-4.8077742159099328,0.0048692099421877534,0.0043012551642209601,0.99513079005781224,44.599804608713754,-318.85493298772019,3.4868188974343379,357.43823324052909,115987.24078479371,0.20390468867472522,115987.24078479371,4.9460376205318379,0.0063089853044985345,0.79609531132527489,55.400195391286168,379.98029935125925,-263.29104938900878
467,OK,,326.98442490194134,119118.96943482533,0.38096844357690207,19,10,2.782562203298964,41.128696722179846,119118.96943482533,0.0,0.64648259808748154,0.99908649520058534,7.1075947466486538,-7.8823240580670104,0.35351740191251846,0.006117975126584776,0.64648259808748154,58.871303277820118,-295.48574062379578,4.890467636658804,366.66123330067126,119118.96943482533,0.00091350479941469187,119118.96943482533,3.789006547242054,0.0048989537654007837,0.99908649520058534,41.128696722179853,389.60724974309954,-241.66798008749547
468,OK,,355.58055661409037,110815.59902641058,0.48747795349810663,16,8,1.7044153756048508,56.72934095019836,110815.59902641058,0.0,0.97411935474762779,0.8837108140829194,3.5505709380663069,-3.8063941973816258,0.025880645252372273,0.0041829154659636155,0.97411935474762779,43.270659049804316,-320.40102335860973,3.3956587898785426,356.33868561806491,110815.59902641058,0.11628918591708051,110815.59902641058,5.1344188713457575,0.0065671126269137396,0.8837108140829194,56.729340950195699,381.86234170242813,-258.40209841592343
469,OK,,332.43180203253695,148537.65500121145,0.5052116991759705,23,9,2.8537346585697323,51.073397344979796,111890.94123199538,0.0,0.99850999855073475,0.96735153606135504,5.688382390491233,-6.3017414359387045,0.0014900014492654069,0.0047073039896790543,0.99850999855073475,48.926602655018861,-321.23215929763148,3.8227695066863481,356.14958149811224,111890.94123199538,0.032648463938645005,111890.94123199538,4.6824337565591811,0.0060226402286993504,0.96735153606135504,51.073397344981075,385.86326713724122,-249.45580867955442
470,OK,,348.5179244340386,103087.57800998846,0.5229046608896277,17,9,1.4174280510117572,42.108124345194945,103087.57800998846,0.0,0.89264366352865776,0.98542680004262051,4.3305882798591577,-4.6418299339432867,0.10735633647134211,0.0056749008360184152,0.89264366352865776,57.891875654805396,-319.98062269398594,4.6092170224295534,355.67923294964214,103087.57800998846,0.014573199957379409,103087.57800998846,3.8711690488316535,0.0049648390379009831,0.98542680004262051,42.108124345194653,383.75437130439349,-253.32324788668916
471,OK,,350.6958445577611,115008.33122284604,0.31360303351458524,24,12,1.4780085366831035,51.54765999440274,115008.33122284604,0.0,0.6457316870484201,0.99858204818203355,3.8396831667379856,-4.2820944774125849,0.35426831295158001,0.00502750851719378,0.6457316870484201,48.452340005597236,-297.71568793327754,4.0254696534490852,365.44745239648375,115008.33122284604,0.0014179518179664279,115008.33122284604,4.7484952291643721,0.0061283705028592613,0.99858204818203355,51.547659994402736,388.30149443013795,-244.24750363799063
472,OK,,332.3838680305344,125604.12825506994,0.5372101595393096,22,8,2.3551220740079755,59.37100699448187,112767.1675061653,0.0,0.99559168524870989,0.77647122712869843,4.1134542610729961,-4.6829385020899048,0.0044083147512900588,0.0039128116676931087,0.99559168524870989,40.628993005516996,-320.59208865822183,3.1761176388691097,356.47420116938889,112767.16750616529,0.22352877287130157,112767.16750616529,5.2842026959616444,0.0067237248398908205,0.77647122712869843,59.371006994483039,378.21106555585976,-266.97577929223678
473,OK,,351.14278315247066,115091.48577671475,0.652360176212569,25,14,2.5635653465049266,46.37566140917122,109763.56943257495,0.0,0.99994707853560605,0.74955576791717371,5.7689737198259845,-5.9902240062310561,5.2921464393957016e-05,0.0051531651278449832,0.99994707853560605,53.624338590829446,-322.469404714912,4.1887355618712405,355.47340463602933,109763.56943257495,0.25044423208282629,109763.56943257495,4.1100685657226119,0.0052153082076334314,0.74955576791717371,46.37566140917054,376.23390769308918,-271.15099489626886
474,OK,,347.28752411762974,140290.565434642,0.47026413779536136,18,13,1.4440904963277177,42.37941116109327,101563.33003612139,0.0,0.7874591317728552,0.96100571303530968,4.4407847434735377,-4.776153108931176,0.2125408682271448,0.0057706470732790949,0.7874591317728552,57.620588838906897,-314.56187916894623,4.6726300763547668,357.59694172000025,101563.33003612139,0.038994286964690247,101563.33003612139,3.8815926983893272,0.0049668885598299168,0.96100571303530968,42.379411161093152,382.10975932254365,-256.84979642197652
475,OK,,337.89990003674785,128758.11974741422,0.6431187740206037,25,10,2.3400380905102365,52.070588014083526,106724.80221556746,0.0,0.9992446424437692,0.68468438929068753,4.8404737731730689,-5.2366500069274498,0.00075535755623083723,0.0046007038124747483,0.9992446424437692,47.929411985915529,-324.10518398008571,3.7443623768072447,354.54781971074061,106724.80221556746,0.31531561070931241,106724.80221556746,4.567404286743785,0.0057684982220271895,0.68468438929068753,52.070588014084414,372.9053281506911,-278.43833090529733
476,OK,,321.25162841213336,116211.75731641895,0.5837742058468818,23,13,3.241448343141464,43.564949100978254,103961.8106533077,0.0,0.99995255920483817,0.95535293740694949,7.2460272060589563,-7.9278709661267524,4.7440795161914855e-05,0.0054099342268461329,0.99995255920483817,56.435050899002469,-325.69890739417957,4.408283219936429,353.6596940273667,103961.81065330769,0.044647062593050561,103961.81065330769,3.9867236362645877,0.0051053836262418342,0.95535293740694949,43.564949100997502,382.6841869551161,-255.81318032208196
477,OK,,336.55405202537975,131538.82615215133,0.6443722705045687,17,7,2.360930162375551,58.19657465881001,112787.02821209934,0.0,0.99567957580962951,0.6079767516712854,4.2395666944813293,-4.676242403168926,0.0043204241903704961,0.0040258738677535341,0.99567957580962951,41.803425341190156,-320.58652877362584,3.2678757935049876,356.47830478464482,112787.02821209934,0.3920232483287146,112787.02821209934,5.042132641921353,0.0063613061960959795,0.6079767516712854,58.196574658809944,372.27385997072059,-280.80903306149344
478,OK,,352.00585220822364,135902.04815428396,0.6125690522153162,18,7,2.9417480421674767,44.62509640904087,106791.66096826422,0.0,0.99734796353485178,0.86489983486203148,6.6023888411584997,-6.8283546120320127,0.0026520364651483222,0.0053176846525109277,0.99734796353485178,55.374903590948243,-323.95917116920918,4.3274955019097057,354.60823344045184,106791.66096826422,0.13510016513796855,106791.66096826422,4.0271220038790085,0.0051358286836473126,0.86489983486203148,44.625096409051729,379.75422910056704,-262.7372319027395
479,OK,,357.2135605494436,139398.07724404326,0.32969357894372875,20,13,2.5906550419042746,51.94746907876915,107762.1420339352,0.0,0.67977828541430096,0.99414233608841518,5.5115226526300747,-5.804766512610068,0.32022171458569909,0.0049354727440162694,0.67977828541430096,48.052530921230968,-304.10897530863338,3.9693052533627036,362.29046113863581,107762.1420339352,0.0058576639115848241,107762.1420339352,4.782090080889672,0.0061499230882084924,0.99414233608841518,51.947469078769117,385.7429766561782,-249.32578802975152
480,OK,,359.17239805104833,113897.19768699848,0.47761373307884336,19,11,2.5724198655660135,44.66737131607924,112850.17011860138,0.0,0.85969388822586756,0.99569594979111797,6.125346944451227,-6.3472117906706682,0.14030611177413249,0.0054845663291583626,0.85969388822586756,55.332628683920767,-312.50100122266554,4.4310289539503263,359.48464403906951,112850.17011860138,0.0043040502088820274,112850.17011860138,4.1128848448230784,0.0053019993363614135,0.99569594979111797,44.667371316079212,387.47876374631835,-245.90362668692762
481,OK,,339.8019090166027,108321.56469108786,0.6729217549540367,20,13,3.4813653904901942,58.535215417162135,103890.81541154067,0.0,0.99997126096041111,0.55875138774873812,5.6252212158569295,-5.9555273562844624,2.8739039588952163e-05,0.0039747281446225044,0.99997126096041111,41.46478458283778,-325.74026101405218,3.2389073338684797,353.63662414976602,103890.81541154067,0.44124861225126183,103890.81541154067,5.0310559102494388,0.0063079606277956632,0.55875138774873812,58.535215417162128,367.80581910165824,-289.95383631465722
482,OK,,352.9242692132673,119168.16350310056,0.5435058687387376,21,8,3.2611966716904712,53.58960392547346,118559.6549435616,0.0,0.99812153904396506,0.85020656380474258,5.9489628513301831,-6.2515200611662003,0.0018784609560349797,0.0044776097349748575,0.99812153904396506,46.410396074512235,-317.68686907165716,3.6264242722659596,358.12245878820835,118559.6549435616,0.14979343619525745,118559.6549435616,4.8250653293948345,0.0061802485005601603,0.85020656380474258,53.5896039254878,382.9268981479081,-256.81569433206147
483,OK,,338.792426034131,136154.00639835626,0.48532704643398494,24,13,2.433605276593054,47.99489055403203,106238.4327545877,0.0,0.93215622113879237,0.99883699406971405,5.4757769636038089,-5.977250189308414,0.067843778861207529,0.0050623934790707372,0.93215622113879237,52.005109445967975,-320.49469056179851,4.1117037277080337,355.8208764367543,106238.4327545877,0.0011630059302860114,106238.4327545877,4.4213909226678902,0.0056838008515996312,0.99883699406971405,47.994890554032025,385.45242738392545,-249.83016130930349
484,OK,,355.21099050031637,120054.28981887322,0.4361068659902697,23,12,1.372492728144362,55.25189310898253,105691.47074344035,0.0,0.92157476819024586,0.95707006166640085,3.2631471271748054,-3.5329499417825638,0.078425231809754123,0.0043646977066559211,0.92157476819024586,44.748106891019859,-320.18514114673246,3.544581609389545,355.87810965185884,105691.47074344035,0.042929938333599121,105691.47074344035,5.0575521700674093,0.0064826021515460132,0.95707006166640085,55.251893108980163,383.34977230798353,-254.49697690328526
485,OK,,342.4144437189969,149473.6442106215,0.5420848182027052,21,13,2.9723863320788224,43.54494426468243,102234.99220650223,0.0,0.95748789930749634,0.99647607543039551,6.8553957229782849,-7.2518836786355401,0.042512100692503642,0.0054567186847110831,0.95748789930749634,56.45505573531743,-324.25328304276411,4.4434724195964304,353.99444417362679,102234.99220650223,0.003523924569604459,102234.99220650223,4.0100104313881371,0.0051445060014791034,0.99647607543039551,43.544944264682478,383.9734065716126,-252.74724464310117
486,OK,,330.69349829384515,134920.39940151293,0.5223161287859156,24,8,1.2115431662984504,41.544304565535924,110136.81257650099,0.0,0.89331272443937648,0.99970161178132089,3.9866007105530876,-4.5979421084543368,0.10668727556062341,0.0057466927119309156,0.89331272443937648,58.45569543446409,-316.01857319363916,4.6535584612558551,357.89321840560427,110136.81257650099,0.00029838821867917109,110136.81257650099,3.8276531198573696,0.0049295945246890377,0.99970161178132089,41.544304565535896,386.78691905561936,-247.20657632753506
487,OK,,339.6604581375343,111576.70686333883,0.3590570162164327,22,9,2.3881461424530053,44.28231977357308,110572.89078643352,0.0,0.64433282726608565,0.99988773865805247,6.0505651350771288,-6.6087942723602753,0.35566717273391424,0.0057722598609071252,0.64433282726608565,55.717680226426957,-300.14810881963592,4.6301747528768979,364.11372995309176,110572.89078643352,0.00011226134194742878,110572.89078643352,4.0800336918139735,0.0052557308868559499,0.99988773865805247,44.282319773573072,386.93813547941068,-246.90757468275993
488,OK,,350.7962622863182,119659.31823745772,0.5080566199167805,25,10,1.5814669243252468,51.77670797071327,119659.31823745772,0.0,0.98516100843006171,0.93630427434383812,3.7533137607081062,-4.1247460859984582,0.014838991569938287,0.0046673934139713266,0.98516100843006171,48.223292029294115,-316.35962955703343,3.776847289005846,358.71349865286629,119659.31823745772,0.06369572565616187,119659.31823745772,4.7243655205582975,0.0060853240786008182,0.93630427434383812,51.776707970705822,386.91617034921575,-247.82324333474622
489,OK,,346.65843082543995,119672.1028371921,0.5027404389371714,16,7,1.5527813864145783,59.62350221299042,119672.1028371921,0.0,0.96455794372980441,0.80999820888079843,3.1210694439429965,-3.535729710721542,0.035442056270195636,0.0039251003438704633,0.96455794372980441,40.376497787010059,-315.13938704714218,3.1739549513753058,359.15969664910233,119672.1028371921,0.19000179111920149,119672.1028371921,5.3347146472855247,0.0068207139800762311,0.80999820888079843,59.623502212990012,381.659834919189,-259.8491146368284
490,OK,,325.39883466512833,107642.33503204044,0.6282612449553924,18,7,3.3272574221366,42.969314860423985,105276.09213873389,0.0,0.99827667033008149,0.86283881772602788,7.4686870885440069,-8.0607963799724214,0.0017233296699184773,0.0054720726395657846,0.99827667033008149,57.030685139577905,-324.86071049642885,4.4561503234544855,354.1122152774891,105276.09213873389,0.13716118227397217,105276.09213873389,3.8764563869576225,0.0049396527379952006,0.86283881772602788,42.96931486042201,379.15978006950837,-263.91005094667793
491,OK,,329.3666041783692,122292.13506357145,0.5242603172607383,20,9,1.7142105401907508,57.025980830184494,102750.2341405256,0.0,0.99193627607744128,0.82817405259779164,3.5390832367527127,-4.1148313128815275,0.0080637239225585921,0.0041243954320280048,0.99193627607744128,42.9740191698153,-325.93209463389536,3.3616403525688963,353.4372034637351,102750.2341405256,0.17182594740220827,102750.2341405256,5.1168441950824741,0.006499767154294297,0.82817405259779164,57.025980830184707,376.89873820499827,-268.73787173895749
492,OK,,337.53427171888,115026.70788485136,0.6710248840365565,18,9,2.056007354360921,41.62209130494675,115026.70788485136,0.0,0.99823623058401179,0.78791202936313143,5.3749195474753009,-5.8123579806825374,0.001763769415988265,0.0056241358687145922,0.99823623058401179,58.377908695052554,-319.54215568764494,4.5614501137453818,357.09033901580386,115026.70788485136,0.21208797063686849,115026.70788485136,3.711173793436783,0.0047297552712692757,0.78791202936313143,41.622091304947418,379.36369142656804,-264.59643783104013
493,OK,,343.99623590103255,115210.76679568976,0.6672037995509297,21,10,3.4493724317598025,53.199209861817224,109280.27601329061,0.0,0.99977402215905398,0.62536725996141751,6.2880717799423618,-6.5926515394465941,0.00022597784094605737,0.0044966982108859766,0.99977402215905398,46.800790138182691,-322.72382134437078,3.6558441755427289,355.32886967674284,109280.27601329061,0.37463274003858249,109280.27601329061,4.622139410182954,0.0058273429313712719,0.62536725996141751,53.199209861817188,371.7258116507989,-281.5706408682824
494,OK,,349.67562351012265,110148.34677756317,0.3405687773974947,16,12,3.4859038535590754,46.89945118852708,110148.34677756317,0.0,0.62625419624341649,0.98289028542123635,7.6535965218929078,-8.0642836222594649,0.37374580375658362,0.0055209298878182017,0.62625419624341649,53.100548811472855,-299.18800102114994,4.4261547828033789,364.4663108920567,110148.34677756317,0.017109714578763754,110148.34677756317,4.3099863564610184,0.0055447640281664377,0.98289028542123635,46.899451188527053,386.00836423147075,-248.95965569760199
495,OK,,323.37702967118975,129756.01758841687,0.6590508840659475,21,13,2.234135617680935,53.67594447669671,107837.2586642284,0.0,0.9998427277747195,0.63506336848731504,4.5270570935315071,-5.1191243091897087,0.00015727222528047098,0.0044481338684391079,0.9998427277747195,46.324055523303322,-323.52205575807204,3.618559403730639,354.88199620638602,107837.2586642284,0.36493663151268491,107837.2586642284,4.6708599422763015,0.0058877423119629542,0.63506336848731504,53.675944476696657,371.57844980726776,-281.69812556578364
496,OK,,348.0082310374575,118782.49912469124,0.42291976927458913,24,13,3.228993343991333,42.17706599636578,118782.49912469124,0.0,0.73120985004162453,0.9997326028867084,7.7157764855414444,-8.1567053252642854,0.26879014995837547,0.005902556921815739,0.73120985004162453,57.822934003634167,-301.24319896186876,4.7346603286799711,364.35268376991291,118782.49912469124,0.00026739711329155604,118782.49912469124,3.8859704506691028,0.0050238091950580372,0.9997326028867084,42.177065996365791,389.53393296350481,-241.80385554871407
497,OK,,341.09025365259396,142311.9656702211,0.4346206520441974,19,14,1.627382777166461,47.35539379670373,118648.16115915703,0.0,0.78799894994599606,0.95822712816214672,4.3268273924348479,-4.8650581064989273,0.21200105005400388,0.0053099916965666533,0.78799894994599606,52.644606203296554,-304.93121634665067,4.2687137850684289,362.90638127126374,118648.16115915703,0.041772871837853318,118648.16115915703,4.3355046457559183,0.0055896936177755015,0.95822712816214672,47.355393796703417,387.58346188543993,-246.21085923831572
498,OK,,330.6482530874543,109076.28130442604,0.3581670321775653,16,14,3.407062585183936,45.802067871309376,101930.71775578508,0.0,0.61153269015704959,0.94164246056184442,7.7185609035975311,-8.3548593262699562,0.38846730984295041,0.0056319297301838742,0.61153269015704959,54.197932128690745,-303.11313541375796,4.5288177804512237,362.19158217209821,101930.71775578508,0.058357539438155616,101930.71775578508,4.1826390083616261,0.005346583365782448,0.94164246056184442,45.802067871309262,381.37198096868883,-258.54383733523713
499,OK,,336.779786124975,145038.9256688372,0.4291160417654427,22,9,2.0203583053549883,44.845372431131736,107682.19962402151,0.0,0.77781429225194676,0.99974252483545645,5.2456946809539353,-5.8006479042265822,0.22218570774805335,0.005549714211503633,0.77781429225194676,55.154627568868349,-310.38054124359519,4.4801192724018932,359.81129478504675,107682.19962402151,0.00025747516454355745,107682.19962402151,4.131820249571434,0.0053153996130143209,0.99974252483545645,44.845372431131736,385.97841678143385,-248.78941400871156
500,OK,,346.53445643325557,117934.90483324105,0.6120784495840572,19,10,1.4121217613873815,51.47296232885195,104645.09501231121,0.0,0.99258409448215956,0.74664991825470328,3.5478872909361971,-3.8296250678470081,0.0074159055178403674,0.0046605230184437905,0.99258409448215956,48.527037671148591,-324.89080746255354,3.7955839782072736,354.0305851134201,104645.09501231121,0.25335008174529666,104645.09501231121,4.559721675777606,0.005771624873761992,0.74664991825470328,51.472962328851466,374.42923056446261,-274.62668298101653
501,OK,,343.8374645504391,112298.5314326095,0.5668860552430937,23,9,2.6917403570642646,49.17107846958989,112298.5314326095,0.0,0.99866240941425788,0.87944799127181861,5.6598982515317857,-6.0598697715660386,0.0013375905857421723,0.004890989059580326,0.99866240941425788,50.828921530389131,-321.02154134851685,3.9712942297797751,356.26907554007238,112298.5314326095,0.12055200872818136,112298.5314326095,4.4474009428589927,0.0056907154643154323,0.87944799127181861,49.171078469610755,382.16335889194153,-257.87951199578993
502,OK,,340.0960730570734,140047.45450439336,0.3263998069639789,24,10,2.4978799383608887,52.1147466983226,119389.81782965237,0.0,0.68146917865525169,0.99985308459331113,5.3208666856777782,-5.944557805118837,0.31853082134474831,0.0049405356114222438,0.68146917865525169,47.885253301677452,-297.668201243358,3.9543518265467106,365.81208421607704,119389.81782965237,0.00014691540668882087,119389.81782965237,4.8016635466169983,0.0062092901831236414,0.99985308459331113,52.114746698322598,389.72645616386336,-241.42229407892748
503,OK,,337.8620103845483,137364.8538074967,0.4644061465815241,23,7,3.165407271923117,42.77985475804904,109535.29713552841,0.0,0.81160333971114518,0.99998705743551719,7.4580800480269032,-7.9882433505874326,0.18839666028885471,0.0057213899409783381,0.81160333971114518,57.220145241951066,-311.41188286352195,4.6207786520642182,359.58622818904701,109535.29713552841,1.2942564482771553e-05,109535.29713552841,3.9416608867778864,0.005075136631111643,0.99998705743551719,42.779854758049034,386.60304606711742,-247.56307569973035
504,OK,,349.42690794647007,129281.8311438105,0.39665309771810286,25,13,2.6358104629261057,53.24313600078425,104325.41016848123,0.0,0.84760985785564302,0.99936647376164922,5.3000384305010808,-5.674302170324335,0.15239014214435695,0.0046295509841621646,0.84760985785564302,46.756863999215945,-316.58204120790913,3.7522081330555905,357.0955468082883,104325.41016848123,0.00063352623835077979,104325.41016848123,4.9052658295521194,0.0063004364811727401,0.99936647376164922,53.243136000784254,384.82852835386183,-251.04129844728379
505,OK,,346.0319832534828,113833.80348950642,0.563789025320274,20,9,2.3088616958365584,56.8985924518865,113833.80348950642,0.0,0.99750671313218786,0.7647576402060009,4.2997373877061005,-4.6604606427258952,0.0024932868678121979,0.0041510340735907434,0.99750671313218786,43.101407548112242,-320.13293998753335,3.3682376060732424,356.75237117092439,113833.80348950642,0.23524235979399918,113833.80348950642,5.0548016434600509,0.0064307746051811884,0.7647576402060009,56.898592451887787,378.10741158607482,-267.34656129908154
506,OK,,357.48931212604316,106113.06359371197,0.6348983552707548,25,13,2.422009530116852,59.78838429329282,102962.77580132263,0.0,0.99986270762227902,0.61056414479304344,4.1676008065026879,-4.2546715900409584,0.00013729237772099835,0.0038531405673129762,0.99986270762227902,40.211615706707043,-326.26247886216544,3.1410807294971388,353.34123957023149,102962.77580132263,0.38943585520695656,102962.77580132263,5.1822163783971265,0.0065103311772393042,0.61056414479304344,59.788384293292793,369.1452143313262,-286.64171903979798
507,OK,,350.24813599755254,107701.50938743145,0.5819163218320407,21,13,3.065107145310477,47.058810724741214,107701.50938743145,0.0,0.9999263930415877,0.88834524997663378,6.5033415244170349,-6.7791571932748607,7.3606958412296465e-05,0.0050831436848968415,0.9999263930415877,52.941189275252761,-323.60196059113912,4.1353883654540748,354.83810798500582,107701.50938743145,0.11165475002336614,107701.50938743145,4.2622244684813113,0.005445379843367992,0.88834524997663378,47.058810724747175,381.03333937050388,-259.93970498322346
508,OK,,327.9686734706421,122882.67665507086,0.6012573136943198,24,8,2.55621047663122,47.5553845837159,103843.61748491788,0.0,0.99799962811840903,0.83627459318572706,5.6485089825130048,-6.2091955708778537,0.0020003718815909985,0.005029235911854355,0.99799962811840903,52.444615416271397,-325.65454891221162,4.0980169200568373,353.66241942954656,103843.61748491788,0.16372540681427289,103843.61748491788,4.2724670975740047,0.0054324225825793685,0.83627459318572706,47.555384583728625,377.59643522802952,-267.28733340724028
509,OK,,335.9284867622294,120875.20819392412,0.5999027062015605,22,10,3.1873996433740315,58.670905746247186,117383.17648629658,0.0,0.99955775160161486,0.68162321930170289,5.2069845071274976,-5.7037208041024927,0.00044224839838498875,0.0039842928080040122,0.99955775160161486,41.329094253753169,-318.38188106048074,3.2285479718591801,357.75197468295841,117383.17648629658,0.31837678069829711,117383.17648629658,5.1438360981628435,0.0065258106571775901,0.68162321930170289,58.67090574624681,376.19921341797516,-272.23648731389198
510,OK,,351.1887837964827,115791.07207304299,0.6143822235284262,22,8,2.777865163035062,54.934749939218285,101371.72176652281,0.0,0.99828534284395298,0.70054940153968859,5.1620724053854801,-5.3526145430974053,0.0017146571560469259,0.0043166676110173389,0.99828534284395298,45.065250060781906,-327.08658360913955,3.5212134573048157,352.85859309193052,101371.72176652281,0.29945059846031147,101371.72176652281,4.8308607874230178,0.0060911139411289547,0.70054940153968859,54.934749939218001,371.64999304988879,-280.56782687640026
511,OK,,342.2737570947112,107321.14793236513,0.5601304215605512,16,10,2.9832287820085384,47.771814271523155,107321.14793236513,0.0,0.99889011860916543,0.91955876958806082,6.2890671290418814,-6.6969188138205169,0.0011098813908345727,0.0050149840932589979,0.99889011860916543,52.228185728458719,-323.75327779830343,4.0804527677364506,354.74137769629073,107321.14793236513,0.080441230411939194,107321.14793236513,4.3477182552878446,0.0055640398074995037,0.91955876958806082,47.771814271541238,382.24025932956738,-257.16827390768674
512,OK,,333.8723662057751,111092.1655014286,0.43859828206718854,16,11,2.0679605743369205,47.30190178976591,111092.1655014286,0.0,0.8057319904251351,0.97041800453632876,5.0602582004258396,-5.6689090255884587,0.19426800957486484,0.0052792020892924903,0.8057319904251351,52.698098210234157,-310.17505804386838,4.2599433973477394,360.20813981899073,111092.16550142859,0.029581995463671278,111092.16550142859,4.3386957749261654,0.0055796115515088177,0.97041800453632876,47.301901789765722,385.74401664598491,-249.64696107846521
513,OK,,327.6616236790022,104624.85283849743,0.44959120176159384,21,12,3.1981128228656104,55.77284560349245,104624.85283849743,0.0,0.99951501498257767,0.9864913601100127,5.6193207971365711,-6.301556779951766,0.00048498501742220089,0.0042412762786444526,0.99951501498257767,44.227154396507409,-325.29859236813161,3.4549652713191175,353.88001904784403,104624.85283849743,0.013508639889987392,104624.85283849743,5.1282545832091539,0.0065822731956982896,0.9864913601100127,55.772845603492442,384.33059323354053,-252.18665216021753
514,OK,,350.62694820957427,114946.47742629208,0.3529384248049623,17,10,2.914925708813704,51.815514881443185,114946.47742629208,0.0,0.72642244962705294,0.9943732921052052,5.9665533661678589,-6.3917116969130925,0.27357755037294706,0.0049158904654666939,0.72642244962705294,48.184485118556815,-303.03532391092045,3.948680014251754,363.32897864427355,114946.47742629208,0.0056267078947947477,114946.47742629208,4.770110727749735,0.0061544085258670471,0.9943732921052052,51.815514881443157,388.08507031924097,-244.73034543689641
515,OK,,355.05858049135867,140575.12605195565,0.3498467741598493,23,10,1.329075713101985,40.312716609635906,101788.5955077084,0.0,0.58598265330014676,0.99977762037947904,4.5062650410688363,-4.7781311895280876,0.41401734669985335,0.0062350525532934653,0.58598265330014676,59.687283390364058,-301.48572932662523,5.0089026007017257,362.84430540253669,101788.59550770841,0.0002223796205208875,101788.59550770841,3.714224672901989,0.0047650504636186971,0.99977762037947904,40.312716609635906,383.97289375377551,-252.70366202880666
516,OK,,324.6589678184155,112864.61421194128,0.4898963256915887,17,7,2.42582570905436,54.81534041249001,107188.87791659182,0.0,0.99164141232751213,0.9236955770266766,4.6871469928395477,-5.3885455076246158,0.0083585876724878525,0.0043451064097346772,0.99164141232751213,45.184659587511334,-323.4103634655271,3.5347544618043112,354.85148274197064,107188.87791659182,0.076304422973323363,107188.87791659182,4.9919310478974523,0.0063896998078560802,0.9236955770266766,54.81534041248868,382.37587470703579,-256.84795320166546
517,OK,,328.8574594094601,125701.62542943837,0.6633149716934679,18,10,1.5362639485842606,42.84386938736602,104174.5718645697,0.0,0.99696972905512993,0.78179923400229001,4.3906707150455562,-4.9007292984629363,0.0030302709448700661,0.0054830351969579489,0.99696972905512993,57.156130612634492,-325.40796438201653,4.4669999146498025,353.78949253020687,104174.57186456971,0.21820076599771002,104174.57186456971,3.8164383704696117,0.0048387727848667956,0.78179923400229001,42.84386938736553,375.58477087389929,-271.91442561314238
518,OK,,322.49010355033363,118454.46244345176,0.4944000480773264,18,14,3.090714339811839,58.291666936941276,107523.59752113695,0.0,0.99980918529949669,0.86722578518574645,5.1563230585540545,-5.8783446492428464,0.00019081470050341494,0.0040044210963445966,0.99980918529949669,41.708333063046638,-323.69376014726333,3.2580262703887484,354.78525034397018,107523.59752113695,0.1327742148142535,107523.59752113695,5.2623420525751561,0.0067142645264261563,0.86722578518574645,58.291666936953362,380.09420496670458,-262.04948319456219
519,OK,,328.4501294482242,144526.83165685667,0.5746040384579663,20,13,3.010897135746407,47.088270996449495,109863.39933666827,0.0,0.99990147133321139,0.90329039338228856,6.4066292792916384,-7.0153007122957209,9.852866678849439e-05,0.0050849457852512022,0.99990147133321139,52.911729003536607,-322.41226857440961,4.1331056351794722,355.5048947322403,109863.39933666827,0.096709606617711538,109863.39933666827,4.2747638388411158,0.0054716152524870625,0.90329039338228856,47.088270996463393,382.38038733745856,-257.12367765331487
520,OK,,357.58192975912937,128543.266099414,0.38837272629829855,24,10,1.8236330047828209,42.26450288995272,106004.87307571467,0.0,0.67259514034409418,0.99988979290081392,5.2169263699761688,-5.4583026106450099,0.32740485965590588,0.0059343661216446526,0.67259514034409418,57.735497110047312,-304.67541669214637,4.7749688928202989,361.91192226111281,106004.87307571467,0.0001102070991860187,106004.87307571467,3.8941196072828523,0.0050057838061615513,0.99988979290081392,42.264502889952716,385.42310690705705,-249.87321713588281
521,OK,,329.8964520479492,127636.25982925939,0.33792635815329486,18,10,2.8621962548884774,50.98454328172586,105364.31312518702,0.0,0.68688050620739982,0.99755074607602479,6.0481277792734103,-6.7433027842405329,0.31311949379260023,0.0050216546045672421,0.68688050620739982,49.015456718274173,-305.97997115043245,4.043963337853639,361.33441286148479,105364.31312518702,0.0024492539239752784,105364.31312518702,4.6958842145454147,0.0060337140718146496,0.99755074607602479,50.984543281725841,385.09689116702259,-250.54203467919592
522,OK,,332.90242629134497,139328.97733822215,0.4910220417498471,19,9,3.208908311775361,43.14323652731776,117067.93879570001,0.0,0.86304513259892557,0.9992524620970995,7.3969869593016924,-8.0268607909470653,0.13695486740107443,0.0056413675336373934,0.86304513259892557,56.856763472682026,-310.42112940597264,4.5504088096188138,360.66759088401085,117067.93879570001,0.0007475379029005609,117067.93879570001,3.9746977043223692,0.0051345518937364262,0.9992524620970995,43.143236527317754,388.97975218710712,-242.90303796636505
523,OK,,332.9403061754486,134711.23754779823,0.49852513606502025,22,12,1.9911631953281157,51.3895212278001,103002.85150865409,0.0,0.99819088751694696,0.97411969159276002,4.4052705435381849,-4.970579766048024,0.0018091124830530323,0.0046596688386754577,0.99819088751694696,48.610478772179562,-326.14432922994865,3.7982874640843405,353.38876016280557,103002.85150865409,0.025880308407239962,103002.85150865409,4.7162947670878363,0.0060441075386754931,0.97411969159276002,51.389521227820467,383.20503419090591,-254.54525763512683
524,OK,,339.1580198778983,131612.81132028453,0.6329692062441559,24,13,2.07905959568581,45.55751837565172,106331.68370885692,0.0,0.99976143772208825,0.80535755153787547,5.0689974977947143,-5.4631236504281881,0.00023856227791172838,0.0052244409657052808,0.99976143772208825,54.442481624352865,-324.35406813753747,4.2527845901072885,354.41389454457283,106331.68370885692,0.19464244846212445,106331.68370885692,4.073218456031487,0.0051760956550555336,0.80535755153787547,45.557518375647106,377.21822221018783,-268.45549731994464
525,OK,,337.56383844389626,129050.04811448684,0.30363327337977997,18,13,1.669531082894952,45.165892741869875,106903.43182652956,0.0,0.54057048259017049,0.98402273327854495,4.7571916097239146,-5.353167243877289,0.45942951740982951,0.0057957953372030436,0.54057048259017049,54.834107258130288,-295.24497463044463,4.6365565828964366,365.82114241362791,106903.43182652956,0.015977266721454962,106903.43182652956,4.1513924734979639,0.0053332274229714966,0.98402273327854495,45.165892741869833,384.98631440142981,-250.94138030119444
526,OK,,348.17257660849714,108271.91360922891,0.3532534346125508,19,10,1.855877617807124,56.07754996042652,107639.39546432754,0.0,0.79362811756461726,0.99166775085835479,3.9400704556143804,-4.3709676879005386,0.20637188243538274,0.0044048069546333704,0.79362811756461726,43.922450039573661,-311.38408337288877,3.5580054329386654,359.41788700643627,107639.39546432754,0.0083322491416453013,107639.39546432754,5.1603434577211083,0.0066349297434942552,0.99166775085835479,56.077549960426282,385.58675659458709,-249.6647635830019
527,OK,,357.1890662402423,129909.7586362365,0.6110896168185425,19,13,1.6840312149523395,52.00060593464815,119583.07279505454,0.0,0.99851713012289178,0.74652709838331566,3.8733265974886377,-4.0695727997278661,0.0014828698771082304,0.0046323935144475231,0.99851713012289178,47.99939406535232,-317.18167030646157,3.7503193579004459,358.4078531847461,119583.07279505454,0.2534729016166844,119583.07279505454,4.6063732912624795,0.0058689992689465375,0.74652709838331566,52.000605934647737,379.21040515834812,-265.50124851507627
528,OK,,337.4518710075296,123234.55835479399,0.3341509618530785,21,10,1.811806020907886,53.12985049677627,119123.66270802816,0.0,0.71073774543128221,0.99806677793368914,4.1700621694379345,-4.8299850106123037,0.28926225456871785,0.004805733755540202,0.71073774543128221,46.870149503223772,-299.73203489880086,3.8512828313882186,364.97451820422583,119123.66270802816,0.001933222066310838,119123.66270802816,4.8938603146098956,0.0063270521839190819,0.99806677793368914,53.129850496776243,389.56090066589041,-241.77330594381618
529,OK,,356.4967202005482,108305.44535506151,0.44822563188251024,23,7,1.3347801745130345,59.15612889992536,108305.44535506151,0.0,0.92026113372645613,0.87768746538225739,2.9282414594312725,-3.1716316343020328,0.079738866273543901,0.0039894315615162648,0.92026113372645613,40.843871100069002,-318.63506414364775,3.2360723394909208,356.72878991751082,108305.44535506151,0.12231253461774251,108305.44535506151,5.3490629439183852,0.0068315045236779243,0.87768746538225739,59.156128899930977,380.7873343840871,-260.56484871761535
530,OK,,335.0122729899019,148853.87545340165,0.6313331928725299,17,11,2.7359558447862162,46.66124867787222,103203.5960678374,0.0,0.9997001736858171,0.78974929723664644,6.0348021228900359,-6.4712681774190424,0.00029982631418281431,0.0051117147292271108,0.9997001736858171,53.338751322126576,-326.11577776951998,4.1666123273675923,353.42204214730708,103203.5960678374,0.21025070276335361,103203.5960678374,4.1616854876510256,0.0052763960627647188,0.78974929723664644,46.661248677873516,375.55681473627516,-271.85201014102756
531,OK,,354.49939493877264,117105.40338870371,0.5856084055041998,18,9,1.5307580264069418,51.331551235462534,105256.97506910529,0.0,0.99036521289569601,0.79814944845720637,3.7339226310875753,-3.9187883242070116,0.0096347871043039445,0.0046775365331103106,0.99036521289569601,48.668448764537857,-324.41835754450938,3.8081592932600712,354.2710071991898,105256.97506910529,0.20185055154279358,105256.97506910529,4.5842748062838146,0.0058203582042383054,0.79814944845720637,51.331551235462165,376.57771944220781,-269.78364567890583
532,OK,,330.1051743207982,141184.85814143418,0.3282015913481966,25,11,1.6238255604228347,43.27550893047233,103401.34090009534,0.0,0.57852040104152147,0.99991025380182619,4.8248992900291103,-5.5014394640541422,0.42147959895847864,0.0059390983379122965,0.57852040104152147,56.72449106952763,-299.98769891647083,4.7662051104206036,363.59184441003646,103401.34090009534,8.974619817381505e-05,103401.34090009534,3.9872829736605198,0.0051193165336388159,0.99991025380182619,43.275508930472327,384.53730808531208,-251.60201429141262
533,OK,,355.2892948497281,126378.51483647236,0.35760007310126457,21,9,1.9954730531812053,53.769823274021384,106107.03238310151,0.0,0.77203984764747047,0.99872663308677256,4.3678588285954696,-4.6757598596734349,0.22796015235252959,0.0046541924031442009,0.77203984764747047,46.230176725978552,-310.93239664445503,3.7589453237955688,359.44877873946314,106107.03238310151,0.0012733669132275333,106107.03238310151,4.9533067152682637,0.0063671577508742075,0.99872663308677256,53.769823274021348,385.402990476399,-249.92825511490946
534,OK,,320.1727532983569,123873.42625952355,0.5585285465091525,17,13,1.3459829013269498,49.57286315445772,111579.0424929778,0.0,0.94604056293805094,0.83566134365044675,3.6088066747515186,-4.3365268167300144,0.053959437061948994,0.0049053906864132699,0.94604056293805094,50.427136845542293,-318.34474017789569,3.9771230756923313,357.1732709793443,111579.04249297779,0.16433865634955322,111579.04249297779,4.453294831789691,0.005682062951246917,0.83566134365044675,49.572863154457679,380.1394521131017,-262.41223008570017
535,OK,,326.19969513976866,120674.8553995189,0.6422162816081852,24,12,1.8721891987153705,47.74020769699389,110027.37593092895,0.0,0.99937351360608873,0.74875316875933839,4.5314136069431807,-5.1151891099683313,0.00062648639391117689,0.0050231997514259812,0.99937351360608873,52.25979230300365,-322.29238429060251,4.0825677660469202,355.56603968041304,110027.37593092895,0.25124683124066166,110027.37593092895,4.2304647866088336,0.0053684827051870138,0.74875316875933839,47.740207696996471,376.28999243657046,-271.05594295489152
536,OK,,332.35318090848546,133584.6347126746,0.6168955240942033,25,11,1.210585721673722,57.75403465858321,112557.41279482949,0.0,0.98771729964059363,0.65435347123892607,2.8231264424443099,-3.3356376344903906,0.0122827003594063,0.0040750042567179188,0.98771729964059363,42.245965341416827,-320.24804801991559,3.3071884062715018,356.57720646045874,112557.41279482949,0.34564652876107388,112557.41279482949,5.0413605347980432,0.0063739511352966178,0.65435347123892607,57.754034658583137,373.75073519109941,-277.30184960446059
537,OK,,343.95138183143354,109295.884771892,0.6562300830605783,21,13,1.4727371013167434,50.14437513225904,109295.884771892,0.0,0.9985378257670301,0.68410652228515723,3.7236688527696495,-4.0393004759526976,0.0014621742329698668,0.0047915026203820005,0.9985378257670301,49.85562486774112,-322.64410461387354,3.8953370976571695,355.35947841917829,109295.884771892,0.31589347771484266,109295.884771892,4.3980388702671656,0.0055608247147285426,0.68410652228515723,50.144375132258915,373.72932364410065,-276.88870722280512
538,OK,,332.55774223992586,116746.25851637512,0.6000309388626304,21,11,1.8622823993500943,44.559200035888274,113804.1255323773,0.0,0.99849338182466241,0.89573820815273997,4.7832911669923153,-5.3373640396677029,0.0015066181753376428,0.0053382376898458818,0.99849338182466241,55.440799964123173,-320.2059723061214,4.33175451091856,356.72280495857967,113804.12553237729,0.10426179184725999,113804.12553237729,4.0404496924073188,0.0051784271135153354,0.89573820815273997,44.559200035876785,383.33118460902097,-255.38486130443596
539,OK,,338.8543912800028,143790.370933091,0.40552989639496306,21,10,2.0003403992299496,40.41614101551655,110053.20204426972,0.0,0.68029151352900008,0.99953988608073918,5.7040754792338735,-6.2439791957211268,0.31970848647099992,0.006125232707804882,0.68029151352900008,59.583858984483378,-302.81361973961975,4.9214039000992527,363.00293540487928,110053.20204426972,0.00046011391926088909,110053.20204426972,3.7236189409532723,0.0047953780782663529,0.99953988608073918,40.416141015516551,386.7519617237046,-247.27729081319228
540,OK,,330.9718805956636,109239.96050117472,0.4935329802632975,19,11,3.2862819362836087,49.09546755691592,102367.81823239871,0.0,0.96587716012316438,0.99621609077068274,6.6579479602687828,-7.2517946728247189,50.904532443084264,4.0006109814245576,-324.65937096646212,0.96587716012316438,0.03412283987683562,0.004911777851270208,353.85980427521099,102367.81823239871,102367.81823239871,-252.68470768342661,49.095467556915921,0.99621609077068274,0.0037839092293172685,0.0058002962970881396,4.5209735420123209,384.00732385336181
541,OK,,322.5347019346183,146433.2699726211,0.4583305955882586,22,13,2.566669081402998,54.479146459078926,117754.42209090629,0.0,0.99642336411921317,0.99128074562695156,4.8874512580215885,-5.7052923738181551,45.520853540921024,3.5580013188635009,-318.00570763295048,0.99642336411921317,0.0035766358807867334,0.0043919737419186788,357.92579918426208,117754.42209090629,117754.42209090629,-243.32441935156896,54.479146459078919,0.99128074562695156,0.0087192543730483987,0.0064743440580795246,5.0129601462592621,388.82092125621955
542,OK,,350.16006180063204,127548.11027375594,0.6798792694738188,23,11,2.0515876039355527,56.390751512480115,115087.00471681141,0.0,0.99929691566642131,0.5671393130153527,4.0083140647080899,-4.2402792052625502,43.609248487519793,3.4068287093645808,-319.57189740577212,0.99929691566642131,0.00070308433357868386,0.0042004748591406172,357.08580084810001,115087.00471681141,115087.00471681141,-282.57679031356986,56.390751512480087,0.5671393130153527,0.43286068698464725,0.0061174872483829804,4.853375514394533,371.67669220439353
543,OK,,358.89584688401624,141504.35215766678,0.3122944393581894,25,8,1.5673292092222364,41.05012139945742,108181.72003001573,0.0,0.52975202945142996,0.99998474763910872,4.9210390413646872,-5.1857039535564349,58.949878600542604,4.9935154391348977,-293.71873296027798,0.52975202945142996,0.47024797054856993,0.0062484015916536208,366.54892895624857,108181.72003001573,108181.72003001573,-248.43884195427927,41.050121399457417,0.99998474763910872,1.525236089126695e-05,0.004866928553460402,3.7822849548493838,386.15588106669748
544,OK,,330.5096515081359,122762.97575363968,0.6427642572705075,21,10,1.4369823354214994,43.421808720378834,114442.15237919346,0.0,0.99481694053406522,0.81595693931668378,4.1582072381298678,-4.7097021662211906,56.578191279624761,4.4235398960095003,-319.65323895567201,0.99481694053406522,0.0051830594659346904,0.0054534292405617425,356.98956684506419,114442.15237919346,114442.15237919346,-262.4434885520493,43.42180872037531,0.81595693931668378,0.18404306068331625,0.0049624550141361082,3.8887240336517115,380.2706054952813
545,OK,,329.70830679345283,135030.14467086972,0.5689183124625476,15,7,1.7986087898942005,45.683168008401665,118339.70681083896,0.0,0.98400943479413039,0.92462089980780537,4.5869870760203346,-5.2237396974569688,54.316831991589652,4.2549705805727367,-316.97513815865443,0.98400943479413039,0.015990565205869691,0.0052557171796678067,358.35863898621204,118339.70681083896,118339.70681083896,-249.78484225374066,45.683168008410334,0.92462089980780537,0.075379100192194695,0.005352625361490778,4.1608740281868588,385.99717616714787
546,OK,,346.38084926893606,110494.4446817194,0.603132992586039,23,12,2.4188661275987586,46.71297312945251,105193.12736072087,0.0,0.99974502753180361,0.84929541749980708,5.5119496015193103,-5.8161767104742248,53.287026870551685,4.1625382924059418,-324.99136641318984,0.99974502753180361,0.00025497246819636542,0.0051110930011582355,354.05546432800088,105193.12736072087,105193.12736072087,-265.21728138116777,46.712973129448272,0.84929541749980708,0.15070458250019289,0.0053543369199043336,4.205314787346313,378.57938013573568
547,SKIPPED,Skipped because the flowsheet solver did not return for this recipe,329.84943607328194,128241.94164075615,0.5785431947427244,25,8,2.8866585465607795,42.18193260388769,116312.74831661201,,,,,,,,,,,,,,,,,,,,,
548,OK,,335.26575130426045,125369.65472402403,0.5903674294869456,18,8,3.375650402362208,58.82669067601766,116259.35060535866,0.0,0.99858850295549584,0.69535002864878637,5.4244254740753881,-5.9316352975246875,0.0014114970445041385,3.2169381195519051,-318.91325804106344,41.173309323982402,0.0039683118206340091,116259.35060535866,357.44496747979815,0.99858850295549584,-271.76864872589778,0.30464997135121363,0.69535002864878637,116259.35060535866,0.006558927638479109,5.1688206921713684,376.33539238026987,58.826690676017641
549,OK,,347.7703340783657,148362.82059991697,0.5605589610185504,18,11,3.429946995172725,41.49038278259435,104346.72985701516,0.0,0.95457019473767646,0.99507453566573123,7.9199359812911903,-8.2370946196885662,0.045429805262323486,4.6075776641343875,-322.87239496453304,58.50961721740552,0.0056640046604776589,104346.72985701516,354.73718589629311,0.95457019473767646,-251.47705298899172,0.0049254643342687178,0.99507453566573123,104346.72985701516,0.0049051643016137358,3.8199922641622628,384.63490770989984,41.490382782594374
550,OK,,352.6111286003645,133279.92905147164,0.568765997793494,22,12,3.4213343665636042,58.24506900660484,111295.73391848155,0.0,0.99989160420610956,0.74030085116504407,5.5694375828674962,-5.8141414324071317,0.00010839579389050941,3.2616179741394973,-321.63339195792821,41.754930993394566,0.0040151412688321829,111295.73391848155,355.94085513132467,0.99989160420610956,-270.9934126026659,0.25969914883495598,0.74030085116504407,111295.73391848155,0.0065417773371154331,5.1544402801614764,376.38849585928335,58.245069006605412
551,OK,,342.6078857307398,123613.6490492936,0.6597441193214446,16,14,3.1005305346473824,48.94463127718586,105403.83610296782,0.0,0.99984552963270557,0.69502416585067783,6.3333022076471952,-6.648633317634534,0.00015447036729450148,3.9881394141022608,-324.87863511819899,51.055368722811991,0.0048973779662373597,105403.83610296782,354.12000411225625,0.99984552963270557,-278.42992695236944,0.30497583414932222,0.69502416585067783,105403.83610296782,0.0054307310021596252,4.3003075592344358,372.82719483071435,48.944631277187938
552,OK,,352.74514209464667,113215.8965240714,0.6483906005537969,16,13,1.4655078478510786,49.907285830384915,105415.33278846033,0.0,0.99292312289430518,0.69742201731515674,3.7417704829128429,-3.9140817226011997,0.0070768771056947347,3.917806500286189,-324.47584538149175,50.092714169614993,0.004812134375811618,105415.33278846033,354.2677114296435,0.99292312289430518,-278.2271140143111,0.30257798268484326,0.69742201731515674,105415.33278846033,0.0055403621383951626,4.3865655883316244,372.91543665371813,49.907285830385028
553,OK,,344.82907874835905,111065.02738507159,0.3650396974756186,20,7,2.959220751588301,48.034947678797664,110268.71761028326,0.0,0.70236537273934896,0.99988515851837467,6.5439408570138591,-7.0245605033524976,0.2976346272606511,4.2760294950670428,-304.12133406188036,51.965052321202442,0.0053179109234035519,110268.71761028326,362.50135911377225,0.70236537273934896,-247.10262274114393,0.00011484148162533372,0.99988515851837467,110268.71761028326,0.005700333281765199,4.4257872879115068,386.83867721840454,48.034947678797671
554,OK,,339.7106771636726,134330.9791222459,0.38719177593188875,23,10,1.9391307129289244,49.32390629700954,109416.23211352309,0.0,0.76362288796104316,0.99955898527183362,4.6967054529356114,-5.2427248873645143,0.23637711203895692,4.126422797458166,-308.50277912476014,50.676093702990414,0.0051180648481873939,109416.23211352309,360.70251695926424,0.76362288796104316,-247.68493625615901,0.00044101472816635771,0.99955898527183362,109416.23211352309,0.0058506212328122299,4.5443221733049715,386.54380924743685,49.323906297009536
555,OK,,327.7770415809389,112590.33444940676,0.4672100801923048,21,13,3.4719431543759116,42.07152157791798,112590.33444940676,0.0,0.80523487584392717,0.99821787074958412,8.1031453862960809,-8.7929951926815768,0.19476512415607283,4.6831543003113207,-309.30965277389299,57.928478422082186,0.0058074136781987775,112590.33444940676,360.67959336468567,0.80523487584392717,-245.80159918493374,0.0017821292504158113,0.99821787074958412,112590.33444940676,0.0049960364686702004,3.8753522758160153,387.51328914577249,42.071521577918013
556,OK,,320.75009174366323,130291.27938513752,0.5356590181997257,21,9,2.891911200413309,51.566597206127824,111823.20486422261,0.0,0.99880376820585171,0.89934498524955842,5.6866384639069363,-6.4354470718222059,0.0011962317941483528,3.7840348763198728,-321.28566218438118,48.43340279388152,0.0046594314436383894,111823.20486422261,356.12300099043733,0.99880376820585171,-256.26953492913606,0.10065501475044153,0.89934498524955842,111823.20486422261,0.0059921759163815173,4.6784611808711167,382.84937119217898,51.566597206118466
557,OK,,320.8705898891352,145970.6762223074,0.4956099030487431,23,13,2.9671213748233325,42.441645923270386,106099.74695110238,0.0,0.86054629845327335,0.99930818519322206,7.0968278305804926,-7.839687248460927,0.13945370154672665,4.6085765323698347,-316.33510476606671,57.558354076729579,0.0056879266263280374,106099.74695110238,357.36881282198704,0.86054629845327335,-249.87190111894819,0.00069181480677792952,0.99930818519322206,106099.74695110238,0.0050263495569287317,3.9100947766298262,385.42780550247727,42.441645923270372
558,OK,,357.8735048696473,143565.80163149646,0.30854270669407663,20,8,3.112740651099559,50.80151026170723,114697.70979734964,0.0,0.6269276412925735,0.99979572373794257,6.4871278912456862,-6.8157595367002903,0.37307235870742633,4.1004369599641928,-296.62857205831244,49.198489738292949,0.0051243658834339212,114697.70979734964,365.86030981836228,0.6269276412925735,-244.31251250060035,0.00020427626205747057,0.99979572373794257,114697.70979734964,0.0060404341974030851,4.6806258356070103,388.26007016332005,50.801510261707229
559,OK,,335.1586940242323,147204.90329887893,0.3302978235137492,20,13,2.4109218054574386,59.51313845615142,107589.32858098287,0.0,0.79676682418030331,0.98704161336370788,4.3356466950950647,-4.9783452504995251,0.20323317581969674,3.2779178691137298,-311.60630958151853,40.486861543848889,0.0040575052889119901,107589.32858098287,359.3271519407329,0.79676682418030331,-250.18003478148765,0.01295838663629207,0.98704161336370788,107589.32858098287,0.0070341855895783949,5.4726299160543084,385.35521103083994,59.513138456151097
560,OK,,327.60949596325185,116349.74014323454,0.6881852711927008,23,9,3.3970428536932866,54.563725401742246,105897.44627066609,0.0,0.9996123419434324,0.57114610326490611,6.0427222784306673,-6.5476197432282008,0.0003876580565675616,3.5493580722951874,-324.58838580049337,45.43627459825781,0.0043595137137578416,105897.44627066609,354.28051989711207,0.9996123419434324,-287.7854610522179,0.42885389673509394,0.57114610326490611,105897.44627066609,0.0059005505351706752,4.6991956633989336,368.86341345847762,54.563725401742239
561,OK,,333.4767079909012,144694.3624355776,0.6613018323048687,23,8,2.6738148586712325,46.84153503105814,110412.28728414241,0.0,0.9985477593209301,0.72142422023196218,5.8958072558771883,-6.3670029460425894,0.0014522406790699093,4.1533883474117621,-322.03511315981029,53.158464968943193,0.0051112945340533386,110412.28728414241,355.70071707996385,0.9985477593209301,-273.12648101050451,0.27857577976803793,0.72142422023196218,110412.28728414241,0.0052380641011558421,4.1328736857893302,375.41608858605611,46.841535031056893
562,OK,,326.27093202231475,128689.09384255408,0.42522505490214424,21,14,3.117745714375295,59.02445068490876,102841.14773496018,0.0,0.99969982446036798,0.97358287938884347,5.1106773351851649,-5.8152005471284998,0.00030017553963202534,3.2008480770725161,-326.32270203657498,40.975549315091264,0.003926270058348418,102841.14773496018,353.30544602335959,0.99969982446036798,-254.70873965504327,0.026417120611156569,0.97358287938884347,102841.14773496018,0.0069407424675904401,5.4165491726434993,383.12466478713844,59.024450684908757
563,OK,,352.57912642025497,124716.7294452135,0.4371648953384108,20,11,2.6657442591836844,58.51426324589164,109581.72968039846,0.0,0.99841814673036922,0.9607552586208471,4.5929698515452975,-4.9314700668301681,0.0015818532696308175,3.2414477174457055,-322.48072456112789,41.485736754091292,0.0039876702160614999,109581.72968039846,355.4496650739581,0.99841814673036922,-251.59925852234676,0.039244741379152841,0.9607552586208471,109581.72968039846,0.0068830888848637117,5.3592020076238169,384.81204886413411,58.514263245908758
564,OK,,350.5640262871831,144050.5831714207,0.4467548944553034,17,10,3.340865644322479,59.73224502052213,103778.18166964645,0.0,0.99891266049039429,0.92547544152261163,5.2930603122253794,-5.6194615913748258,0.0010873395096057776,3.146002584444159,-325.74382357703178,40.267754979464023,0.0038606637616766261,103778.18166964645,353.62255522096228,0.99891266049039429,-258.90737224379274,0.074524558477388314,0.92547544152261163,103778.18166964645,0.0069545238427576525,5.4411956420540646,381.29941793804142,59.732245020536041
565,OK,,330.5481796479015,133710.02133241866,0.682890785502893,19,7,2.7466363641451625,45.12960536299127,117042.89836811475,0.0,0.99768915211538056,0.69985376695175106,6.188815338150798,-6.718841325391228,0.0023108478846194541,4.2878060180539572,-318.45055585343215,54.870394637008616,0.0052911165787399373,117042.89836811475,357.69251411025743,0.99768915211538056,-270.93396964423954,0.30014623304824889,0.69985376695175106,117042.89836811475,0.0050382112375332968,3.9681740756433479,376.73745634743176,45.129605362991484
566,OK,,336.1413419985259,125061.80218355647,0.6899447116672535,16,7,2.1107403695336067,59.76361710610582,106053.76154115003,0.0,0.99582348343960436,0.51599087215618566,3.7885779140141951,-4.1704093447363269,0.0041765165603956413,3.1452950420535997,-324.28381394558767,40.236382893894266,0.00386396286263594,106053.76154115003,354.40855667686162,0.99582348343960436,-291.74228291060228,0.48400912784381439,0.51599087215618566,106053.76154115003,0.0063893603016310224,5.1007907986239287,367.21206396364556,59.763617106105819
567,OK,,348.70606709091817,147754.69813583398,0.6945857569919802,21,11,1.2560087777096753,48.71249951491007,109572.83763002891,0.0,0.99501005864930459,0.62171933247005307,3.4970901772032805,-3.7219045249780049,0.0049899413506954643,4.0097507395193599,-322.28916831252229,51.287500485090071,0.0049333858506397342,109572.83763002891,355.51824693414972,0.99501005864930459,-281.67639279113291,0.37828066752994682,0.62171933247005307,109572.83763002891,0.0053324914216276269,4.2298252971640302,371.69967393636318,48.712499514909986
568,OK,,351.916628545928,139514.45414320857,0.3633634726640289,20,10,2.965664216925867,51.273558865570564,116950.07120325454,0.0,0.74462199176751553,0.99895525845432043,6.0899599762815813,-6.5011599512743414,0.25537800823248447,3.9806541114132146,-303.09990443439989,48.726441134429457,0.0049563313077972699,116950.07120325454,363.47293830014434,0.74462199176751553,-243.00698952859585,0.001044741545679622,0.99895525845432043,116950.07120325454,0.0061014487071144536,4.7235138433833281,388.92904175121464,51.27355886557055
569,OK,,331.6280978139673,141813.78448513034,0.33730548168843555,22,12,3.4892441155510427,50.00121561181423,110506.97395919361,0.0,0.67413667295715551,0.99950933173943834,7.1661907319568652,-7.8627879549204751,0.32586332704284443,4.1340290542884928,-302.15067325968283,49.998784388185712,0.0051474972234098236,110506.97395919361,363.30569314945308,0.67413667295715551,-246.98969564205163,0.00049066826056168745,0.99950933173943834,110506.97395919361,0.0059338238476231838,4.606689376071877,386.8988709326207,50.001215611814224
570,OK,,335.60148078904825,127132.285556486,0.4554773610928903,19,12,2.594191789052725,43.658020664893094,107621.1107481997,0.0,0.8040667754628511,0.99438768733937777,6.3500817945277035,-6.9076445611951094,0.1959332245371489,4.5558189288128981,-312.03721587419909,56.341979335107133,0.0056379036108780874,107621.1107481997,359.16367388218561,0.8040667754628511,-249.39192671662943,0.005612312660622302,0.99438768733937777,107621.1107481997,0.0051684986952926365,4.0191446513539129,385.7074501609668,43.658020664892973
571,OK,,356.9668434483282,135264.70674564838,0.37948549493448414,19,9,3.367075239122669,51.18255267526812,116864.93638423165,0.0,0.77643497532700401,0.99912126336041074,6.68648187091107,-7.0116406315624493,0.22356502467299597,3.9663050679614029,-305.16541168449425,48.817447324731781,0.0049323806123026722,116864.93638423165,362.66161106330628,0.77643497532700401,-243.04176257144471,0.00087873663958927257,0.99912126336041074,116864.93638423165,0.006090614133253818,4.7152491871992712,388.91024620821349,51.182552675268113
572,OK,,345.0131512485593,108774.16474148045,0.4260594635178042,18,13,1.9350396856333223,56.34092779823892,103536.03228335132,0.0,0.89898890171017942,0.94041764815355544,3.9596549469497595,-4.3745812038562546,0.10101109828982052,3.4721484372919056,-320.09436979798647,43.659072201761504,0.0042748341306624261,103536.03228335132,355.68395456752353,0.89898890171017942,-257.59190322142456,0.059582351846444614,0.94041764815355544,103536.03228335132,0.0065800563866129603,5.1440784216697253,381.87254229707008,56.340927798238489
573,OK,,352.203284481717,104218.14218083877,0.48019168500277687,20,11,3.005811579667492,52.82586057133875,101663.8181931161,0.0,0.99916519007880855,0.9832580008793087,5.7277751126025258,-6.0117331846824609,0.0008348099211913754,3.6854112184964132,-326.96806587335396,47.174139428661157,0.004518406888951252,101663.81819311609,352.93548223157654,0.99916519007880855,-254.50749114271389,0.016741999120691391,0.9832580008793087,101663.81819311609,0.0062214044329986281,4.8548865928092706,383.16054736539388,52.825860571338751
574,OK,,339.9443768270128,116568.3062994448,0.5448262350844079,21,12,1.9413643762223054,44.600038383853544,108324.05498019098,0.0,0.97745149633637018,0.99255946537747253,4.9463859440086617,-5.4111973660964399,0.022548503663629749,4.3449147609531771,-321.9623424000057,55.399961616146669,0.0053460840480501759,108324.05498019098,355.50289856034129,0.97745149633637018,-249.12649923778361,0.0074405346225273807,0.99255946537747253,108324.05498019098,0.0052796211761811738,4.104722816969562,385.85586062036646,44.600038383853381
575,OK,,345.88824174434683,117619.25942233826,0.49069291677331495,22,12,2.863141269724917,57.939065623182344,105601.35081323874,0.0,0.99972698290800466,0.8788409757907355,4.9151726649935918,-5.2908778832162842,0.00027301709199531525,3.2856180485909698,-324.76094390442086,42.060934376820782,0.0040350484438229743,105601.35081323874,354.18482577898237,0.99972698290800466,-262.19866293304267,0.12115902420926453,0.8788409757907355,105601.35081323874,0.0066843322160154237,5.2399501154606947,379.93161719047953,57.939065623179282
576,OK,,330.90315980512173,147135.52516995612,0.45252283391648634,16,10,2.1174968584610157,45.88439298547193,116149.33144570288,0.0,0.82163249956412399,0.98280151738910693,5.2543044957067782,-5.9262230140758021,0.17836750043587604,4.3624608134894052,-308.37416557483067,54.11560701452818,0.005414419613174867,116149.33144570288,361.36233957625399,0.82163249956412399,-245.19886039515183,0.017198482610893011,0.98280151738910693,116149.33144570288,0.0054391084778166732,4.2166469608121311,387.92696514754931,45.884392985471841
577,OK,,332.5932330647794,149941.12167416766,0.4418484089159699,19,11,2.5872268428089624,43.41722951528645,113765.46583703975,0.0,0.77862229350224565,0.9970464636848011,6.372825746684156,-7.0120209591141922,0.22137770649775426,4.5954836809590116,-307.00143663942731,56.582770484713507,0.0057070767041715684,113765.46583703975,361.67771271579454,0.77862229350224565,-245.18590971256933,0.0029535363151988402,0.9970464636848011,113765.46583703975,0.0051572147092359419,3.9985966716393091,387.83481983985871,43.417229515286436
578,OK,,353.98641278661944,116122.85657186947,0.38238889570334356,15,9,1.768935593177102,55.600307946511286,113941.40349204597,0.0,0.81484083844518096,0.96294611762323623,3.8371037200079634,-4.1902542235034748,0.18515916155481893,3.5834543749355969,-309.15802083121395,44.399692053489126,0.0044446427284330001,113941.40349204597,360.86147433633943,0.81484083844518096,-248.6202313077693,0.037053882376763797,0.96294611762323623,113941.40349204597,0.0065561703224257086,5.0940273990060421,386.3212597842745,55.600307946510895
579,OK,,335.73532976358206,116774.88181510591,0.44781985045925493,15,12,3.2014208424684316,49.018482123915305,107192.3297255675,0.0,0.82524950802294128,0.94472467561168505,6.6944552829936645,-7.2479333050638521,0.17475049197705866,4.1072236934374038,-313.57786485918808,50.981517876085121,0.0050779259143745245,107192.3297255675,358.52950729687859,0.82524950802294128,-254.7592154479031,0.05527532438831493,0.94472467561168505,107192.3297255675,0.0057399137456622578,4.4784807629372851,383.30217887388068,49.018482123914879
580,OK,,343.15570836508596,143881.29093152413,0.399677538084788,16,8,2.3457164201530594,51.4827982747396,119448.5646945413,0.0,0.81666833025612429,0.9932930668420803,5.0523619795637238,-5.594421083486453,0.18333166974387571,3.9145307639876226,-306.29754646791991,48.517201725260456,0.0048658266500724344,119448.5646945413,362.45068059164799,0.81666833025612429,-242.0814985717825,0.0067069331579197797,0.9932930668420803,119448.5646945413,0.0061253954894508215,4.7387009401198981,389.43762662363469,51.48279827473953
581,OK,,325.47269180581804,132534.81654611285,0.4490077641079987,19,12,3.2340706529156256,47.136857692985686,108219.03878928475,0.0,0.84508628421252885,0.99518720767849123,6.9684512237373593,-7.6855868093026345,0.15491371578747118,4.2441042265385764,-314.19733550744331,52.863142307014328,0.0052457289981500729,108219.03878928475,358.39272399250325,0.84508628421252885,-248.91919221276461,0.0048127923215086632,0.99518720767849123,108219.03878928475,0.0055828426064165474,4.3399339920654887,385.94362035642615,47.136857692985629
582,OK,,322.9981156306364,126540.37866401703,0.3930344314499282,21,10,3.0819420366566144,58.886952261952324,112085.65665024392,0.0,0.95357038547259854,0.99831442515433932,5.1104736962317796,-5.9325394791560138,0.046429614527401505,3.2381906449121507,-318.51102226046532,41.113047738047705,0.0039938034627858875,112085.65665024392,357.16394153176526,0.95357038547259854,-246.11061971755998,0.0016855748456607159,0.99831442515433932,112085.65665024392,0.0069914596192729257,5.4243590725047079,387.35521814122632,58.886952261952281
583,OK,,349.9312292461459,141614.85872843536,0.633482592635118,16,13,2.075361653558471,48.46868470405772,118381.10784853496,0.0,0.99846877832921854,0.75456627496884221,4.7672012450995087,-5.0563123997891566,0.0015312216707814514,4.0263126356267511,-317.79964392015984,51.531315295938306,0.0049709499109221768,118381.10784853496,358.06366497750139,0.99846877832921854,-265.51238493118205,0.24543372503115782,0.75456627496884221,118381.10784853496,0.0054768974827250592,4.2989703044702745,379.14242571234928,48.468684704061793
584,OK,,342.5854947520507,132368.81564667769,0.6317478236205292,15,12,1.75840387373936,48.41541345333529,112071.98420952352,0.0,0.9938821919536398,0.7540911134527879,4.2967299037855939,-4.6639377799254911,0.006117808046360188,4.0337935465746071,-320.86681586110188,51.584586546663374,0.0049682903709563197,112071.98420952352,356.30129049007485,0.9938821919536398,-269.34032278386712,0.24590888654721213,0.7540911134527879,112071.98420952352,0.0054554721343784036,4.2939226828936494,377.1475053022445,48.415413453336676
585,OK,,347.0813360416309,147524.01526717143,0.6624821863017454,15,12,2.0705333580701293,42.527846770739785,104484.41770129724,0.0,0.99755090523737411,0.79032984673655715,5.3435029822972879,-5.5972905705698794,0.0024490947626259114,4.4912299466608046,-325.26574351335455,57.472153229259831,0.0055134070000236266,104484.41770129724,353.87613503470533,0.99755090523737411,-270.96952132065178,0.20967015326344285,0.79032984673655715,104484.41770129724,0.0048124417597373527,3.7933764523833742,376.01557737772032,42.527846770740148
586,OK,,322.91099831757947,120803.74073499918,0.30525529209099683,17,12,3.1503584077552436,58.102337344496604,101421.84657642356,0.0,0.70757651317084602,0.98485900572132756,5.5500690949841145,-6.3486556760305248,0.29242348682915392,3.4445553471461112,-309.66843178950188,41.897662655503488,0.0042664331198324513,101421.84657642356,359.50773325921608,0.70757651317084602,-254.50613269314792,0.015140994278672453,0.98485900572132756,101421.84657642356,0.0068444119781960805,5.3411185701048147,383.15007222154185,58.102337344496476
587,OK,,352.48789756100183,118436.23280689152,0.6044144207371567,20,10,2.9172944407047208,45.61489605178772,118436.23280689152,0.0,0.99947304937337222,0.8666006739728771,6.4070331896603747,-6.686740634543928,0.00052695062662764744,4.2485225157140594,-317.82971077782145,54.38510394821499,0.0052452321596511819,118436.23280689152,358.05834079232773,0.99947304937337222,-255.3494669378012,0.13339932602712296,0.8666006739728771,118436.23280689152,0.0052787329489312751,4.1175331573091789,383.56163043920623,45.614896051784989
588,OK,,333.5017423142057,145212.635262687,0.39273725459950537,23,11,3.2115317719518615,56.8025408961408,108138.39021078724,0.0,0.90839938269545806,0.99941586634210333,5.5995350847781875,-6.2433431062636693,0.09160061730454197,3.4297350231469399,-318.02859486016877,43.197459103859202,0.004229608191495436,108138.39021078724,356.93791049986072,0.90839938269545806,-248.52694282878593,0.00058413365789676953,0.99941586634210333,108138.39021078724,0.0067335784842116357,5.2332315320537877,386.11480357452359,56.802540896140798
589,OK,,334.74828252013344,110911.19726879073,0.43839188199935664,24,13,1.4425099140869921,46.243385504944186,110911.19726879073,0.0,0.81333330631586287,0.99746681184677677,4.1047672461344193,-4.7047441664622438,0.18666669368413702,4.3397788624625004,-310.74475897679537,53.756614495055999,0.0053762406213407237,110911.19726879073,359.97203843874206,0.81333330631586287,-246.94676482344011,0.0025331881532232228,0.99746681184677677,110911.19726879073,0.0054864286320743501,4.2591498187241523,386.93488636109311,46.243385504944115
590,OK,,356.7250363440849,116441.61807121761,0.5472948023798387,16,11,2.27795036896183,41.568555089012676,101867.7808742454,0.0,0.9148778984673519,0.96940373051963635,5.9055455820971012,-6.073228385279708,0.085122101532648126,4.6339532328039992,-321.99549456925291,58.431444910986869,0.0056979344529258791,101867.78087424541,354.79237423373633,0.9148778984673519,-255.79117761960862,0.030596269480363668,0.96940373051963635,101867.78087424541,0.0048814157900605422,3.812221786984654,382.59652990796866,41.568555089013159
591,OK,,342.7433371989013,106375.02429112128,0.618356420664602,17,8,1.5794904762038153,59.91566290570383,103235.17245389211,0.0,0.99106652786460658,0.63099136004791112,3.1371095635688708,-3.4519944536594536,0.0089334721353934009,3.1360841396091854,-325.6051112221902,40.084337094296281,0.0038485828743421826,103235.17245389211,353.611459914676,0.99106652786460658,-284.89542712946343,0.36900863995208888,0.63099136004791112,103235.17245389211,0.0065529315188392542,5.2104156617378257,369.90933170586237,59.915662905703734
592,OK,,340.43245182184626,122450.0821073039,0.6822142994261507,16,8,2.9044046157924033,47.86199806205838,115136.45830396313,0.0,0.99881287317606915,0.66266927669033204,6.1320043373767721,-6.5114547284656288,0.0011871268239308894,4.0734634329578805,-319.51764424071092,52.138001937941567,0.0050225883219033613,115136.45830396313,357.11056203722836,0.99881287317606915,-275.09813346438341,0.33733072330966801,0.66266927669033204,115136.45830396313,0.0052973388412481601,4.1834655400233265,374.84627865143142,47.861998062058319
593,OK,,349.88066542326754,141342.0308234513,0.656689994604448,22,8,1.424051190889231,57.13020309909379,103141.87942357635,0.0,0.99024731272457667,0.59360728611443836,3.1536242425049257,-3.3435409680213608,0.0097526872754233919,3.354503173639646,-325.61159155818683,42.869796900906209,0.0041165699622870101,103141.87942357635,353.59852128365407,0.99024731272457667,-287.81771570090416,0.40639271388556164,0.59360728611443836,103141.87942357635,0.0061993936738188099,4.9382276952184707,368.65719487536836,57.130203099093748
594,OK,,342.13456248101346,143753.7289417467,0.4988965894355951,17,12,3.453911859336536,41.604056920464295,102376.0954337012,0.0,0.84493962365284914,0.98681347888422621,8.1201472149830831,-8.5305801735293034,0.15506037634715089,4.6884238889415064,-317.56155000858206,58.395943079535783,0.0057802706878123259,102376.09543370119,356.52257677421892,0.84493962365284914,-253.65816325155913,0.013186521115773803,0.98681347888422621,102376.09543370119,0.0049052308836298698,3.8256373198173397,383.57257384706907,41.604056920464124
595,OK,,351.3490404033342,149034.96418687125,0.46978741473975616,21,7,3.2815374082266597,44.827353346683594,105751.98067786705,0.0,0.85143937297667116,0.99994249488714448,7.3548133428021067,-7.6645993682628593,0.14856062702332876,4.4246056539818133,-315.98794835222822,55.172646653316498,0.0054618097295237398,105751.98067786705,357.46587601211849,0.85143937297667116,-250.03448071732527,5.7505112855551828e-05,0.99994249488714448,105751.98067786705,0.0053087644149833408,4.13028580064673,385.34020520866181,44.82735334668358
596,OK,,331.3710400636286,143265.95261819093,0.3799539020228787,19,10,1.619791959301712,40.09711740926662,104907.70404652003,0.0,0.63312543652232134,0.99827041150173379,5.0504989142535166,-5.6857787626480212,0.36687456347767861,4.9873845593669088,-302.73952349041224,59.902882590733341,0.0062050624227781865,104907.70404652003,362.59668833642053,0.63312543652232134,-250.76910270481329,0.0017295884982661334,0.99827041150173379,104907.70404652003,0.0047449855344053457,3.6935126803755747,384.97559211103942,40.097117409266616
597,OK,,331.748141230858,107002.72622793674,0.553989017348984,21,14,2.5661214400016243,53.99385710681507,107002.72622793674,0.0,0.99990329665567024,0.82595783496259445,4.959380015061841,-5.5074449942727375,9.6703344329732898e-05,3.5936868762574696,-323.98827434517716,46.006142893185725,0.0044159928782625205,107002.72622793674,354.62097662756287,0.99990329665567024,-266.17993525702013,0.17404216503740552,0.82595783496259445,107002.72622793674,0.0061633612111890619,4.8430984426568306,378.2515328601034,53.993857106814396
598,OK,,322.01623932375634,114093.05702747572,0.5320012382945852,17,12,1.3625166001594016,46.82642065340885,106820.40662604169,0.0,0.92270914266863369,0.91166576560359303,3.8583466641786131,-4.5605314746760595,0.077290857331366258,4.2111330440598493,-319.61261826766565,53.173579346591694,0.0051877767993753895,106820.40662604169,356.21020225927822,0.92270914266863369,-258.26270756997275,0.088334234396406919,0.91166576560359303,106820.40662604169,0.005443443041711021,4.2564936310350925,381.73185769809817,46.826420653408249
599,OK,,348.74196855573473,115154.77933529599,0.5016915194858057,23,13,2.903471040252083,49.195196528144436,115154.77933529599,0.0,0.98548347357006572,0.99792951840259958,5.990853500495259,-6.3861851122465687,0.014516526429934356,3.9788014202097286,-318.73203142621287,50.804803471855742,0.0049080926383014041,115154.77933529599,357.39763228889939,0.98548347357006572,-244.22544425540138,0.0020704815974003496,0.99792951840259958,115154.77933529599,0.0058482371988621629,4.5313394547598396,388.31721312947775,49.195196528144407
600,OK,,326.9119716534385,116180.34515197513,0.5628234352729449,21,9,2.006973236672265,52.353722675572754,116180.34515197513,0.0,0.99632745329393313,0.83170156903057157,4.3160044394087853,-4.9735114629673607,0.0036725467060668643,3.7241928082682096,-318.82311154194173,47.64627732443207,0.0045942462010642613,116180.34515197513,357.46953497179442,0.99632745329393313,-259.95608869956766,0.16829843096942837,0.83170156903057157,116180.34515197513,0.0060078254323905518,4.7002008348352824,381.44200549372414,52.353722675568008
601,OK,,321.8124963837498,105057.82813030078,0.6777710060460265,15,8,1.3758150608624609,51.70057217461137,105057.82813030078,0.0,0.99157303597320567,0.6153874225442707,3.4781670588000386,-4.0664217514386944,0.0084269640267942356,3.7784662465559098,-324.59983627166622,48.299427825388697,0.0046404827178116127,105057.82813030078,354.18270513151668,0.99157303597320567,-284.95176980342785,0.38461257745572935,0.6153874225442707,105057.82813030078,0.0056407149367613593,4.4846951518745763,370.00798082136527,51.700572174611288
602,OK,,351.4691208260488,132808.1507086672,0.6437492715851494,19,11,2.2511820527897943,52.99137456797338,107467.16152358644,0.0,0.99945898285679813,0.67180065924848753,4.6193567566199603,-4.8206023039055275,0.00054101714320186299,3.6722869592271525,-323.70493978647607,47.008625432026648,0.0045135311716056961,107467.16152358644,354.77498736861526,0.99945898285679813,-279.01422138618972,0.32819934075151241,0.67180065924848753,107467.16152358644,0.005856609274401574,4.6385953312404888,372.70385662142274,52.991374567973288
603,OK,,358.3689911619086,146133.1750819497,0.5597522368795493,21,14,2.3145347463751493,57.4670130675776,116851.30940860743,0.0,0.99979591920032229,0.76593673129137962,4.2424329988567724,-4.4342596427570236,0.00020408079967773553,3.3224516231168955,-318.67343638966821,42.532986932422531,0.0040992754891685367,116851.30940860743,357.59230378901975,0.99979591920032229,-265.43115791605311,0.23406326870862029,0.76593673129137962,116851.30940860743,0.0065050950663323422,5.1062498640538649,379.09715434416211,57.467013067577369
604,OK,,331.8179688569448,132520.3890751143,0.42219107843052284,22,9,3.4643083265936605,55.98778454736317,102412.0798387551,0.0,0.95888164294612843,0.99970346424198242,6.0040601158189641,-6.6289065614142428,0.041118357053871679,3.463259191526519,-324.23127669823316,44.012215452636937,0.00425311835627472,102412.0798387551,354.02233443234934,0.95888164294612843,-252.28949817334541,0.00029653575801759835,0.99970346424198242,102412.0798387551,0.0066197321870066746,5.1583936925931866,384.18603221209332,55.987784547363148
605,OK,,338.03908770947066,137847.81827247742,0.4628358473421853,19,11,3.177893921255952,47.363563763707425,119619.70445168598,0.0,0.87625746753005862,0.99661101477080472,6.7737015920973986,-7.3602959114000175,0.12374253246994134,4.202889198740305,-309.87364039892077,52.63643623629261,0.0052134035761267983,119619.70445168598,361.10875933994316,0.87625746753005862,-241.62698584937471,0.0033889852291953846,0.99661101477080472,119619.70445168598,0.0056397752852574414,4.3617529344625448,389.64509502612259,47.363563763707283
606,OK,,356.22322821200777,140376.7447145908,0.6132114766745647,20,13,2.8972830967328695,42.89839009431496,105926.30725926948,0.0,0.99990844943300528,0.90151692319319365,6.7304741215365294,-6.8937322040551949,9.1550566994767505e-05,4.4603851432850599,-324.58917390561902,57.101609905671623,0.0054785003803868634,105926.30725926948,354.28345022925822,0.99990844943300528,-259.82545376442584,0.098483076806806458,0.90151692319319365,105926.30725926948,0.0049739323060878152,3.893331260054079,380.99689226007524,42.898390094328448
607,OK,,332.48993122033147,115409.02841985179,0.44099745848319116,16,12,1.308723518699284,52.500964418607666,110707.90953116852,0.0,0.81529495959185572,0.89763956504709475,3.4274912491412151,-4.0434096412873188,0.18470504040814426,3.8332967078448692,-310.97919355642802,47.499035581392498,0.0047480519024640927,110707.90953116852,359.8629071388894,0.81529495959185572,-257.13519523153496,0.10236043495290532,0.89763956504709475,110707.90953116852,0.0060954884196658338,4.7619772380365539,382.41530964742174,52.500964418607488
608,OK,,342.54703083360994,115033.05544949188,0.4199931694258464,17,8,2.9752365291570464,58.37853369428039,110333.52349259227,0.0,0.98814898771415682,0.98507829693039684,5.0063520726826418,-5.5154022339798665,0.011851012285843102,3.258048023446618,-321.47735486388865,41.621466305702754,0.0040107152443434897,110333.52349259227,355.89496321679633,0.98814898771415682,-248.6135562677533,0.014921703069603186,0.98507829693039684,110333.52349259227,0.0069057528871412548,5.3666877775196937,386.17000582113309,58.378533694297175
609,OK,,330.5847914583236,123011.18708843164,0.6061895056585808,24,7,1.492583901845541,55.79986096837819,118538.68868282155,0.0,0.9831638064193744,0.69241906102617434,3.3247873564771084,-3.8997623440975984,0.01683619358062554,3.4629922446444024,-316.82218995206824,44.200139031622676,0.004277928847078308,118538.68868282155,358.43410668199976,0.9831638064193744,-270.67370717317658,0.30758093897382571,0.69241906102617434,118538.68868282155,0.0062236169504861867,4.9005735895380464,376.93289464403364,55.799860968377423
610,OK,,348.22416562602336,127686.20866929114,0.5389752479502845,21,8,1.5191787372201402,56.44353916122836,103627.37176675623,0.0,0.98114530417676304,0.80223940698294693,3.335551736416499,-3.6282125674939074,0.018854695823237105,3.4137945503613869,-324.81344420093762,43.55646083877528,0.0041914778826880753,103627.37176675623,353.9446692304457,0.98114530417676304,-270.4781361152634,0.19776059301705315,0.80223940698294693,103627.37176675623,0.0064007189721250564,5.0440499673239145,376.18274306155149,56.443539161224713
611,OK,,332.24187283183755,115911.40194400979,0.4069606662606724,20,11,1.48837647744065,53.40099396721007,115911.40194400979,0.0,0.85514653324618939,0.98413722102383394,3.5910969596663529,-4.2763938796434244,0.14485346675381061,3.7346139726213341,-310.5602735649116,46.599006032790641,0.0046291243400680346,115911.40194400979,360.50786492454665,0.85514653324618939,-245.20622842178625,0.015862778976166086,0.98413722102383394,115911.40194400979,0.0063313014116600811,4.9084019862021178,387.91393371615203,53.400993967209352
612,OK,,353.1462666861761,115266.6109548438,0.5286865751682484,15,12,2.426411947134432,59.185659516635795,112050.80891913173,0.0,0.99758233374048388,0.79466322439240955,4.2195855908784887,-4.4862650407482532,0.00241766625951616,3.1894673136765586,-321.09237202402824,40.814340483360326,0.0039278438338410764,112050.80891913173,356.2172007663716,0.99758233374048388,-265.81382989960525,0.2053367756075905,0.79466322439240955,112050.80891913173,0.0067264870396082227,5.2828087034845161,378.67839740684349,59.185659516639596
613,OK,,322.1934599751133,131477.78209674457,0.4155232645947597,20,9,3.4365840591201184,47.60749005800389,109185.81517110938,0.0,0.79281133185112906,0.99968595543850824,7.2969185727350556,-8.0831713496996898,0.20718866814887091,4.244735872792158,-310.45125889578668,52.392509941996181,0.005258608935041759,109185.81517110938,359.92416314738597,0.79281133185112906,-247.82015160793617,0.00031404456149173839,0.99968595543850824,109185.81517110938,0.005646591360621343,4.3862696804146184,386.47390894101994,47.607490058003883
614,OK,,338.15842651414636,139913.74943967076,0.4324052713249626,24,9,2.7753326656996222,57.383536494132215,107414.85719147326,0.0,0.99735819001480441,0.98716272522638893,4.8652344426437466,-5.418610494465633,0.0026418099851955768,3.3304295567438178,-323.61334043525983,42.616463505862946,0.0040935553811079902,107414.85719147326,354.80249317817726,0.99735819001480441,-250.28110383992248,0.012837274773611075,0.98716272522638893,107414.85719147326,0.0067821115210197807,5.2768962977847744,385.30262703420482,57.383536494136969
615,OK,,338.3267769844183,108997.11913274718,0.6579489313839133,17,8,2.8184191631028237,40.26344472602824,106685.30539000791,0.0,0.99876242568019113,0.84769643201400136,6.8978167621526394,-7.2973866518385293,0.0012375743198089876,4.6671692114431016,-324.09954432030509,59.736555273971021,0.0057345532297558947,106685.30539000791,354.54549703372209,0.99876242568019113,-264.40046610796725,0.15230356798599873,0.84769643201400136,106685.30539000791,0.0046166707970489119,3.6237957984108702,379.01656047624181,40.263444726028979
616,OK,,320.5583662047562,130417.99980937352,0.5461556432914123,15,9,2.66939519937491,55.088889520748445,115841.03111106047,0.0,0.99790916437630406,0.8221355397645137,4.9635117317061281,-5.7165775658185529,0.0020908356236959066,3.5094065973207362,-319.09357434090975,44.911110479250716,0.0043284630679952807,115841.03111106047,357.33675527317786,0.99790916437630406,-261.03475839103919,0.17786446023548627,0.8221355397645137,115841.03111106047,0.0063079224625997793,4.9383662742157837,380.95487098685129,55.088889520749404
617,OK,,344.4568798886772,144448.31769082934,0.5681451815052627,18,11,2.8695563652504728,43.49271628892664,114105.55417977576,0.0,0.99531719569458843,0.98685189062225087,6.5946167048356674,-7.0095943042468516,0.0046828043054115351,4.4175995158420003,-319.86119884657711,56.507283711073342,0.0054452716231553682,114105.55417977576,356.87920110349529,0.99531719569458843,-246.04422631399882,0.013148109377749146,0.98685189062225087,114105.55417977576,0.0051555168401544301,3.9993295320130064,387.46844165785734,43.49271628892663
618,OK,,325.13583806150274,112615.88243080462,0.6194852118817998,17,13,2.768396397840407,58.05416648953013,112615.88243080462,0.0,0.99986694404066689,0.65535171666901393,4.7657962923784636,-5.3791672582819796,0.00013305595933309309,3.2765445202427181,-320.92077999344122,41.945833510470031,0.0040357085032462336,112615.88243080462,356.33909818962667,0.99986694404066689,-277.18702780381534,0.34464828333098613,0.65535171666901393,112615.88243080462,0.0064085792885405345,5.0683719719443774,373.80330994753592,58.054166489530068
619,OK,,341.99211375717124,139647.30549165516,0.5511808844248737,18,13,2.610338691630452,43.717815728586324,102558.76781189973,0.0,0.95697254006389487,0.9712340706192919,6.2111910008717039,-6.6063868891871014,0.04302745993610517,4.4302728771191671,-324.03659738763474,56.282184271413747,0.0054413747122517035,102558.76781189973,354.11045454176229,0.95697254006389487,-255.13874797291308,0.028765929380708065,0.9712340706192919,102558.76781189973,0.0051375213795441556,4.0104512947143425,382.91976867289605,43.717815728586288
620,OK,,325.2465581027207,135630.82200710583,0.6735192974432977,23,8,2.6572782070325207,53.90151546858149,102638.4208577159,0.0,0.99865822158501505,0.60455102274733974,5.1083351925161411,-5.6391040318654122,0.0013417784149849692,3.6017050479783133,-326.37936123334077,46.098484531418457,0.0044177364119541776,102638.4208577159,353.26164424488621,0.99865822158501505,-287.30633488598244,0.39544897725266026,0.60455102274733974,102638.4208577159,0.0058610702665229716,4.6674200477891654,368.83963290331309,53.901515468581493
621,OK,,351.48246495097294,136563.64377793786,0.690767989900263,20,10,2.2211080956302145,55.15588219461278,104248.71108660391,0.0,0.99927726962825947,0.56006339804422589,4.3727215402118409,-4.5283941444553548,0.00072273037174050642,3.5033111596259778,-325.49774744753034,44.844117805387199,0.0042999622634716256,104248.71108660391,353.76523573354484,0.99927726962825947,-289.63337806406628,0.43993660195577411,0.56006339804422589,104248.71108660391,0.0059463839370076776,4.7416199024285062,367.96670190329633,55.155882194612758
622,OK,,352.3840823562454,116060.31947088023,0.3255469739928158,21,14,1.313813934706551,56.2979116711456,115828.54119310918,0.0,0.70654583580366948,0.9702090392907935,3.2061903977856279,-3.6200581037895563,0.29345416419633052,3.5935353735130544,-301.26325709858918,43.7020883288547,0.0044788140543462621,115828.54119310918,364.10108884305578,0.70654583580366948,-246.70343694992479,0.029790960709206508,0.9702090392907935,115828.54119310918,0.0066543843598728565,5.1636762334931543,387.24850088964916,56.297911671145336
623,OK,,345.06246570443676,126448.02072507475,0.38052119274773677,24,9,2.122827397281278,57.52128784366165,101651.38929999535,0.0,0.89492529208450966,0.99935944774062713,4.1059307195144026,-4.5467900871525337,0.10507470791549033,3.3806971859999653,-320.95343531132659,42.478712156338304,0.0041593792100731901,101651.38929999535,355.15993079617948,0.89492529208450966,-252.84060948329312,0.00064055225937281214,0.99935944774062713,101651.38929999535,0.0067980782463803241,5.2994043383016587,383.90546200541576,57.521287843661618
624,OK,,351.09173682983044,114714.411615857,0.3592127524674627,17,10,2.358192454892406,46.19907923082515,104434.37281032768,0.0,0.66347939790911914,0.99511954065725838,5.7931138627667238,-6.1443231320924401,0.33652060209088086,4.4564419855727602,-305.01710630102525,53.800920769174986,0.0055366479388759002,104434.37281032768,361.63802823725018,0.66347939790911914,-251.4139867928958,0.0048804593427415246,0.99511954065725838,104434.37281032768,0.0054621233742750894,4.2535480142639859,384.66693059778891,46.19907923082512
625,OK,,328.13088863752796,148476.75429366715,0.367368520530255,22,13,1.2735793071141108,43.04914099891167,110694.55291067512,0.0,0.64257753437321474,0.99671283811044087,4.1507259376117185,-4.8745470091221614,0.35742246562678526,4.7340548695500599,-299.96123327318395,56.950859001088283,0.0059024849770741268,110694.55291067512,364.19884629267142,0.64257753437321474,-247.16452226721361,0.0032871618895590647,0.99671283811044087,110694.55291067512,0.0051061201869875344,3.9644953688114821,386.82903969314248,43.049140998911646
626,OK,,323.1195011012352,114881.70807524197,0.370980259462503,16,10,2.978674295154571,45.23484839070456,114881.70807524197,0.0,0.6720407959451804,0.99350921072741893,6.94462495115721,-7.7638016645460155,0.3279592040548196,4.5297346334829935,-299.53257177503747,54.765151609295586,0.0056510700979220839,114881.70807524197,364.71059233431833,0.6720407959451804,-244.86165905925691,0.00649078927258107,0.99350921072741893,114881.70807524197,0.0053716246941871177,4.1637495667595967,388.02425683468175,45.234848390704535
627,OK,,349.22571316420397,148311.1630361815,0.3968555116255614,24,11,3.1089190642934343,53.517352540851014,104668.33566320219,0.0,0.85350202724879476,0.99976610718405434,5.9474782673307036,-6.3271758686743524,0.14649797275120519,3.7263607794238705,-316.73683144674027,46.482647459148978,0.00459738683257739,104668.33566320219,357.07131108321113,0.85350202724879476,-250.77101045099982,0.00023389281594558324,0.99976610718405434,104668.33566320219,0.0063344523531341825,4.9308292654948431,384.96425665633922,53.517352540851029
628,OK,,322.3846176383262,119829.2201235545,0.3785018720153483,16,12,2.5771416122394886,41.52387522578395,119829.2201235545,0.0,0.63087600078838757,0.97690476967382478,6.6875592758301403,-7.5299389190037997,0.36912399921161254,4.8704408202565075,-294.04376082778037,58.476124774216075,0.0060985341594173926,119829.22012355451,367.29357894729156,0.63087600078838757,-243.56975981072384,0.023095230326175144,0.97690476967382478,119829.22012355451,0.0049237252466097859,3.8124931224443102,388.79612435002247,41.523875225783883
629,OK,,322.62996176561563,116273.48785449154,0.6937877022803484,16,8,1.6350787700884897,57.44841257607681,114893.15113441847,0.0,0.99496586160117639,0.52929259188000377,3.3807392893204509,-3.9903128944275728,0.0050341383988236552,3.3267874325853781,-319.42275425898583,42.55158742392328,0.0041020587389446143,114893.15113441847,357.11982070718676,0.99496586160117639,-285.513375519075,0.47070740811999617,0.52929259188000377,114893.15113441847,0.0061826047560437098,4.9139080027217776,370.43518134652857,57.448412576076805
630,OK,,337.1018352786609,117906.43512480662,0.6059115993120425,24,13,2.8329966668788154,52.130698142060595,113437.24993271012,0.0,0.99991297292229753,0.75588234088025286,5.5299200767618109,-5.9965550806186947,8.7027077702558084e-05,3.7392176813672764,-320.48388886707704,47.869301857938375,0.0046071193978674454,113437.24993271012,356.58373845453133,0.99991297292229753,-268.35426786133434,0.24411765911974717,0.75588234088025286,113437.24993271012,0.0058798439809018242,4.6247379606532988,377.64941074946444,52.130698142061675
631,OK,,338.38348135902015,132829.52665657888,0.5694313723014692,18,14,1.7668389867262333,42.82599939619462,109499.60334605999,0.0,0.93082066145735742,0.9130342263470268,4.8448835053650425,-5.3063545852186698,0.069179338542642646,4.5214451912860838,-318.59242504429159,57.174000603804863,0.005574825237300682,109499.60334605999,356.86789454080167,0.93082066145735742,-256.40802366740655,0.086965773652973186,0.9130342263470268,109499.60334605999,0.0049859424766448158,3.8936797694728771,382.67925866594737,42.825999396195073
632,OK,,353.4593448836666,136585.4112965582,0.6518201817492749,16,8,2.1323190951506543,57.68042136031458,116783.82755003945,0.0,0.99649616022534082,0.60106531791117446,3.9920647956715096,-4.1980244694765307,0.0035038397746592364,3.3077400326833137,-318.51650367198403,42.319578639685503,0.0040814638232153765,116783.82755003945,357.64225056620791,0.99649616022534082,-278.99716723718291,0.39893468208882565,0.60106531791117446,116783.82755003945,0.0063065074435475167,4.9918215230044325,373.29157626331437,57.680421360314526
633,OK,,339.9832757405866,149658.9777940653,0.5253458932253223,22,9,2.3545089672989175,55.277556663908584,103342.60340379013,0.0,0.99756698862091908,0.85670574681638556,4.5451151572482633,-4.9744126292148305,0.0024330113790809182,3.4948785745316804,-325.91491051681601,44.722443336100952,0.0042881731666531593,103342.60340379013,353.51088707301187,0.99756698862091908,-265.7437391652237,0.1432942531836145,0.85670574681638556,103342.60340379013,0.0063405824888637429,4.9820832802227804,378.2501446978651,55.277556663899027
634,OK,,358.0497781165028,145772.6880993062,0.583251096058607,24,10,2.117976799451921,48.239852602699315,119716.97064791061,0.0,0.99812054794046623,0.86189338141119054,4.8522247569454411,-5.0639591837132034,0.0018794520595337726,4.044444868587961,-317.08958054277969,51.760147397308081,0.0049960266048805135,119716.97064791061,358.45453466477596,0.99812054794046623,-255.0301817862416,0.1381066185888094,0.86189338141119054,119716.97064791061,0.0055799291956249589,4.3512957322655756,383.76045925261161,48.239852602691997
635,OK,,321.05491880190766,133163.2209179622,0.5187397242940786,25,10,3.0432995169719033,55.31911259780877,116605.47291248069,0.0,0.99934025081084488,0.86943819473433304,5.4376961321483241,-6.2111825170977264,0.00065974918915511708,3.4905198061508171,-318.77555177376559,44.680887402175529,0.0043062821239056919,116605.47291248069,357.53023760116719,0.99934025081084488,-256.18364718636201,0.13056180526566694,0.86943819473433304,116605.47291248069,0.0064005947804047728,4.9957082509105746,383.11126082933987,55.319112597824457
636,OK,,338.68649037320046,115179.29614943602,0.45594007215078364,16,7,1.5072178048184202,56.70229832147095,108176.19212957048,0.0,0.94572793052586335,0.91806043938869475,3.3169759392680116,-3.8346400832766339,0.054272069474136743,3.4150236107790333,-320.20070798219308,43.297701678534324,0.0042061539666620991,108176.19212957048,356.1345362306318,0.94572793052586335,-256.76367642228604,0.081939560611305237,0.91806043938869475,108176.19212957048,0.006604634786014133,5.1592909435580196,382.45974908974279,56.702298321465676
637,OK,,344.51442266140583,106919.12381962061,0.3200111194842985,23,11,2.1611668143377165,55.2965894801895,102449.69810318429,0.0,0.71484874386094344,0.99918738040688659,4.5034353271613581,-4.9766590790629435,0.28515125613905662,3.6706658702087975,-309.50848085562836,44.703410519810468,0.004547328439481902,102449.69810318429,359.66676943396311,0.71484874386094344,-252.3182388056311,0.00081261959311340669,0.99918738040688659,102449.69810318429,0.0065373915264802449,5.0943106529464623,384.17485670549434,55.296589480189489
638,OK,,331.76006616201033,139841.65726810758,0.3603343298596763,17,10,2.5296043713483254,51.844076047802005,113177.17438426192,0.0,0.7406904756818592,0.99296354000833909,5.3691380966425317,-6.0679060292760214,0.25930952431814075,3.9367019201043045,-304.93230520558427,48.155923952198151,0.0048947163170758017,113177.17438426192,362.43282811529366,0.7406904756818592,-245.98528639260019,0.0070364599916609418,0.99296354000833909,113177.17438426192,0.0061511084110029146,4.7717148891090551,387.45608396184775,51.844076047801948
639,OK,,322.35553433322383,119084.29678186473,0.5928760013986253,20,8,3.2453230046334847,42.39025191468295,119084.29678186473,0.0,0.99871355852127608,0.95867060125994508,7.3543549285487275,-8.0897014059826464,0.0012864414787239135,4.5010429574794699,-317.45023237009536,57.60974808530456,0.0055585585053013484,119084.29678186473,358.26078138909156,0.99871355852127608,-245.90165334785084,0.041329398740054903,0.95867060125994508,119084.29678186473,0.0050050383264074096,3.8811971832747316,387.73781945574802,42.390251914695412
640,OK,,339.84250501621426,118932.55924577736,0.44131458608155394,25,9,2.882107470958415,58.93010893755885,118932.55924577736,0.0,0.99750463546817481,0.94630839901314101,4.7959195999491655,-5.3693070813741413,0.0024953645318251906,3.2094822654392661,-317.45793583612522,41.069891062451589,0.0039634699371543678,118932.55924577736,358.24277943030347,0.99750463546817481,-247.25192170746379,0.053691600986859038,0.94630839901314101,118932.55924577736,0.0069388837911681656,5.3853468585621718,387.13680967354588,58.930108937548447
641,OK,,324.8039631574249,109741.6351270244,0.3910068491504022,19,8,3.478409981237598,48.15632331272713,109741.6351270244,0.0,0.75393183275897158,0.99970747905420554,7.331105618980331,-8.0953126372220154,0.24606816724102834,4.2285432882020881,-307.7086595871246,51.843676687272975,0.0052473556041453488,109741.6351270244,361.0421856891553,0.75393183275897158,-247.4597822796031,0.00029252094579439527,0.99970747905420554,109741.6351270244,0.0057131541670175749,4.436850435775459,386.65769087872599,48.156323312727125
642,OK,,341.2766925479637,147614.00087197823,0.31655081519086475,20,11,1.5411241734960301,45.62324984132668,115875.86810513811,0.0,0.58002285785404817,0.99747226487287599,4.4524713707928631,-5.0360078387181657,0.41997714214595178,4.5677931335665694,-292.75829243025919,54.376750158673438,0.005722293339386785,115875.86810513811,367.51828001151506,0.58002285785404817,-243.8265904665123,0.0025277351271240007,0.99747226487287599,115875.86810513811,0.0054247826846320979,4.2020370165486307,388.52306422084604,45.623249841326661
643,OK,,328.6396349391931,134300.39643582664,0.4789551849626502,24,14,2.290179464598254,56.275967558212734,113670.73135987297,0.0,0.99970449388719118,0.92564487196052558,4.3354756373929408,-5.0206048564600545,0.00029550611280879948,3.4155458598740909,-320.34726457784149,43.724032441792325,0.0042087500026974679,113670.73135987297,356.65767450989614,0.99970449388719118,-252.5440181792323,0.074355128039474402,0.92564487196052558,113670.73135987297,0.0065818487886194254,5.1264863393413824,384.57633423435988,56.275967558207654
644,OK,,345.1329325992293,115361.71870320331,0.3738606415453685,22,13,2.875962644472125,53.063538200214595,101750.25740391783,0.0,0.79415859726870019,0.99790685855797412,5.7299193334197005,-6.1637102974852604,0.20584140273129978,3.8018108325876701,-314.86007016670845,46.936461799785462,0.0046944390700341676,101750.25740391783,357.49967071981388,0.79415859726870019,-252.92570605542963,0.0020931414420259139,0.99790685855797412,101750.25740391783,0.0062695602547334526,4.8876331738028895,383.87182591024356,53.063538200214559
645,OK,,334.86373448352913,118906.52549618244,0.6250338592338363,18,9,2.4766980154751903,46.28604320849949,118906.52549618244,0.0,0.99863599009550685,0.80852337148296538,5.6160816477620994,-6.1363392366967835,0.0013640099044930497,4.1967236759842841,-317.53750560634796,53.713956791499307,0.0051823896115713881,118906.52549618244,358.21137030913144,0.99863599009550685,-260.43466071701761,0.1914766285170347,0.80852337148296538,118906.52549618244,0.0052915833786973017,4.1404099560566507,381.36787905716221,46.2860432085008
646,OK,,346.18624370933327,118751.88489575431,0.636361080865218,23,13,2.1579827420182305,42.12547767620782,118751.88489575431,0.0,0.99975138642592776,0.86288644133698433,5.495421450823831,-5.8524317391539569,0.00024861357407224429,4.5208872479063338,-317.68259275804508,57.87452232380133,0.0055821388935812849,118751.88489575431,358.14334255558595,0.99975138642592776,-255.51142372050938,0.13711355866301569,0.86288644133698433,118751.88489575431,0.0048717117450759488,3.8003581547683369,383.50550126448223,42.125477676198614
647,OK,,356.1672663734561,130550.7878232807,0.6546485096424658,17,10,2.3979518641371618,57.22742035041041,116279.39422907833,0.0,0.99914983592338091,0.60283663170261381,4.3754348620645684,-4.5378809638308741,0.00085016407661906183,3.3415549568366143,-318.93540730116672,42.772579649589531,0.0041219910754794354,116279.39422907833,357.43900096461829,0.99914983592338091,-279.1529519802632,0.39716336829738619,0.60283663170261381,116279.39422907833,0.0062579678188038603,4.9540394192767883,373.19438029857656,57.227420350410391
648,OK,,321.3883102069251,110784.34435632656,0.6160022739057568,21,12,1.2752882516256876,53.30052450362845,110784.34435632656,0.0,0.9934672480074167,0.71471522790042485,3.210732855267505,-3.8746519995187896,0.006532751992583229,3.6520611353122145,-321.53949503418579,46.699475496371846,0.004495796834885611,110784.34435632656,355.92041598596677,0.9934672480074167,-273.4576515131796,0.28528477209957515,0.71471522790042485,110784.34435632656,0.0059529072294541192,4.6977407311734112,375.29473891249592,53.300524503628175
649,OK,,326.61160099641245,124322.39458848069,0.3705534214459141,16,10,3.3321450096771636,58.8596287342061,103010.6865624892,0.0,0.8815594522577076,0.98661800961409341,5.5264827434642809,-6.2525945419615434,0.11844054774229239,3.2818972961296478,-319.37063964991569,41.140371265793959,0.0040421151422783104,103010.68656248919,355.90115044370128,0.8815594522577076,-253.25139411986623,0.013381990385906617,0.98661800961409341,103010.68656248919,0.0069414991136731406,5.4121856122984502,383.78298912347026,58.859628734206041
650,OK,,342.47841576364505,132703.48303130598,0.6846380334940488,16,9,2.7223281978694134,47.90290657900131,101574.89499372199,0.0,0.99933763558973676,0.6576154066576827,5.877898294609281,-6.1610339245390922,0.00066236441026321991,4.0698838449620061,-327.02913415731462,52.097093420998711,0.0049895570804638825,101574.89499372199,352.90299786624416,0.99933763558973676,-283.8758441982701,0.34238459334231736,0.6576154066576827,101574.89499372199,0.0052643384905025677,4.1836454556152631,370.2355673218097,47.902906579001261
651,OK,,343.45457643019455,108697.14578931063,0.6302758925418819,22,12,3.289656270114669,50.726026923551984,108697.14578931063,0.0,0.99992039085032625,0.72878737659522286,6.3842454608474268,-6.7210930630369345,7.960914967377556e-05,3.8489357226426844,-323.05232669949146,49.273973076447973,0.0047330233659034909,108697.14578931063,355.14637346120958,0.99992039085032625,-273.57127043091634,0.27121262340477714,0.72878737659522286,108697.14578931063,0.0056769202000199791,4.4808451242004104,375.12436453739309,50.726026923552013
652,OK,,347.32138491749186,136938.17602037374,0.5041035507016691,22,11,3.350662999169164,41.98220740487474,101510.88402121051,0.0,0.8686749105222864,0.99972001760697748,7.850923996504438,-8.1813178428437752,0.13132508947771371,4.6387478119076171,-319.48639320492168,58.017792595125044,0.0057120558493290131,101510.88402121051,355.69943581517606,0.8686749105222864,-252.89823331552151,0.00027998239302246165,0.99972001760697748,101510.88402121051,0.0049616688221721383,3.8680098057687475,383.87336666457736,41.98220740487475
653,OK,,337.6401492395611,131334.65093574653,0.44976605758196536,20,12,2.6606990436635787,57.9719583600922,108504.89816247791,0.0,0.99923341149560496,0.94858234194241697,4.6481099840748676,-5.1970660050234754,0.00076658850439500689,3.2833395757609933,-323.11862116651741,42.028041639891299,0.0040372779151506477,108504.89816247791,355.10137642065888,0.99923341149560496,-253.52304395598179,0.051417658057583006,0.94858234194241697,108504.89816247791,0.0067980655859669597,5.2996350156771399,383.91052412051243,57.971958360108637
654,OK,,340.04801596614953,148177.55512327366,0.39890930734306895,24,9,1.6528299775519328,47.47782512063173,114584.75266635853,0.0,0.75931900739825009,0.99979263922718131,4.3861318506529603,-4.9456387508207733,0.24068099260174985,4.2799150957605914,-305.33295911225991,52.522174879368272,0.0053208156878174527,114584.75266635853,362.39848304741957,0.75931900739825009,-244.38328489235806,0.00020736077281873391,0.99979263922718131,114584.75266635853,0.0056449548939489563,4.3743941741108712,388.22411128305663,47.477825120631728
655,OK,,325.1912070780756,118586.66725350269,0.342360222013128,19,9,1.4568440462404526,40.43794277576191,107092.43036943296,0.0,0.57416067274855365,0.99906445895711282,4.7377722132135149,-5.4961362415864219,0.42583932725144646,5.0082704384706558,-297.45739081466081,59.562057224237947,0.0062521093446581671,107092.43036943296,364.92612072056079,0.57416067274855365,-249.2459330544819,0.00093554104288723209,0.99906445895711282,107092.43036943296,0.0047909934704746431,3.7253579148806177,385.74971817634247,40.437942775761904
656,OK,,356.06849066610243,127475.63184679768,0.5386355474205414,20,12,1.993167531800467,46.608908332629724,115038.24712780723,0.0,0.99112306993950028,0.97969460999795366,4.8220604338858921,-5.0824546071909662,0.0088769300604996989,4.1771242978631413,-319.12235923672142,53.391091667375875,0.0051515205055002577,115038.24712780723,357.24379485425141,0.99112306993950028,-246.20991816921941,0.020305390002046345,0.97969460999795366,115038.24712780723,0.0055185858705795801,4.2811967038274981,387.43380212347608,46.608908332624047
657,OK,,353.1182591009012,113361.73436770603,0.5826449372278841,22,13,2.4575221827200835,56.22787500430333,103311.03440659963,0.0,0.9998350785600445,0.74212812261060557,4.5829585840895204,-4.7737467046303115,0.00016492143995551815,3.4192224815424486,-326.06222178498575,43.772124995696849,0.0041949732358685663,103311.03440659963,353.45375018695006,0.9998350785600445,-275.86763402207902,0.25787187738939449,0.74212812261060557,103311.03440659963,0.00629491213247565,4.9773683534504327,373.81009337477576,56.22787500430325
658,OK,,350.33537332017517,112364.65298320228,0.30222893896976866,23,8,3.096183200590985,43.372923826573455,103505.9239547152,0.0,0.53370964224909967,0.99998899472751923,7.5560590448465117,-7.9379703094385734,0.46629035775090044,4.7936124481275932,-296.8351547110326,56.627076173426588,0.0059847942234466439,103505.9239547152,364.89947062272785,0.53370964224909967,-251.52362142122109,1.1005272480900191e-05,0.99998899472751923,103505.9239547152,0.0051311810041373791,3.9963064105660138,384.57696311953634,43.372923826573455
659,OK,,351.9524110841194,116959.8905656925,0.4528306300615279,17,13,2.2838378755111233,52.14364439428825,116959.8905656925,0.0,0.87748993474692438,0.93691287429777936,4.8452756719952985,-5.2060106049897898,0.12251006525307565,3.8203842796475813,-311.35638308135361,47.85635560571118,0.0047336835144731349,116959.89056569251,360.30478961566371,0.87748993474692438,-249.39585891462463,0.063087125702220664,0.93691287429777936,116959.89056569251,0.0061221548039750136,4.7582917616209048,386.10861697212925,52.143644394288771
660,OK,,340.67608431300476,121776.27461026066,0.36788110931340817,22,11,3.454279213116325,58.088042802647706,104280.95388797835,0.0,0.87661669351622074,0.99918417643429636,5.7905465731350372,-6.3184079614423441,0.12338330648377933,3.3463548998909771,-318.34048329491281,41.911957197352294,0.0041245042171989309,104280.95388797835,356.42302575068089,0.87661669351622074,-251.09007985215374,0.00081582356570353558,0.99918417643429636,104280.95388797835,0.006873334656937481,5.3514763512005947,384.80479053728379,58.08804280264772
661,OK,,344.73635625374885,137304.0689877469,0.6327868529896497,17,8,2.5430587334280492,41.337347315183806,104552.78614403347,0.0,0.99813104028327015,0.88568035793724409,6.2925414642665816,-6.6066595225599425,0.00186895971672988,4.5837855896561406,-325.26023941986227,58.662652684813409,0.0056270856699555524,104552.78614403347,353.8858357094602,0.99813104028327015,-262.23620251266124,0.11431964206275601,0.88568035793724409,104552.78614403347,0.0047736787350294721,3.7424732359162469,379.86217751322602,41.337347315186541
662,OK,,324.2573671854964,133486.64092549952,0.41256653336856375,20,8,3.2940804651584115,53.08806416185037,102471.56927919338,0.0,0.87907019279119858,0.99966529471949617,6.250874916076552,-6.9833055746198429,0.12092980720880137,3.7439511917091655,-319.53800375487276,46.91193583814956,0.0046105061198869922,102471.56927919338,355.78116250183751,0.87907019279119858,-252.25333908227373,0.00033470528050383818,0.99966529471949617,102471.56927919338,0.0062770078817463168,4.8912016471625996,384.20485507347161,53.088064161850369
663,OK,,338.61976762272764,147394.48357778168,0.3109565197631881,24,9,2.616582646014687,49.60612147828968,112266.83563800216,0.0,0.61701153748303317,0.99995872465243318,5.8567954034126366,-6.4701623852664421,0.38298846251696683,4.2070756071285587,-297.34314331758765,50.393878521710349,0.005254379356894808,112266.83563800216,365.3812209272362,0.61701153748303317,-245.8222103899484,4.1275347566771954e-05,0.99995872465243318,112266.83563800216,0.0058921608388624149,4.5706014318169252,387.49076643918136,49.606121478289673
664,OK,,338.27981373467446,149191.24145496468,0.47052887205503924,20,11,3.1738906115822245,40.904109493973436,113480.15761957025,0.0,0.79549455698130334,0.99896274558911335,7.7245864550953884,-8.2623022499593137,0.20450544301869661,4.7856061332409645,-308.21276714168442,59.095890506026535,0.0059387766727227479,113480.15761957025,361.18344821107678,0.79549455698130334,-245.16251462479943,0.0010372544108865525,0.99896274558911335,113480.15761957025,0.0048601126977657477,3.7682453096111925,387.83348620715861,40.904109493973422
665,OK,,334.7164007172368,106071.90890543992,0.5182560635693999,19,8,1.289534084606737,44.13726468956397,103253.90354092298,0.0,0.92253007207615878,0.99341705638813393,3.9350520294164304,-4.4585865179865083,0.077469927923841275,4.4242436646914722,-321.6373839838796,55.862735310437195,0.0054419606566276021,103253.90354092298,355.07631941640574,0.92253007207615878,-252.38077802222122,0.0065829436118660977,0.99341705638813393,103253.90354092298,0.0052135325149441115,4.0626628034383145,384.1827912584094,44.13726468956294
666,OK,,358.5518938289854,115660.60033359908,0.5237536195576766,25,7,1.685915495870184,59.66932631595702,115660.60033359908,0.0,0.97552903578632411,0.78160271702829842,3.278492301833364,-3.4793340469674439,0.024470964213675925,3.1641463989958964,-317.88270472583673,40.330673684047561,0.0039052693562978591,115660.60033359908,357.75863450713916,0.97552903578632411,-264.77129831489901,0.21839728297170166,0.78160271702829842,115660.60033359908,0.0067733625225142131,5.3150488727489584,379.32076263610185,59.669326315952496
667,OK,,323.8945742990081,119171.0011238424,0.5099719787282095,18,9,1.6026366585566831,45.577467130496196,119171.0011238424,0.0,0.92791790165711974,0.9890833036363893,4.321559072516429,-5.0849908281625922,0.072082098342880263,4.3060689546814581,-313.22303538259268,54.422532869504302,0.0053307797679216801,119171.0011238424,359.81672867573485,0.92791790165711974,-242.69332408285288,0.010916696363610706,0.9890833036363893,119171.0011238424,0.005417174937554458,4.1924572596075977,389.15644365413607,45.577467130495741
668,OK,,324.21480965330255,109050.33985520751,0.37703823299973815,16,11,3.384920040918729,48.49335399389254,109050.33985520751,0.0,0.72081302095032962,0.98809811766443234,7.1688082864393179,-7.9421742655311869,0.27918697904967044,4.2249810441561566,-306.00469086225684,51.506646006107616,0.005247967710661083,109050.33985520751,361.65015404669828,0.72081302095032962,-249.12300930697853,0.011901882335567672,0.98809811766443234,109050.33985520751,0.0057368373565137836,4.4600058849826709,385.88862466752863,48.493353993892484
669,OK,,352.64958772283995,118321.0536128114,0.4308656905183615,17,11,2.273355375809656,41.076163593262265,118321.0536128114,0.0,0.72398756043694201,0.98961820085342334,6.0935918537660072,-6.4536925152721762,0.27601243956305799,4.8307736993775059,-301.02711805277067,58.923836406737792,0.0060229249005648465,118321.0536128114,364.39950912189084,0.72398756043694201,-243.1535510496837,0.010381799146576652,0.98961820085342334,118321.0536128114,0.0048809513823103341,3.7787116620256929,388.91917802049539,41.076163593262223
670,OK,,324.31960351071007,123125.3084251406,0.40023233786112894,19,11,2.8596853755933336,46.169613249604886,119498.98171011457,0.0,0.74127829509926635,0.99740226389599118,6.5439165722345471,-7.3564261574503371,0.2587217049007336,4.4001401303904704,-301.5046818020038,53.830386750395157,0.0054849923317847275,119498.98171011457,364.30943586046072,0.74127829509926635,-241.61621714818114,0.002597736104008879,0.99740226389599118,119498.98171011457,0.005498269876479488,4.2523133788175693,389.64509361614665,46.169613249604879
671,OK,,355.91762213517995,127292.3249410673,0.6962017046498974,16,12,1.290729565547737,49.82649602071322,109558.48580947268,0.0,0.99516895958932872,0.60484765569734278,3.4736876743453693,-3.5908153149087991,0.0048310404106712244,3.9225446233792751,-322.30618557783652,50.173503979286892,0.0048260376930449158,109558.48580947268,355.51051905816962,0.99516895958932872,-282.98939607632798,0.39515234430265711,0.60484765569734278,109558.48580947268,0.0054351809196301736,4.3147647897782084,371.14113401715758,49.826496020713165
672,OK,,334.49942829139616,126511.57913318354,0.5480155094474926,22,10,2.7314159851377195,49.55184495599026,102437.14800295165,0.0,0.99933765501238303,0.91147029969802684,5.7033732898077476,-6.2042866369190683,0.00066234498761684902,3.9410669007304615,-326.53335903189424,50.448155044014001,0.0048334545501183945,102437.14800295165,353.1825844433057,0.99933765501238303,-261.16450845134955,0.088529700301973116,0.91147029969802684,102437.14800295165,0.0057482903606892637,4.5040972128034387,380.2311986856202,49.551844955986141
673,OK,,323.3597271832073,140019.5481839488,0.36135709266273097,18,9,3.37738965788607,47.24064368191372,111695.39219358297,0.0,0.68413264897516379,0.99912551847441677,7.3594205930749395,-8.1675845532317748,0.31586735102483621,4.3548829341653699,-302.12386001604369,52.759356318086169,0.0054231029551769097,111695.39219358297,363.41599766325965,0.68413264897516379,-246.2725485295033,0.00087448152558332554,0.99912551847441677,111695.39219358297,0.0056087420323607104,4.3520992875974036,387.26710909736482,47.240643681913724
674,OK,,359.10656813953216,119689.74269682285,0.33125785369111393,25,10,1.5847098217474134,53.328271341652716,105992.47202217483,0.0,0.70919098284463145,0.99950089792577557,3.8409241498928584,-4.0973504474572726,0.29080901715536844,3.8359913294034675,-307.04118157291924,46.671728658347227,0.0047606123938915374,105992.47202217483,360.96824137741089,0.70919098284463145,-249.92230616060652,0.00049910207422441358,0.99950089792577557,105992.47202217483,0.0063155996709014393,4.9132098607959822,385.40067551060878,53.328271341652687
675,OK,,338.9917356441694,118233.10764727504,0.36934285149955737,16,10,1.467400000157577,56.91270523469502,118233.10764727504,0.0,0.79339001352895566,0.9516934617350028,3.3234252659737313,-3.9325214080735069,0.20660998647104439,3.4904963014165151,-305.49252607734314,43.087294765305273,0.0043403477062460196,118233.10764727504,362.65388594821007,0.79339001352895566,-247.12881128108171,0.048306538264997215,0.9516934617350028,118233.10764727504,0.0067071289298836516,5.2052846238419654,387.16160133626073,56.912705234694727
676,OK,,330.3164240135498,127833.10424680801,0.3888520006754385,22,12,2.2302839977031472,54.494472891454265,119537.12025869847,0.0,0.85035607944607738,0.9965262817979651,4.5488719665629569,-5.2942363040359712,0.14964392055392262,3.650036277327537,-308.33349655032669,45.505527108545841,0.0045316712468831963,119537.12025869847,361.68288333642244,0.85035607944607738,-241.68594250931415,0.003473718202034909,0.9965262817979651,119537.12025869847,0.0064885331693997541,5.0183799642570612,389.61580299743656,54.494472891454208
677,OK,,359.27250808133823,149338.0939072657,0.4717396609724111,18,13,1.7243415835758726,42.33634400992275,118576.89786442799,0.0,0.7922575899622919,0.96481753422597261,4.9110423958205232,-5.1499847740706128,0.20774241003770816,4.6722414132282521,-305.23700301560831,57.663655990077345,0.0058108675973872481,118576.89786442799,362.78223486816228,0.7922575899622919,-245.57791217166442,0.03518246577402747,0.96481753422597261,118576.89786442799,0.0050042416306352745,3.8799117056518573,387.85953054264627,42.336344009922577
678,OK,,333.30835779659026,116243.29726004288,0.5814836929053873,23,7,2.650792748326791,52.80037643762967,116243.29726004288,0.0,0.99566981002432142,0.78876800095995148,5.1915676208143662,-5.7425125612611438,0.0043301899756785682,3.6897162450309362,-318.75174559762337,47.199623562352812,0.0045519300420740483,116243.29726004288,357.50183922841967,0.99566981002432142,-263.78841868362343,0.21123199904004861,0.78876800095995148,116243.29726004288,0.0060042448866828553,4.7085034197620725,379.77743482616864,52.800376437647003
679,OK,,321.2261741050754,114329.92392549761,0.4994543273438484,25,8,1.8179996861642986,59.208311874706745,114329.92392549761,0.0,0.98761446599649794,0.83686460323545919,3.4722435157920892,-4.2376373417129409,0.012385534003502039,3.1934004259181235,-319.29399427334965,40.791688125279556,0.0039376570358064774,114329.92392549761,357.10844009304844,0.98761446599649794,-260.60623854334244,0.16313539676454075,0.83686460323545919,114329.92392549761,0.0067964353277815467,5.3198784667440826,381.06696004465073,59.208311874720465
680,OK,,346.30735355242734,127255.21956148045,0.3726024226207986,20,9,1.3154185539942487,54.22676324725509,115726.62851307291,0.0,0.80218770453590305,0.99001388779653587,3.3121177544981877,-3.8026156829936189,0.19781229546409704,3.7024356313681035,-307.39742680113989,45.773236752745412,0.0045977146289126244,115726.62851307291,361.69935460699355,0.80218770453590305,-244.70490020788174,0.0099861122034641363,0.99001388779653587,115726.62851307291,0.0064369016588214228,4.9887732271210137,388.12819254435993,54.226763247254596
681,OK,,355.00461673819484,129636.80172122121,0.6474220957356124,24,11,2.599750895826638,41.40707459776914,104694.31365041902,0.0,0.99973352930102599,0.85111487519956663,6.3829783542770766,-6.5353390348735942,0.00026647069897396686,4.5770202154782966,-325.27185123520923,58.592925402239814,0.005618825587331777,104694.31365041902,353.89755484990627,0.99973352930102599,-265.37425749058161,0.14888512480043345,0.85111487519956663,104694.31365041902,0.0047469081485039073,3.7287103551392944,378.48410451608027,41.407074597760293
682,OK,,355.87439845562733,113187.84391171664,0.5506017825743175,23,10,2.808030641217276,48.86317289314537,111530.05325810282,0.0,0.99927886444131531,0.91895271018090052,5.8748327921378936,-6.1056336641878977,0.00072113555868472709,3.994908909808967,-321.47133828060635,51.136827106866221,0.0049184177311855622,111530.05325810282,356.02454937782215,0.99927886444131531,-254.54292095002521,0.081047289819099491,0.91895271018090052,111530.05325810282,0.0057012397602523596,4.4466275444471215,383.59722732394545,48.863172893133751
683,OK,,335.3994857939528,136108.11336519234,0.43517191441174735,22,13,2.3485879419420765,43.30770302508993,107822.61603185344,0.0,0.76628287063490985,0.99827154600401857,5.9882708664488016,-6.5587979696068368,0.23371712936509006,4.6141913996824027,-309.58166233442444,56.6922969749101,0.0057185851275932831,107822.61603185344,360.13549597817456,0.76628287063490985,-248.85280837250497,0.0017284539959813931,0.99827154600401857,107822.61603185344,0.0051318318367002983,3.9892537980207767,385.95619226592822,43.307703025089907
684,OK,,358.9692324019991,118400.17501115508,0.5089539292306121,23,13,1.2471219168406773,50.295310871781645,118400.17501115508,0.0,0.9458216818874049,0.92278365146171515,3.3968974669109393,-3.6304650070127535,0.054178318112595152,3.9202971595118492,-314.69158293783016,49.704689128220863,0.0048487310530879076,118400.17501115508,359.20028668092039,0.9458216818874049,-249.93065869519464,0.077216348538284851,0.92278365146171515,118400.17501115508,0.0058908449641994634,4.5796570310674767,385.93570569835549,50.295310871779208
685,OK,,321.60499782890184,140842.9845357829,0.3026506247000932,18,11,1.735765792129785,44.925539403806404,104040.25478069979,0.0,0.54574137422943148,0.99535563374269687,4.9006553387905711,-5.7207874958077909,0.45425862577056852,4.6528853670901338,-297.34415382321998,55.074460596193575,0.0058075241722540666,104040.25478069979,364.73113584496713,0.54574137422943148,-251.65198363932026,0.0046443662573031029,0.99535563374269687,104040.25478069979,0.0053108441088730004,4.1364420103186514,384.54325433692867,44.925539403806383
686,OK,,343.30773517721417,120500.55379070056,0.360985920057074,20,11,1.9239987235183547,40.94963563891373,119409.06167260336,0.0,0.61024885717941446,0.99845726006248836,5.5351829531734742,-6.0778079127485185,0.38975114282058554,4.9353538382673063,-292.86915371100196,59.050364361086217,0.0061839849530838341,119409.06167260336,367.73534309191882,0.61024885717941446,-241.55880986249358,0.0015427399375115961,0.99845726006248836,119409.06167260336,0.0048775632921034175,3.7721490120913508,389.66690812977009,40.949635638913726
687,OK,,343.7527791962567,128281.67640296498,0.5990181806816743,22,13,2.9862229080431613,51.35895822422636,107731.99806910068,0.0,0.99993154895626923,0.7806788491835509,5.859069283305339,-6.2079005479702545,6.8451043730781853e-05,3.7994879745758778,-323.58538357681601,48.641041775774134,0.004670320330380476,107731.99806910068,354.84746984137956,0.99993154895626923,-269.73756748781511,0.21932115081644904,0.7806788491835509,107731.99806910068,0.0058085222064735206,4.5741367831273623,376.73499593990033,51.358958224226079
688,OK,,346.705858689843,133392.73801078805,0.3545398132431044,23,13,3.0809395275650022,44.367179338592486,110214.89134718859,0.0,0.63693911397562597,0.99956585420673938,7.284720625446913,-7.7355551653227028,0.36306088602437403,4.6288924700215608,-299.86331337700858,55.632820661407536,0.0057714895973573939,110214.89134718859,364.19918159610717,0.63693911397562597,-247.17082812959956,0.00043414579326065116,0.99956585420673938,110214.89134718859,0.0052645834131249064,4.0876520700746806,386.8060931704764,44.367179338592479
689,OK,,355.1965643174594,105265.2380073166,0.32690977964588724,24,13,2.6472741642492013,55.447490297578206,104299.52899015066,0.0,0.73260453586667507,0.99906925864317286,5.1604685140085307,-5.474648979480107,0.26739546413332499,3.6471792259828755,-309.52599314047427,44.552509702421865,0.0045188981190028739,104299.52899015066,359.83136603966449,0.73260453586667507,-251.08976608396384,0.00093074135682719562,0.99906925864317286,104299.52899015066,0.0065607813767044826,5.1081208294087848,384.80574726967404,55.447490297578192
690,OK,,347.5068944357508,136186.99024093096,0.4088634335953773,16,8,2.3044833657590926,51.60760695436832,101862.65590904742,0.0,0.83788546547552611,0.99343002694690807,4.9998418137039664,-5.3806505652143866,0.16211453452447386,3.8900590081033153,-317.44138556491964,48.392393045631763,0.0047960926942846177,101862.65590904742,356.51577832111599,0.83788546547552611,-253.31727813147995,0.0065699730530919933,0.99343002694690807,101862.65590904742,0.0060919366521268101,4.750288016993216,383.7017324098789,51.607606954368237
691,OK,,330.77474913165764,105747.03388367071,0.5113070908111383,15,10,2.683400471237559,57.711952904779594,103176.90859259006,0.0,0.99830579300141065,0.84553794764230694,4.7186960942076031,-5.2868951087770579,0.0016942069985894132,3.3042020995215053,-326.0515206375934,42.288047095215703,0.0040538252616144918,103176.90859259006,353.4423530898502,0.99830579300141065,-266.87980824686366,0.154462052357693,0.84553794764230694,103176.90859259006,0.006603588966263254,5.1924514077884334,377.74024615197067,57.711952904784276
692,OK,,359.23687000432295,106960.33864840498,0.3030283733647332,16,10,2.3267156336253567,53.21486505037433,104012.65401372856,0.0,0.63537383731515151,0.98916117491462641,5.0096456500196451,-5.2615930244647862,0.36462616268484843,3.8937537557964244,-303.42696026666999,46.785134949625707,0.0048420581308801754,104012.65401372856,362.24234439663388,0.63537383731515151,-252.3166682815978,0.010838825085373651,0.98916117491462641,104012.65401372856,0.0062822215519433254,4.8950437690481632,384.2452838720593,53.214865050374243
693,OK,,332.1102076505883,138359.5556099314,0.30404616970405335,15,13,2.102484326944425,42.641838138159116,107658.83156422389,0.0,0.48342458448116538,0.9372383667638714,5.8141904613438431,-6.4864436704151807,0.51657541551883457,4.8959568470220418,-290.72403933558911,57.358161861840934,0.0061373078926191729,107658.83156422389,367.75457067302034,0.48342458448116538,-255.20430807824911,0.062761633236128517,0.9372383667638714,107658.83156422389,0.0049862428107773707,3.8914130566270329,383.12626108624357,42.641838138158995
694,OK,,358.87190506288186,138412.7201155431,0.5523365573539101,20,14,2.6873667656391005,54.841286544779194,113292.89536143982,0.0,0.99988712495013155,0.81619615061412931,5.0189416806106886,-5.196297980878831,0.00011287504986852658,3.5275016976454627,-320.55948205896902,45.158713455220123,0.0043460105281672001,113292.89536143982,356.5412176196125,0.99988712495013155,-263.12410057605871,0.18380384938587066,0.81619615061412931,113292.89536143982,0.0062647026152977811,4.9116014591530552,379.91537689446989,54.84128654477982
695,OK,,358.8093760656986,135954.05685865885,0.6638213206834422,17,12,1.5267278798176054,56.0974574469507,103287.18040480932,0.0,0.99816702462975671,0.5978416345193559,3.3604207219228739,-3.4164361502032023,0.0018329753702433004,3.4304371311635582,-325.98072183674742,43.902542553049365,0.0042089198871877315,103287.18040480932,353.480652566684,0.99816702462975671,-287.40528785578169,0.40215836548064415,0.5978416345193559,103287.18040480932,0.0060931178670835104,4.8522909189879257,368.84261653898722,56.097457446950642
696,OK,,325.0343116812456,113881.33207959861,0.44608248869782513,23,10,3.1282398060772882,57.28016647984784,104506.62571354953,0.0,0.9992264064918791,0.9664550008563767,5.3381020673626196,-6.0553431450507498,0.00077359350812084254,3.3373883484954132,-325.34891363612667,42.719833520148519,0.0040967707441051347,104506.62571354953,353.84841582952862,0.9992264064918791,-254.32608415724621,0.033544999143623265,0.9664550008563767,104506.62571354953,0.0067305120585926352,5.250753033990188,383.37159185217905,57.28016647985153
697,OK,,353.28173195709434,110759.93289172689,0.37303702306530945,24,10,1.3948659271827766,58.27563152458852,110759.93289172689,0.0,0.86854308517922418,0.98173695323588916,3.0944901135784839,-3.4561483698547941,0.13145691482077579,3.3361024339892413,-314.18879328511719,41.724368475412533,0.0041244230576631749,110759.93289172689,358.64419354626597,0.86854308517922418,-248.68875399791426,0.018263046764110839,0.98173695323588916,110759.93289172689,0.0068899056816051968,5.3544968282749812,386.15484478195884,58.275631524587354
698,OK,,355.92349580498785,107096.44629172186,0.6465528273465604,23,8,3.346904288822862,40.145416653786114,105646.53901840751,0.0,0.99915974648979011,0.87916447712997259,7.8712003267736437,-8.0183884957634106,0.00084025351020990558,4.6760570772307481,-324.70312967275771,59.854583346220274,0.0057428569517566199,105646.53901840751,354.2108665104837,0.99915974648979011,-262.13873949521877,0.12083552287002745,0.87916447712997259,105646.53901840751,0.0046319256482201098,3.6308927805161462,379.96035752956965,40.145416653779648
699,OK,,325.49450717943245,131057.81752598759,0.48948946575300134,15,9,1.6068683478117851,48.01026828465124,107720.32076828353,0.0,0.90374926378975617,0.95910739758239305,4.1759675846711595,-4.8651463980173153,0.096250736210243867,4.131203362422192,-317.98827771697989,51.989731715349251,0.0050945863597747333,107720.32076828353,356.91010289044539,0.90374926378975617,-252.96646936038997,0.040892602417606894,0.95910739758239305,107720.32076828353,0.0056407031194675985,4.3960528330341599,384.12210962794256,48.010268284650735
700,OK,,328.0197596581246,149850.72967924766,0.44504277689974114,17,11,1.575036299491389,52.55779956458691,115713.16531048909,0.0,0.88369148130111885,0.95091100973797793,3.7644071578623208,-4.482634142215824,0.11630851869888117,3.7831953402627785,-312.39853499383827,47.442200435413881,0.0046842146846958347,115713.16531048909,359.79545915467617,0.88369148130111885,-248.74850149625303,0.049088990262022097,0.95091100973797793,115713.16531048909,0.0061861050783724577,4.8064044033338105,386.34041912467808,52.55779956458624
701,OK,,339.21046079898923,123227.47577617108,0.37205901714685724,20,12,1.459161323443537,40.38433071886564,118489.86870260545,0.0,0.62127669080916248,0.9958380891712838,4.6954353689002089,-5.2887637272068329,0.37872330919083741,4.9733797749377588,-294.12845563795565,59.615669281134359,0.0062264736895927299,118489.86870260545,367.1586439152581,0.62127669080916248,-242.39468357412335,0.0041619108287161031,0.9958380891712838,118489.86870260545,0.0048055901658301094,3.7185912961300436,389.26123134007065,40.384330718865634
702,OK,,346.2304571325869,137070.92844362196,0.529305041889967,19,9,3.163331001607481,51.82157668180359,109726.3910602852,0.0,0.99895200985175747,0.90732486945985125,6.0568489304477398,-6.4329239575333217,0.0010479901482425326,3.7640135034090334,-322.43239515856169,48.178423318210889,0.0046307345304569926,109726.3910602852,355.48281454948153,0.99895200985175747,-256.8195304633424,0.092675130540148712,0.90732486945985125,109726.3910602852,0.0060264634035396523,4.7073950158386282,382.50817285596611,51.821576681789118
703,OK,,327.4829586854926,107276.97026546785,0.3059362486690586,23,11,3.0616771812096335,57.21185151532369,103055.6155977453,0.0,0.71454927528012679,0.99966118249822389,5.5370238296426546,-6.280440729584388,0.28545072471987326,3.5135804880660642,-309.12566174345091,42.788148484676334,0.0043539524352102484,103055.6155977453,359.87464687197274,0.71454927528012679,-251.86032674471136,0.00033881750177615312,0.99966118249822389,103055.6155977453,0.0067664587177763856,5.2711382793120372,384.40654230683623,57.21185151532368
704,OK,,357.76927858695456,107591.24021785999,0.6369772286603312,17,9,1.245144012262249,51.237766621147955,101941.99643098371,0.0,0.98553272777195788,0.69473794383800336,3.3276106273406594,-3.4116014776913781,0.014467272228042082,3.8188029208863696,-326.03099288643938,48.762233378852166,0.0046846251476968049,101941.99643098371,353.30893942599738,0.98553272777195788,-280.6695794549538,0.3052620561619967,0.69473794383800336,101941.99643098371,0.0056757799597460506,4.5015782365381574,371.64227434354967,51.237766621147806
705,OK,,335.28406623611767,123543.64496506649,0.4754972580458972,16,12,3.4940733780297046,57.64200013229379,114489.38095725689,0.0,0.998964557248461,0.90917065319010082,5.7356328532728362,-6.3274883217890787,0.0010354427515390919,3.3092765045783188,-319.86903165745292,42.357999867688441,0.0040792568660306698,114489.38095725689,356.91624146542796,0.998964557248461,-253.65732018637968,0.090829346809899139,0.90917065319010082,114489.38095725689,0.0067201946428076748,5.2376059869482843,384.12275198122256,57.642000132311587
706,OK,,345.37597955972996,144884.49750861895,0.5276324334294773,17,12,3.1537539083740307,51.04167293842764,112798.62079013092,0.0,0.99932485421907413,0.92480712193777537,6.1315793155862464,-6.5395358172279963,0.00067514578092580659,3.8246886451170772,-320.79141913960694,48.958327061551884,0.0047112928201561962,112798.62079013092,356.40523106719314,0.99932485421907413,-253.17038250524297,0.075192878062224633,0.92480712193777537,112798.62079013092,0.0059662882910065064,4.6490659734411715,384.26077069559398,51.041672938448187
707,OK,,335.476430711718,125862.06269418138,0.687009971092462,18,11,1.744725341190564,54.899265096674014,107288.29936581911,0.0,0.99890401325794587,0.56921660113690808,3.7422598081679159,-4.1448323871103652,0.0010959867420542453,3.5235947202947533,-323.77230610348937,45.100734903326028,0.0043305287181043556,107288.29936581911,354.73085421095732,0.99890401325794587,-287.07475045922888,0.43078339886309197,0.56921660113690808,107288.29936581911,0.0059381312596040476,4.7266075606626652,369.26011321932788,54.899265096673972
708,OK,,352.0445231950391,120418.5134754516,0.5494110093555904,20,13,2.480953762594649,49.27363674682275,117337.67299561271,0.0,0.99964743772668829,0.91409966538314669,5.3127369080464106,-5.6296435302312586,0.00035256227331170444,3.9625804245810166,-318.41083076314999,50.726363253161765,0.004890045762152552,117337.67299561271,357.73687374903693,0.99964743772668829,-251.4313613177415,0.085900334616853313,0.91409966538314669,117337.67299561271,0.0057577782491682787,4.4806262784472874,385.22951818896263,49.273636746838314
709,OK,,345.68150773032676,128610.58351321892,0.6611587263454339,21,11,2.11479094759617,51.512688675599065,111313.78424676401,0.0,0.99937317019237926,0.65719213933135734,4.5567219576606472,-4.8521523919482679,0.00062682980762082631,3.7878594184478573,-321.59369208090601,48.487311324401126,0.004663073893925577,111313.78424676401,355.95716984790647,0.99937317019237926,-277.82468350155557,0.34280786066864266,0.65719213933135734,111313.78424676401,0.0056854384997494746,4.4986033436151951,373.4513617579276,51.51268867559903
710,OK,,322.23044604170565,116813.66263070582,0.6246045586104247,22,11,3.248800348997049,56.0579938150388,111907.36986354977,0.0,0.99982808672212331,0.66952074754000623,5.630935869244615,-6.2797248014170259,0.00017191327787675431,3.4324969162657331,-321.299495822258,43.94200618496118,0.0042265713749919014,111907.36986354977,356.12691508054775,0.99982808672212331,-276.47631617791012,0.33047925245999366,0.66952074754000623,111907.36986354977,0.0062047379785322571,4.9052388781583192,374.0641731319937,56.057993815038728
711,OK,,347.0044577714753,123401.06044070951,0.43062886059491445,16,8,2.0723855369787483,48.426002684139036,113852.88160809137,0.0,0.82804627101862494,0.99262318009399075,4.9348474098062756,-5.3723497917639254,0.17195372898137509,4.1529324118854598,-310.02008603613473,51.573997315861064,0.0051483210596622855,113852.88160809137,360.52308674447357,0.82804627101862494,-245.59707441913622,0.0073768199060091494,0.99262318009399075,113852.88160809137,0.00574686021217795,4.4568851411413304,387.65613549462756,48.426002684138965
712,OK,,341.85969686666215,137468.56777396018,0.3765712816109969,15,8,1.2627354620573674,57.83496515401158,105066.84388593586,0.0,0.81656473123468754,0.94420939295127559,2.9892349040170076,-3.4822033106489712,0.18343526876531241,3.4020778802810119,-314.274367665559,42.165034845988195,0.0042035787359668573,105066.84388593586,358.05401453860003,0.81656473123468754,-256.2007578529109,0.055790607048724336,0.94420939295127559,105066.84388593586,0.0067649017521920407,5.2835640224257867,382.56335047028239,57.834965154011797
713,OK,,349.5520656991538,140249.46878037552,0.5649004854698576,25,13,1.7784113856100474,43.838360097611776,117453.99413032105,0.0,0.99824692674026472,0.99026277185590794,4.6960440216377828,-5.0544097077984134,0.0017530732597352758,4.3882700246917947,-318.26855183837847,56.161639902388288,0.0054158746513710363,117453.99413032105,357.80018588594459,0.99824692674026472,-243.61537448378178,0.0097372281440920617,0.99026277185590794,117453.99413032105,0.0052079549838867749,4.0332102252595456,388.68021303399962,43.838360097611776
714,OK,,356.32440314925145,133526.79756398543,0.5789022253331568,18,13,1.39267753158743,48.749388359117624,116728.17578284685,0.0,0.97581653171992844,0.83837687612933132,3.7093320222124913,-3.930091905290154,0.024183468280071656,4.0206643780804701,-317.33684941951066,51.250611640882269,0.0049644856945884183,116728.17578284685,358.06551090099845,0.97581653171992844,-259.01166678861421,0.16162312387066871,0.83837687612933132,116728.17578284685,0.00560349134788717,4.3811762054359527,381.88082006046591,48.749388359117759
715,OK,,330.92696486531895,129698.24142996827,0.4080567900866428,15,13,1.6289914547155955,59.32128064687559,107475.18242249252,0.0,0.76039916828649157,0.8335569539645743,3.3770434600044523,-4.0063412947780597,0.23960083171350843,3.3142019509330485,-309.41417693870812,40.678719353124649,0.0041077332415914514,107475.18242249252,360.16882095625522,0.76039916828649157,-265.18878696110835,0.16644304603542562,0.8335569539645743,107475.18242249252,0.0067838841109598043,5.3272765199408179,378.71131113441999,59.321280646875373
716,OK,,358.9350120700833,105428.4625275043,0.542562432498596,16,11,1.3400854199195014,58.0650140465894,103107.64926591424,0.0,0.97092950556503399,0.76680746066170347,2.9902138358464021,-3.1108658255574775,0.029070494434965996,3.2927183191480269,-324.52427677681823,41.934985953410553,0.004043281552699186,103107.64926591424,353.99234523801488,0.97092950556503399,-273.90159033924874,0.23319253933829662,0.76680746066170347,103107.64926591424,0.0065338814801745538,5.1600946018459206,374.65502916594335,58.065014046589397
717,OK,,327.8982412264187,135649.49497210176,0.5718578291979641,21,13,1.7366471157771235,42.73552529630251,106418.18199804386,0.0,0.98663432229514747,0.98393171198518115,4.7520248883593732,-5.3635745073233556,0.01336567770485248,4.4837691363335832,-323.55227851150829,57.264474703698504,0.0055107981517138272,106418.18199804386,354.71515561830421,0.98663432229514747,-251.26862773618433,0.01606828801481883,0.98393171198518115,106418.18199804386,0.0050450186148652838,3.9279523328214263,384.81924407557335,42.735525296301525
718,OK,,323.7865020836465,127767.52118520456,0.5992251900152529,20,8,3.491437546906388,50.62249622684181,113161.95994635562,0.0,0.99893678810578712,0.79065603698801901,6.6862751240288434,-7.3469915762450348,0.0010632118942129111,3.8577040527604471,-320.57442820414883,49.377503773157152,0.0047527282272266788,113161.95994635562,356.52206156076562,0.99893678810578712,-265.48685506661525,0.20934396301198102,0.79065603698801901,113161.95994635562,0.005751200008603503,4.5156303414379488,378.87921594768778,50.622496226842856
719,OK,,354.7903885912632,141551.34196745604,0.4367707380636664,17,12,3.3380112114458944,54.343707189618954,109833.48681156468,0.0,0.92750363654924139,0.97551333425347575,6.0688541974866501,-6.3705370714803697,0.072496363450758633,3.6127238624062943,-318.21254809847494,45.656292810381323,0.0044555248433840282,109833.48681156468,357.04325027282226,0.92750363654924139,-249.9252485976975,0.024486665746524167,0.97551333425347575,109833.48681156468,0.0064136897293194913,4.9884787309120782,385.56599642707812,54.343707189618591
720,OK,,334.0108046054305,115422.15469789175,0.6364365886656409,21,14,2.995233291989371,49.382517862840714,115422.15469789175,0.0,0.99996455158526709,0.7361825276894689,6.0893574433044986,-6.5914224308454612,3.5448414732872573e-05,3.9538498339443295,-319.43374298832117,50.617482137159314,0.0048754787705353065,115422.15469789175,357.17044586236477,0.99996455158526709,-268.8445871523702,0.26381747231053104,0.7361825276894689,115422.15469789175,0.005551525149068216,4.3672896570345081,377.54593030003826,49.382517862840643
721,OK,,323.8098249687131,120314.43750740937,0.401722124469158,25,9,1.2929387420242393,48.45882237853125,115812.81186400379,0.0,0.7791513023110811,0.99971446312922974,3.7067901146370312,-4.512012353627064,0.2208486976889189,4.1856381158544984,-305.90938401257512,51.541177621468769,0.0052023754323994587,115812.81186400379,362.28166894526476,0.7791513023110811,-243.62829205885083,0.00028553687077022131,0.99971446312922974,115812.81186400379,0.0057645978763524322,4.4647257307596977,388.60832705897803,48.458822378531252
722,OK,,320.0182487557798,146337.1968581917,0.4709784511999088,18,10,1.7083637257910576,48.20938621926206,107502.13155722604,0.0,0.89768015006806723,0.98742072412158222,4.3273045925315463,-5.1086025053051785,0.10231984993193273,4.1197899526980049,-317.75168888625109,51.790613780738205,0.0050811086623603133,107502.13155722604,356.97643484027981,0.89768015006806723,-250.19735825546095,0.012579275878417796,0.98742072412158222,107502.13155722604,0.0056983739267028105,4.4334308839203747,385.34370563811314,48.20938621926183
723,OK,,330.3458491967718,134193.78259762554,0.6267795252582335,22,12,1.331304597094308,40.68996963067944,116648.57736906799,0.0,0.99460076881059689,0.90935970815926226,4.1660202519239249,-4.7504634577108948,0.0053992311894030575,4.6373073174026205,-318.47684702311267,59.310030369322412,0.0057220874480742086,116648.57736906799,357.64284776459374,0.99460076881059689,-252.31532342062698,0.090640291840737783,0.90935970815926226,116648.57736906799,0.0047484952814881793,3.6973777404781893,384.81034701252833,40.689969630677567
724,OK,,340.49444769680076,119672.11722054452,0.3290656629986774,22,10,2.653446068194209,51.63473812841421,114465.96280152262,0.0,0.68001356348843156,0.99966045677473225,5.626754288265758,-6.2172186099387456,0.31998643651156838,3.9949782989298734,-300.28971589337584,48.365261871585908,0.0049815065199758689,114465.96280152262,364.37519925321305,0.68001356348843156,-244.47141319252324,0.00033954322526771419,0.99966045677473225,114465.96280152262,0.0061387002486455932,4.7572977872740676,388.18021550766872,51.634738128414206
725,OK,,348.6197041887147,111786.18167398425,0.6548987610941777,24,9,1.584017978634908,48.62329940599278,106377.37344057277,0.0,0.99536043387510742,0.70484230213866716,4.0182072253598573,-4.2540077417812787,0.0046395661248925671,4.0164720730638921,-324.07627241835246,51.376700594007389,0.004934950660438195,106377.37344057277,354.51987582220232,0.99536043387510742,-277.01204094078139,0.29515769786133295,0.70484230213866716,106377.37344057277,0.0054086054911380143,4.2787712855985154,373.49898982023814,48.623299405992675
726,OK,,323.3048758493264,118706.52658414019,0.5070977867816184,23,9,2.9817831857516897,54.559505620234,118706.52658414019,0.0,0.99859796931435707,0.90225363655234436,5.4417922329129924,-6.2063955355543063,0.0014020306856429381,3.5503342460801375,-317.63868457771349,45.440494379774115,0.0043838447772575886,118706.52658414019,358.15466751851142,0.99859796931435707,-251.76446825197525,0.097746363447655554,0.90225363655234436,118706.52658414019,0.0063629802888536674,4.952223479410546,385.14396056436811,54.559505620225913
727,OK,,334.0750853810284,131001.66445791195,0.4190023492696202,15,13,1.9295367969712047,40.724854459502794,107249.97659495748,0.0,0.63868858037475373,0.90075160675615629,5.578295538779849,-6.1505451933216371,0.36131141962524621,4.9304951745741574,-301.71373616292266,59.275145540497299,0.0061392341706804493,107249.97659495748,363.20833326769872,0.63868858037475373,-259.04124193871291,0.099248393243843769,0.90075160675615629,107249.97659495748,0.0047240134813333811,3.6956304092016645,381.40819802807948,40.724854459502701
728,OK,,348.78301841786407,134650.5721488232,0.32057307731379375,20,7,1.2015279121125573,40.366836323871716,102165.6430782727,0.0,0.53742836822277185,0.99978314166395887,4.277786403420957,-4.6640445946434452,0.46257163177722821,5.044974152154782,-297.92397736517933,59.633163676128198,0.0062937981061380868,102165.6430782727,364.34235876683209,0.53742836822277185,-252.44769669995026,0.00021685833604118875,0.99978314166395887,102165.6430782727,0.0047723091348694261,3.7192141357933206,384.10427629001418,40.366836323871716
729,OK,,341.43062296257136,146069.98365151594,0.5841164090002793,23,13,2.0018956238271963,43.757425913020235,108379.01849963014,0.0,0.9995423881527532,0.94984156322075119,5.1007066939431596,-5.5174410257179973,0.00045761184724682404,4.3935719543784861,-323.2057276058182,56.242574086968361,0.0054021071318578655,108379.01849963014,355.056040601326,0.9995423881527532,-253.47741472098477,0.050158436779248826,0.94984156322075119,108379.01849963014,0.0051323029998544987,4.0009549074895912,383.92506007990772,43.757425913031653
730,OK,,344.89416324755246,118926.31694210465,0.5917951467849096,19,9,1.2344771788197755,47.381085837929504,108032.8005205277,0.0,0.97839216831563602,0.83753894574349774,3.5687878400935604,-3.9112858588127462,0.021607831684364,4.1261081652854683,-322.17803239402252,52.618914162071221,0.0050760768639280052,108032.8005205277,355.39268898050869,0.97839216831563602,-264.47036027159174,0.16246105425650215,0.83753894574349774,108032.8005205277,0.0054243851314768948,4.2576480459203507,379.05568805664666,47.381085837928701
731,OK,,355.70137052303846,138471.7461955151,0.31264240083513506,17,10,3.1900867961675887,40.32182928307059,101481.56120725986,0.0,0.52273429935162929,0.99830331786952575,8.1631147614575426,-8.4402299436797836,0.47726570064837071,5.0610818835081819,-297.32534890904071,59.678170716929365,0.0063158833793586829,101481.56120725986,364.53630718334892,0.52273429935162929,-253.06661133335382,0.0016966821304742234,0.99830331786952575,101481.56120725986,0.0047639028008051162,3.7142304391788028,383.79669519344037,40.321829283070592
732,OK,,340.1787667290486,114154.78068143157,0.307256642043412,25,10,1.644643151936687,58.63443895629344,114154.78068143157,0.0,0.74132262880934041,0.99896924486147975,3.4538288943158917,-4.0681126721255287,0.25867737119065953,3.381229291893538,-304.42804635570155,41.365561043706656,0.0042056752546423383,114154.78068143157,362.71487003084997,0.74132262880934041,-244.73899911480845,0.0010307551385202384,0.99896924486147975,114154.78068143157,0.006968868992142406,5.4016374138344805,388.04890700702623,58.634438956293387
733,OK,,341.3689260577306,113432.70587060976,0.6954020331075061,23,14,3.426318978708837,54.37494002769719,108571.71753745941,0.0,0.99998566585504178,0.56016875931285492,6.1000707959740579,-6.4211037483810811,1.4334144958195887e-05,3.5638665578838005,-323.12508362522362,45.625059972302722,0.0043822347947687782,108571.71753745941,355.106316263699,0.99998566585504178,-286.9690662718416,0.43983124068714508,0.56016875931285492,108571.71753745941,0.0058736503574170181,4.674564521759649,369.39334964233478,54.374940027697164
734,OK,,352.31370159884386,115871.58376148704,0.4209594527174446,22,12,1.232112438503958,41.35733757606454,101439.01530387696,0.0,0.716037917455424,0.99744723906672061,4.1727683829060327,-4.4564089443750907,0.28396208254457611,4.8142611445613408,-310.19391390960169,58.642662423935505,0.0059610763803777771,101439.01530387696,359.30066570532455,0.716037917455424,-253.18513405741692,0.0025527609332793993,0.99744723906672061,101439.01530387696,0.0048852366539333114,3.8091192904494582,383.74173998691549,41.357337576064516
735,OK,,333.5818435760707,113648.14466895211,0.4503456307941919,15,11,1.9469967998331228,47.58812028272301,113648.14466895211,0.0,0.8085659334652946,0.94418559473734642,4.8264538384005364,-5.4413475361687489,0.19143406653470543,4.2347230209596622,-308.93126827290791,52.411879717277323,0.005252994081327708,113648.14466895211,360.92184539001607,0.8085659334652946,-250.70717349377816,0.055814405262653556,0.94418559473734642,113648.14466895211,0.005587976590744094,4.3474386268961913,385.38610320771966,47.58812028272267
736,OK,,355.43867439055197,125131.38264325641,0.3815479955838802,20,11,2.183495385749023,48.31572505275119,114313.67305997232,0.0,0.7356031631959753,0.99719173375636971,5.1987005933873141,-5.5287739626466008,0.2643968368040247,4.2288293950880922,-303.97470760990598,51.68427494724876,0.0052614367039448143,114313.67305997232,362.90622716739966,0.7356031631959753,-244.82752375296633,0.0028082662436302707,0.99719173375636971,114313.67305997232,0.0057406416165028708,4.4498318749741985,388.01615639922187,48.315725052751162
737,OK,,320.4603843389958,112335.26399410842,0.543936627607991,23,14,1.4321480207644046,53.03666931011602,112335.26399410842,0.0,0.99575077391843347,0.85613934698755334,3.447322124357648,-4.1908682645590662,0.0042492260815664915,3.671191288292611,-320.83327992384454,46.963330689885517,0.0045218925709005131,112335.26399410842,356.34123194583032,0.99575077391843347,-260.05058568587407,0.14386065301244672,0.85613934698755334,112335.26399410842,0.0061077082631040731,4.7796941055633928,381.21190651774475,53.03666931011449
738,OK,,327.1342328224326,119205.17646092143,0.6104902650086186,21,8,1.3663830870420646,53.837850096669,102687.46968370733,0.0,0.9865074953598697,0.71191792407291188,3.3184057401448217,-3.8644150198725402,0.013492504640130373,3.6145468310057383,-325.65800220523818,46.162149903331198,0.0044353609214884213,102687.46968370733,353.53003201597232,0.9865074953598697,-278.78440895612232,0.28808207592708818,0.71191792407291188,102687.46968370733,0.005987426398217542,4.7429865043675381,372.50538231856262,53.837850096668795
739,OK,,339.27215523000893,119949.24833736118,0.575748630009805,20,9,1.7642784840628036,40.577826489264574,119949.24833736118,0.0,0.96684133849466902,0.99696757470161079,4.9708866908309819,-5.4827156388172993,0.033158661505330901,4.6692127379112067,-315.13105648972657,59.422173510735917,0.0057744066050853891,119949.24833736118,359.18975409933341,0.96684133849466902,-241.38999460844155,0.0030324252983891945,0.99696757470161079,119949.24833736118,0.004832825112173247,3.7370512644678464,389.7627112118094,40.577826489264076
740,OK,,346.56281379760554,112963.09569895298,0.6712949616962081,23,13,1.6733314119973797,52.390602294309694,102532.21017939315,0.0,0.99943860248026906,0.62690205102220509,3.8559278907665986,-4.0884343514764065,0.0005613975197309571,3.7192325559444326,-326.48462655041982,47.609397705690448,0.0045615635716811384,102532.21017939315,353.21120573708839,0.99943860248026906,-285.65959490026569,0.37309794897779502,0.62690205102220509,102532.21017939315,0.0057231731186845021,4.5530125243777295,369.53501421251036,52.390602294309595
741,OK,,350.86079765349297,143129.61553598306,0.4283073648700553,18,9,2.1873415254976374,59.64624455827716,117170.21531554234,0.0,0.98599027962260755,0.94899384030399181,3.8815617245568363,-4.2862815649396522,0.014009720377392391,3.1600359486001861,-317.70091012326338,40.353755441714512,0.0039011843856300173,117170.21531554234,357.97741771700976,0.98599027962260755,-248.04961092247859,0.051006159696008128,0.94899384030399181,117170.21531554234,0.0070219561688202843,5.4530378712985499,386.71085817201038,59.646244558285524
742,OK,,342.3179404972328,117781.99721888112,0.36708721558816604,24,12,1.919524167342758,52.71766689481588,117781.99721888112,0.0,0.7749213974779664,0.99869816103458642,4.328807582185755,-4.8929145949240285,0.22507860252203352,3.8425843959693995,-304.57322267118991,47.2823331051842,0.004780574557709783,117781.99721888112,362.97028442195227,0.7749213974779664,-242.52395791697489,0.0013018389654135818,0.99869816103458642,117781.99721888112,0.006275204263783472,4.8563604173009116,389.17592117577209,52.717666894815849
743,OK,,341.7318897211249,114688.80336150067,0.4834892989327245,19,12,2.6040070199744334,51.894635090226,105441.29408618147,0.0,0.98786017923286207,0.98405315905967716,5.2582459530829393,-5.7170876818013401,0.012139820767137856,3.7657899623927906,-324.1708598188722,48.105364909775403,0.0046262440469489489,105441.29408618147,354.38169394269289,0.98786017923286207,-251.89894620088262,0.015946840940322862,0.98405315905967716,105441.29408618147,0.006123659685309645,4.7698824210555326,384.49519170411469,51.894635090224661
744,OK,,347.6983014546675,137424.41019112658,0.33602502938472717,17,7,2.085252952138296,42.058059530716406,106047.41124266289,0.0,0.57947568792758453,0.99936856037886701,5.7871510785316334,-6.2060459447713221,0.42052431207241542,4.8677234002079128,-298.44759433478674,57.941940469283551,0.00607251628661071,106047.41124266289,364.43736549816339,0.57947568792758453,-249.90002441359775,0.00063143962113305918,0.99936856037886701,106047.41124266289,0.0049808661935025981,3.8747910681003281,385.41299494564004,42.058059530716399
745,OK,,331.14491395587345,142581.5508180111,0.5464824516839137,25,7,2.523658122076027,58.74471973953266,111994.47722123045,0.0,0.9941174417745644,0.76788294238817523,4.3896202687362322,-4.9666666572209923,0.0058825582254356202,3.2259299161316166,-320.92221227477467,41.255280260455933,0.0039731137197199368,111994.47722123045,356.27299437312814,0.9941174417745644,-268.19720779431862,0.23211705761182469,0.76788294238817523,111994.47722123045,0.0066384737530484255,5.2213845546718787,377.63902025642238,58.744719739544102
746,OK,,336.21288481186355,144276.25282425145,0.5487109568165935,20,14,1.2032431015341252,48.596546967244834,114210.78819515019,0.0,0.94973637304176517,0.87547743586417348,3.4481492805449574,-3.9730386631847296,0.050263626958234844,4.0514591357893197,-317.14012432277741,51.403453032754577,0.0050018474667349261,114210.78819515019,357.88451099363982,0.94973637304176517,-257.07300948063255,0.12452256413582651,0.87547743586417348,114210.78819515019,0.0056241817189052025,4.392729502233272,382.60858512185069,48.59654696724543
747,OK,,356.92812444441813,144638.4088419261,0.4178049187017425,24,7,3.4571347027808166,43.97449491121136,112188.24424189402,0.0,0.74573621758129427,0.99999446003460002,7.8856783976682907,-8.1606285551968547,0.25426378241870579,4.5760676664950184,-305.80694507184239,56.025505088788599,0.0056862356414471502,112188.24424189402,362.00391674204332,0.74573621758129427,-245.86817893703525,5.5399653998959828e-06,0.99999446003460002,112188.24424189402,0.0052230998836581945,4.0517375040436994,387.46710779375502,43.974494911211359
748,OK,,346.7689166703791,149542.4604127048,0.4293511954074241,17,8,3.4631870939489815,42.23106459869045,105845.57015286993,0.0,0.74265100848835752,0.99921949858535197,8.1699786591980654,-8.5606095982169172,0.25734899151164253,4.7209680283721447,-309.24814971413309,57.768935401309705,0.0058510843419609651,105845.57015286993,360.08362730023072,0.74265100848835752,-250.04876603917546,0.00078050141464797065,0.99921949858535197,105845.57015286993,0.0050007247125897457,3.8906416532288817,385.33789707581519,42.231064598690445
749,OK,,324.6983252689116,122563.35083351174,0.6764663032183099,20,9,1.3221894292854566,43.77730512994337,106070.68988581529,0.0,0.99312920678587413,0.73022026076956381,3.9541353203917944,-4.5186159158185246,0.0068707932141258317,4.3970765407752213,-324.1198308020389,56.222694870056671,0.0054022842969394533,106070.68988581529,354.47007294633306,0.99312920678587413,-275.10088746152303,0.26977973923043619,0.73022026076956381,106070.68988581529,0.0048949452933615845,3.8679149108188842,374.30758353421635,43.777305129943286
750,OK,,341.2082153243613,132051.96682645983,0.6720240641501654,24,8,1.4540706181940932,49.9937863266651,119367.62811639273,0.0,0.99118630253243145,0.64721751088714807,3.6957255101731348,-4.0864836183568718,0.0088136974675685452,3.9122594356677634,-316.86352093897847,50.006213673334948,0.0048331997351485799,119367.62811639273,358.50162338353914,0.99118630253243145,-273.87110027703102,0.35278248911285193,0.64721751088714807,119367.62811639273,0.0055252261807566469,4.3589629625354309,375.61741251379004,49.993786326665052
751,OK,,345.2882597096129,120236.85438314264,0.5525702803234203,22,10,1.638981092088482,48.064414105112874,103758.05345632198,0.0,0.99422136557961738,0.92465197029496649,4.1545029267358053,-4.503913851147634,0.0057786344203826431,4.0609937905328017,-325.48741771169239,51.935585894890067,0.0049842365696880176,103758.05345632198,353.7135258218579,0.99422136557961738,-259.00150313705308,0.075348029705033431,0.92465197029496649,103758.05345632198,0.005595015007675278,4.3777815326390188,381.25663385587933,48.064414105109812
752,OK,,355.64705754758927,111016.15079191036,0.567526415508451,21,8,2.8403898348396357,49.406165453500996,105340.78520535082,0.0,0.99799336362893742,0.8732884777549107,5.8804313745769248,-6.0679419561256491,0.0020066363710626121,3.9534015365896464,-324.8081175457362,50.593834546490598,0.0048548860660788543,105340.78520535082,354.13856196181263,0.99799336362893742,-262.89097356563468,0.12671152224508933,0.8732884777549107,105340.78520535082,0.0056924656546836561,4.4643954289596754,379.6127419955439,49.406165453509281
753,OK,,334.4674382470835,116883.87038240998,0.4456074525564544,16,13,2.2236039448351406,49.75265697958979,116883.87038240998,0.0,0.80492262810354598,0.91728036036078775,5.0570859233694003,-5.6740510823749872,0.19507737189645397,4.0624027314929174,-306.94014941385103,50.247343020409872,0.0050465953141042297,116883.87038240998,361.97814039258765,0.80492262810354598,-251.39402426191401,0.082719639639212167,0.91728036036078775,116883.87038240998,0.0058165915873536686,4.5264049647115856,385.22585662177988,49.752656979590157
754,OK,,333.1319470037138,142823.00209701652,0.5107181860996418,20,9,2.6089970708652617,42.20748513087869,114826.31939742644,0.0,0.88326311907621902,0.99938822065978794,6.4300428456801102,-7.0355777403561932,0.11673688092378107,4.6089103155379672,-312.85011281951864,57.792514869121305,0.005704612129323999,114826.31939742644,359.54133810624239,0.88326311907621902,-244.27550617881954,0.00061177934021214861,0.99938822065978794,114826.31939742644,0.005018420343549955,3.888569224265694,388.28169491311849,42.20748513087868
755,OK,,346.9653666367062,149802.85605293675,0.6741420932151138,21,12,3.4352502641661173,58.34336556140622,106593.561086627,0.0,0.99993917250242648,0.55847406977858738,5.5859620811775006,-5.8257536613071768,6.0827497573605913e-05,3.2539119057451242,-324.21813045410613,41.656634438593791,0.0039977720650361216,106593.561086627,354.49228862807217,0.99993917250242648,-288.30114547364457,0.44152593022141262,0.55847406977858738,106593.561086627,0.0062945719569737551,5.0143396199278589,368.69466399776769,58.343365561406216
756,OK,,336.4944931924321,147994.57144434922,0.33178679970846164,18,11,2.3073129179304086,58.54482025403376,115179.65627972718,0.0,0.78114373900980338,0.98639972145607502,4.3002378964812076,-4.9606293893036133,0.21885626099019651,3.3653997701931746,-306.38094679507719,41.455179745966326,0.004181496547843065,115179.65627972718,362.0433791688111,0.78114373900980338,-245.42272278717058,0.013600278543925008,0.98639972145607502,115179.65627972718,0.0069423512702328407,5.3830594891145456,387.78804172262329,58.544820254033631
757,OK,,335.08684615704334,121193.04359680315,0.46197036449330153,19,14,3.1360395572742146,42.46113474839483,107033.06722191883,0.0,0.792670512010199,0.98615970408408804,7.4784968113933985,-8.0337852919784307,0.20732948798980091,4.6617968904221012,-311.67340055698776,57.538865251605444,0.0057699973028941627,107033.06722191883,359.24840843952916,0.792670512010199,-250.63466258744418,0.01384029591591197,0.98615970408408804,107033.06722191883,0.0050164724474439015,3.9040592200882323,385.12855654250501,42.461134748394436
758,OK,,354.5230820378786,148121.3875900251,0.6958096213644572,17,12,2.5090819397557436,55.37902480253142,116910.09463396887,0.0,0.99979826929358651,0.5491255317539786,4.7118068475380799,-4.8798688203451093,0.00020173070641347292,3.4855527345082891,-318.64283979137258,44.620975197468717,0.0043006119544059494,116910.09463396887,357.60937410699398,0.99979826929358651,-282.87699037801792,0.4508744682460214,0.5491255317539786,116910.09463396887,0.0059897426673793551,4.7523066377982719,371.66994234636911,55.379024802531404
759,OK,,348.92671796017595,119448.36441401871,0.32224135186932906,15,11,2.6198443097891317,50.77028919781182,117533.6938795004,0.0,0.6275486233702795,0.97380164727995688,5.7055247209154887,-6.1775694072742908,0.3724513766297205,4.1026102688177621,-295.0832867615548,49.229710802188322,0.0051329781365457338,117533.6938795004,366.70156656252266,0.6275486233702795,-245.28515598279768,0.026198352720043155,0.97380164727995688,117533.6938795004,0.0060101463902776427,4.6592379988105597,387.94572739540706,50.770289197811742
760,OK,,358.011440396167,130821.9355932384,0.5275235725363512,15,12,2.7402631142845384,43.17359894166685,111268.35981651262,0.0,0.87333197325351197,0.92763993827128366,6.5749869626587119,-6.7709760355008495,0.12666802674648792,4.539779377654888,-314.19543613386423,56.826401058332621,0.0056127716157151637,111268.35981651262,358.69125667182163,0.87333197325351197,-253.85104647760329,0.072360061728716299,0.92763993827128366,111268.35981651262,0.0050462260574346317,3.934127935614792,383.89083295564456,43.173598941667386
761,OK,,326.6687568751084,114005.07924011866,0.48146721727075836,22,12,3.0205856493273013,44.49277208718016,108737.87980068561,0.0,0.86675916551948884,0.99920609169987484,6.9199362911078532,-7.6047194202790962,0.13324083448051116,4.4395099718078317,-315.21098603693753,55.507227912819779,0.0054842405234233147,108737.87980068561,358.05863225480476,0.86675916551948884,-248.16025639057392,0.00079390830012506452,0.99920609169987484,108737.87980068561,0.0052755369129566633,4.0989987026824384,386.30356671196739,44.492772087180143
762,OK,,322.95307886986035,118770.79907282164,0.6491639433285442,19,8,2.1982468728531273,43.20943880659132,102626.32377264675,0.0,0.9977524981091288,0.80898918706041956,5.5044086941961661,-6.0987107544147259,0.00224750189087119,4.4378055398262193,-326.33469907761764,56.790561193410568,0.0054434041806947081,102626.32377264675,353.27649837810338,0.9977524981091288,-270.53529957205353,0.1910108129395805,0.80898918706041956,102626.32377264675,0.004904688567253161,3.8654818125885093,376.10167204402597,43.209438806589446
763,OK,,339.0844257284534,115735.01105313346,0.49038995686028275,21,8,1.4282626989037255,52.22090810030119,102038.4464804823,0.0,0.96604207956473198,0.94480405469039874,3.5407156763309811,-4.0071155120405653,0.033957920435268012,3.7548706239379621,-324.85903448180636,47.779091899706394,0.0046093777960909991,102038.44648048229,353.74936882996622,0.96604207956473198,-258.15660514497836,0.05519594530960114,0.94480405469039874,102038.44648048229,0.0061003352026300405,4.771122489562349,381.54965236074742,52.220908100293613
764,OK,,356.5477533005545,121562.75859875024,0.683392411838479,17,8,1.5092130155422239,59.06796366827438,104662.78132411386,0.0,0.99283885817118667,0.53104317045360017,3.1128647537209591,-3.1964350971371962,0.0071611418288133628,3.2013881485270552,-324.89539116332247,40.932036331725634,0.0039309184239332533,104662.78132411386,354.03089907437186,0.99283885817118667,-291.50651335288535,0.46895682954639983,0.53104317045360017,104662.78132411386,0.0063308954383681287,5.0538883344759968,367.20864300179966,59.067963668274373
765,OK,,335.41718889837875,149978.7649511532,0.5149270159945011,21,11,2.7917995482925395,59.92859014931153,108873.03240958948,0.0,0.99950253838227121,0.80908568500239586,4.5893730453487711,-5.1122951763207194,0.00049746161772882874,3.1303311607135771,-322.93162135858381,40.071409850691779,0.0038496946702454089,108873.03240958948,355.20929546932638,0.99950253838227121,-266.50961138392194,0.19091431499760411,0.80908568500239586,108873.03240958948,0.0068221242076652268,5.3612448259585923,378.20643281362453,59.928590149308221
766,OK,,353.68224851498064,119793.35174680107,0.5129813368172378,24,14,1.3126980772309471,54.02005063436494,106460.54676229693,0.0,0.97053220524062866,0.87646971913800698,3.2353738406463481,-3.4834461069728024,0.029467794759371346,3.6105834635376741,-322.60028475406818,45.979949365633956,0.0044400688236872505,106460.54676229693,355.06784897195007,0.97053220524062866,-261.86527137704354,0.12353028086199302,0.87646971913800698,106460.54676229693,0.006231507992562251,4.8837216475436014,380.12200002038998,54.020050634366058
767,OK,,354.4678048735916,134006.82520077925,0.37458413893773257,25,11,2.2867083657150165,43.01061677558226,114646.37506056887,0.0,0.65723287169849076,0.99992750857584434,5.9821608436300284,-6.3247228270788272,0.34276712830150913,4.7255422167449819,-298.6849150969017,56.989383224417544,0.0058982406894003006,114646.37506056887,365.03026192829549,0.65723287169849076,-244.33056783773981,7.2491424155717e-05,0.99992750857584434,114646.37506056887,0.0051141075736894142,3.9628869695167332,388.24998186336734,43.01061677558225
768,OK,,322.5873072022927,125026.09900895969,0.5227047329016984,19,9,2.1409901423392164,45.583714438186746,113145.52988879936,0.0,0.95784894000662513,0.99675559906618194,5.1978339448818431,-5.9470966063882074,0.042151059993374818,4.282729038433815,-318.18898896668088,54.41628556181341,0.0052836122862124349,113145.52988879936,357.39079593392233,0.95784894000662513,-245.60592711022898,0.003244400933818092,0.99675559906618194,113145.52988879936,0.0054127263946226944,4.1979374636190041,387.62303409185853,45.583714438186576
769,OK,,352.44586527217257,117661.5629271735,0.5915657327770234,21,9,1.9249716197042654,54.58746765090457,111482.82555350507,0.0,0.99610814540124726,0.74498212684098453,4.0102028848364073,-4.2480783162563682,0.0038918545987526448,3.5497355059567948,-321.31361548356705,45.412532349096026,0.0043707083048208015,111482.82555350507,356.07673785068596,0.99610814540124726,-270.48047090934534,0.25501787315901547,0.74498212684098453,111482.82555350507,0.0061375377207139861,4.8343424948719127,376.62099458907011,54.587467650903903
770,OK,,349.478591228276,132575.05928098393,0.30093530143424774,20,13,2.924844616115478,56.36351429011753,113272.07908101934,0.0,0.68197837753877921,0.99406725393691941,5.4552468067939373,-5.918683638239413,0.31802162246122073,3.6031780323378144,-301.08956378689913,43.636485709882436,0.0044903683317584668,113272.07908101934,363.95881683855453,0.68197837753877921,-245.80955125803985,0.0059327460630805035,0.99406725393691941,113272.07908101934,0.0066892099087187962,5.1885553586877,387.5379458361146,56.363514290117465
771,OK,,330.1478638261384,141965.8196273871,0.5885573905058958,18,11,3.2720881599699654,41.393554891821736,103987.6681946105,0.0,0.99750284003222811,0.99044190304449797,7.5831187909724287,-8.1428723909833085,0.0024971599677719525,4.5799100500565659,-325.54440929489186,58.606445108178129,0.0056210747259245715,103987.66819461049,353.71876477611835,0.99750284003222811,-252.20002821930763,0.0095580969555019435,0.99044190304449797,103987.66819461049,0.0048879716912123578,3.8083876291338146,384.29623515929944,41.393554891821751
772,OK,,356.8455554500134,121714.45357639226,0.30466844985534797,23,13,1.397203820876566,49.66901938837739,117879.39805569669,0.0,0.60228674008801619,0.99691633236544763,3.8742132607558744,-4.2355368267571416,0.39771325991198392,4.2122199417725348,-293.16979787851005,50.330980611622593,0.0052763334071799645,117879.39805569669,367.50010597123486,0.60228674008801619,-242.65311273394627,0.0030836676345523503,0.99691633236544763,117879.39805569669,0.0059102664827337219,4.5742771150218013,389.12269229603226,49.669019388377343
773,OK,,332.3189048090876,118138.24721755399,0.32457148186842605,22,8,1.9812892850522175,40.54296207817268,114352.56600189433,0.0,0.54585848266190584,0.99995018412175174,5.73733155282408,-6.4391499501241976,0.4541415173380941,5.0230433456505983,-291.2395155125937,59.457037921827293,0.0062976893677944411,114352.56600189433,368.02748260863342,0.54585848266190584,-244.51156399132151,4.981587824830669e-05,0.99995018412175174,114352.56600189433,0.0048200952779172803,3.7355365441633115,388.15780015099955,40.542962078172671
774,OK,,334.3404620612847,127108.99028172274,0.6862795257124357,20,12,3.3922071023678786,57.18459437025365,115862.25686104933,0.0,0.99993346551058149,0.54856030847219395,5.6614636181942712,-6.1192334406436713,6.6534489418611416e-05,3.3444300716489517,-319.20014052111429,42.815405629746373,0.0041247395761146886,115862.25686104933,357.30034774742825,0.99993346551058149,-283.52276938636004,0.45143969152780611,0.54856030847219395,115862.25686104933,0.0061815772768177195,4.9067967750947705,371.3311191103827,57.184594370253635
775,OK,,345.9414860179728,115562.34776195066,0.3259407515062799,25,8,1.378715684766489,51.738923564742606,115562.34776195066,0.0,0.67516218020582752,0.99980630510203561,3.6561994984405248,-4.1704277654862016,0.32483781979417242,3.9896566526782671,-299.35835652045893,48.261076435257408,0.0049780862769331783,115562.34776195066,364.8349888866145,0.67516218020582752,-243.77376847678858,0.0001936948979643362,0.99980630510203561,115562.34776195066,0.0061542433694725127,4.7670026187546695,388.53379130060421,51.738923564742599
776,OK,,359.76694474241384,115262.51304326892,0.42662022477928896,19,10,3.4767991418858077,45.90727405502484,115262.51304326892,0.0,0.78770998308455853,0.99885329199133688,7.5870990284321609,-7.8330515757400203,0.2122900169154415,4.386354536222119,-306.74705167796992,54.092725944975115,0.0054488864681743404,115262.51304326892,361.90902473575801,0.78770998308455853,-244.06078221077618,0.0011467080086631862,0.99885329199133688,115262.51304326892,0.0054587302593922509,4.2290857659091854,388.39452718471404,45.907274055024843
777,OK,,342.7810220747913,140627.1302480322,0.34640581318446,18,11,1.6181329201192303,54.532836882729,119299.79761989812,0.0,0.73823562506092932,0.98028524103500148,3.7513061965989722,-4.3226261445411485,0.26176437493907073,3.7184638059063833,-301.41631800577704,45.467163117271205,0.0046354161343880387,119299.79761989812,364.32754339337026,0.73823562506092932,-243.53715358377457,0.019714758964998524,0.98028524103500148,119299.79761989812,0.0064695558132246483,5.0094899625781046,388.78916567553586,54.532836882728752
778,OK,,331.68072252639575,122211.76196162181,0.34860530982571186,19,8,1.874907560212638,51.408400546814896,108109.79488369815,0.0,0.71602314044124205,0.99868073423179671,4.439129071677784,-5.118712891516199,0.28397685955875784,3.9891306117025613,-306.24179219390021,48.591599453185076,0.0049539172901438503,108109.79488369815,361.47336720166447,0.71602314044124205,-248.62294357228143,0.0013192657682033757,0.99868073423179671,108109.79488369815,0.0060930833273405861,4.7357380130226003,386.0708360559961,51.408400546814875
779,OK,,349.5112611816735,125733.51218331423,0.4352907198306162,23,12,1.4976402715587163,59.71644659847284,117958.35536966665,0.0,0.95007096180358064,0.91197001902421171,3.0579492639141908,-3.473186651397171,0.049929038196419334,3.1748344259765933,-315.17464157846064,40.283553401529595,0.0039254607762371999,117958.35536966665,358.9794648453996,0.95007096180358064,-251.26474702350811,0.088029980975788305,0.91197001902421171,117958.35536966665,0.0069767221843528692,5.4284441282365163,385.33016459104198,59.716446598470519
780,OK,,331.587960231229,126725.22717333517,0.40283472027299994,17,13,3.094422077038123,51.37737445288704,115444.44895363819,0.0,0.79475746673339775,0.96807393645528228,6.229795521682429,-6.9159217454119695,0.20524253326660222,3.9379801319612202,-307.08808291588258,48.622625547113799,0.0048909898551210487,115444.44895363819,361.79345030940476,0.79475746673339775,-247.16068102764586,0.031926063544717692,0.96807393645528228,115444.44895363819,0.0060689524525148301,4.710823122135456,387.0303102775373,51.37737445288623
781,OK,,357.9630185473532,124646.96154560012,0.4575559540393419,22,10,3.354856597196214,52.609882505202435,108995.20329221111,0.0,0.96491995813818776,0.99946920210877055,6.2789614327651035,-6.5244488350790704,0.035080041861812274,3.7250477420864332,-320.86475511860283,47.390117494797543,0.0045866056219382974,108995.20329221111,355.97658745901464,0.96491995813818776,-247.96610560514938,0.00053079789122943255,0.99946920210877055,108995.20329221111,0.0062390760676179708,4.8470002809766761,386.40089084307073,52.609882505202407
782,OK,,349.38414803964713,127197.87936410881,0.41179268031928074,21,7,3.1567223268248688,41.033892161297274,110092.68656578149,0.0,0.69833319672074901,0.99996886849675637,7.8010412301040546,-8.1798864305369374,0.30166680327925105,4.8554578085065589,-303.96188236916436,58.966107838702719,0.0060390104208487725,110092.68656578149,362.54948315206644,0.69833319672074901,-247.20668085632877,3.1131503243640699e-05,0.99996886849675637,110092.68656578149,0.0048692157450258271,3.7807804823094724,386.7850187543894,41.033892161297281
783,OK,,332.44097648757094,120534.26167523809,0.3383651710389853,17,9,1.6484854542349274,59.871305546006894,103424.7014369861,0.0,0.81077831771134568,0.97826936107919349,3.3356715326425439,-3.9906341163981787,0.1892216822886543,3.2410331313112053,-314.88187518823179,40.128694453993347,0.0040025516444623047,103424.7014369861,357.65761499837305,0.81077831771134568,-253.83650083548781,0.021730638920806487,0.97826936107919349,103424.7014369861,0.0070494146405048431,5.4981989162444105,383.5405392983547,59.871305546006575
784,OK,,340.90042016555367,138891.30143426132,0.40510899059288197,24,10,3.3042683876773955,45.42526166484758,113127.35076459135,0.0,0.74226543013969282,0.99995690868663378,7.4186983724932691,-7.9518959453588582,0.25773456986030718,4.4602283923525219,-305.06038133270403,54.574738335152645,0.0055451988716170028,113127.35076459135,362.37831378555774,0.74226543013969282,-245.27923204591724,4.3091313366314198e-05,0.99995690868663378,113127.35076459135,0.0053976271984620076,4.185384836011476,387.7672217092138,45.425261664847589
785,OK,,324.7545549654736,111827.60317948434,0.42841618196078807,15,9,2.719796257273745,48.18330848976468,107301.91275066604,0.0,0.81624512216364886,0.98865797054372773,6.0329198625698019,-6.7649238418450617,0.18375487783635117,4.1810522725751973,-312.96604126201305,51.816691510235408,0.0051711272141440508,107301.91275066604,358.77516363909331,0.81624512216364886,-250.19900254306251,0.011342029456272279,0.98865797054372773,107301.91275066604,0.0056962980333651507,4.4318689140518543,385.33425993529909,48.183308489764613
786,OK,,325.68095803474523,140795.2068661181,0.6207675168781807,18,10,2.756075376019286,43.24403644013528,114491.69650326711,0.0,0.9994368323084869,0.87621989773444231,6.422536130281741,-7.0616945989166204,0.00056316769151321328,4.433761078282755,-319.89521199642832,56.755963559859495,0.0054652981757824046,114491.69650326711,356.90699908349984,0.9994368323084869,-256.82986316131621,0.12378010226555761,0.87621989773444231,114491.69650326711,0.005006134025114249,3.9093567772604101,382.72856563139629,43.244036440140462
787,OK,,336.72035165415383,139137.59874999366,0.4570642795121567,17,9,1.797465727717174,41.92150177097231,101332.90730335878,0.0,0.78349869780997217,0.99518146513171746,5.1270471805153184,-5.6309666045113715,0.21650130219002778,4.7129896925821431,-314.45707411796531,58.078498229027751,0.0058207343704901621,101332.90730335878,357.61489598015572,0.78349869780997217,-253.49407356168831,0.004818534868282532,0.99518146513171746,101332.90730335878,0.004949188983488232,3.859747982181609,383.59870474468215,41.921501770972277
788,OK,,334.6659211901568,138460.8667927803,0.6814343776847227,23,7,3.4448540313887523,49.153498985882464,117866.28746527455,0.0,0.99844932588513358,0.64649956837661615,6.8001062593590449,-7.2725382176271358,0.0015506741148664865,3.9728196972404595,-318.06574858939297,50.846501014117408,0.0049039086335503843,117866.28746527455,357.91537199081398,0.99844932588513358,-274.79611690454158,0.3535004316233839,0.64649956837661615,117866.28746527455,0.0054281262341066856,4.2852032399906728,375.13636357229223,49.153498985882685
789,OK,,352.89541984405037,118267.46885661551,0.6760971698886691,20,8,2.8497628479245183,55.88677849460015,108751.76997878679,0.0,0.99868324449531909,0.57853033498809792,5.1307146890827928,-5.295125844379502,0.0013167555046809192,3.446579653211244,-322.95113736721243,44.113221505399849,0.0042385180995723618,108751.76997878679,355.18902973560779,0.99868324449531909,-285.48300948390943,0.42146966501190208,0.57853033498809792,108751.76997878679,0.0060606439206687237,4.8189295665698841,370.03213925332432,55.886778494600136
790,OK,,356.7990711630629,118068.14666662778,0.5977832325848143,23,13,2.0029922059243574,43.22271568235746,118068.14666662778,0.0,0.99949128788036201,0.92989977178286043,5.1284815451099668,-5.3539053786687969,0.00050871211963799041,4.4353832823575408,-318.02166931266015,56.777284317635505,0.0054751288237720758,118068.14666662778,357.95173603692808,0.99949128788036201,-249.42364977811627,0.070100228217139515,0.92989977178286043,118068.14666662778,0.0050695090650520807,3.9399736864082602,386.14425304326562,43.222715682364296
791,OK,,347.1995231281994,109766.56842751161,0.5416517691581317,20,11,2.4003269224061894,54.78286322800594,109766.56842751161,0.0,0.99920832417276928,0.83601007817729445,4.6424229818009337,-4.9868917630675584,0.00079167582723078001,3.532495867040311,-322.4252114655456,45.217136771986198,0.004345942263676671,109766.56842751161,355.48975535710935,0.99920832417276928,-263.51354757977555,0.16398992182270553,0.83601007817729445,109766.56842751161,0.0062746311834599739,4.9215944040841144,379.56475381251329,54.782863228013817
792,OK,,331.2681969434893,116468.86130329364,0.6290928781650924,17,12,2.9259797957071765,40.45082627377419,116468.86130329364,0.0,0.99948768111061181,0.91617915950834694,7.0370990238645614,-7.6079920998923694,0.00051231888938813833,4.6519234557773581,-318.85570676992256,59.549173726205225,0.0057387731565365207,116468.86130329364,357.4872523110011,0.99948768111061181,-251.75544520306451,0.083820840491653031,0.91617915950834694,116468.86130329364,0.0047271440483072514,3.6795167568284612,385.04850758822442,40.450826273794647
793,OK,,354.20586909378176,127708.5528779549,0.355530906606496,25,8,1.6395645986015528,56.25215044633213,105559.24920289895,0.0,0.81199300163063803,0.99946414516698512,3.6198517131549188,-3.9472076705181762,0.18800699836936191,3.5325923511369566,-313.71003555740288,43.747849553667947,0.0043664976938418924,105559.24920289895,358.31962505399935,0.81199300163063803,-250.21210912308561,0.00053585483301492245,0.99946414516698512,105559.24920289895,0.0066604782228335373,5.1825620229332419,385.25258511437255,56.252150446332053
794,OK,,333.63726187637155,136311.43376067252,0.655617396232303,22,9,2.539624956211741,43.73493323749712,104523.893399897,0.0,0.99913510673284089,0.78631872861452201,6.028281507490207,-6.4779439999193489,0.00086489326715902932,4.3956504723822718,-325.33393712654822,56.265066762501789,0.0053958839754414626,104523.893399897,353.85580307250405,0.99913510673284089,-271.29477810560758,0.21368127138547804,0.78631872861452201,104523.893399897,0.0049449284792673414,3.8985848862359194,375.87552318104247,43.734933237498169
795,OK,,330.23916693166433,119552.56429562625,0.41684419003956535,15,13,1.6925980631599158,44.019924113012976,109062.04909879003,0.0,0.65378695047850699,0.88447558680037175,4.8286079075621036,-5.4681472019179873,0.34621304952149312,4.6445565315278579,-301.64963803407352,55.980075886987152,0.0057842549271866668,109062.04909879003,363.38546415901902,0.65378695047850699,-259.4386356610313,0.11552441319962822,0.88447558680037175,109062.04909879003,0.005092663336725636,3.9845962137154278,381.32084103146173,44.019924113012785
796,OK,,324.0972278139338,109507.070666518,0.4635672079742268,19,13,1.8649114761489691,50.18100341871687,109507.070666518,0.0,0.89876825121242043,0.9684942855823454,4.3981653779293701,-5.1341124560719145,0.10123174878757944,3.962193288366163,-316.69325953438096,49.818996581283699,0.0048907011845643888,109507.070666518,357.57697006181024,0.89876825121242043,-250.85650667936943,0.031505714417654603,0.9684942855823454,109507.070666518,0.0059125323984498736,4.6014229952639578,385.13833645647532,50.181003418716237
797,OK,,325.06537064133977,107388.54818017442,0.5503699027634346,18,14,1.827796603824285,49.63422981888783,104750.02361088278,0.0,0.98051325958036106,0.88611317622107888,4.3277774060494183,-4.9679205863487601,0.019486740419638875,3.9479295846636293,-324.13919034898214,50.365770181111742,0.0048497453464526972,104750.02361088278,354.31650280332792,0.98051325958036106,-262.06591660842969,0.11388682377892116,0.88611317622107888,104750.02361088278,0.0057328666031588003,4.4939321178961178,379.94741838637935,49.634229818888301
798,OK,,325.8975014441142,111575.6628549236,0.652920154082646,22,10,1.5031888337213006,58.65118639282701,111575.6628549236,0.0,0.99601701649495544,0.58896153809788054,3.1247529470086133,-3.6991812873635745,0.0039829835050445121,3.2321419748198044,-321.2581682034093,41.348813607173021,0.0039798269727694385,111575.6628549236,356.10671311502915,0.99601701649495544,-282.9914396634075,0.41103846190211951,0.58896153809788054,111575.6628549236,0.0063821940330208281,5.0658766947747838,371.27255308484661,58.651186392826958
799,OK,,347.1243910978704,108979.93339844824,0.6323745629116055,19,9,3.0787479863341534,59.827586358577605,108979.93339844824,0.0,0.99925423529783386,0.61397403399474526,4.9491428114281035,-5.2213299297792224,0.00074576470216616668,3.1383613717402228,-322.85862962621445,40.172413641422587,0.0038597747164710442,108979.93339844824,355.24738959430914,0.99925423529783386,-282.63788617512807,0.38602596600525474,0.61397403399474526,108979.93339844824,0.006536927093876873,5.1884757562207602,371.25247523440078,59.82758635857757
800,OK,,350.3994836320238,131388.61099907247,0.46483143743418864,20,8,3.2127863183659517,42.81701990246108,104383.7362104716,0.0,0.81276752601517033,0.99984411620932134,7.5548341907561758,-7.8698858424697411,0.18723247398482978,4.6168436298940225,-314.44103654345292,57.182980097538795,0.0057036149554608164,104383.7362104716,357.92254068941821,0.81276752601517033,-250.95224428599172,0.00015588379067860473,0.99984411620932134,104383.7362104716,0.0050673444659458623,3.9449993709059594,384.87085727555109,42.817019902461084
801,OK,,329.96882886656584,113239.74495388157,0.5234864586165913,23,13,1.3246804817923727,46.037848496276794,113239.74495388157,0.0,0.95454218881882702,0.98176509808037526,3.8172713385118477,-4.4590946761593173,0.045457811181172966,4.2494901877350593,-317.94425012674543,53.962151503726517,0.0052433959448605653,113239.74495388157,357.49035439530013,0.95454218881882702,-247.11708415725013,0.018234901919624746,0.98176509808037526,113239.74495388157,0.0054490995280621042,4.2300798197082274,386.95697561918115,46.037848496273412
802,OK,,336.96793848638663,112543.83927492348,0.4134607157994548,20,8,3.0723017784300817,55.322607789318326,109995.22745027431,0.0,0.92453327886137493,0.9992709008117634,5.5777848169688724,-6.1689745997700287,0.075466721138625015,3.5371261525073177,-317.94812311642011,44.677392210681759,0.0043630312094922715,109995.22745027431,357.15806519860701,0.92453327886137493,-247.34288246311402,0.00072909918823660976,0.9992709008117634,109995.22745027431,0.0065634751939592922,5.0967724533301109,386.72035669488849,55.322607789318297
803,OK,,328.95609717294235,114867.38174958347,0.3914987750567346,22,11,2.3272806307003258,44.68115324025216,105230.65050276567,0.0,0.70735447448783462,0.99955588150215002,5.864122584375715,-6.5379625209147862,0.29264552551216527,4.5481307493493617,-307.37311821670073,55.318846759747792,0.0056429190408769812,105230.65050276567,360.76813027237807,0.70735447448783462,-250.41990004009969,0.00044411849784998315,0.99955588150215002,105230.65050276567,0.0052897228873122161,4.116572970328324,385.14555370520662,44.681153240252144
804,OK,,348.98564375020675,110886.01788873025,0.6666306481861703,25,9,1.5588154418671298,43.53004573187274,110886.01788873025,0.0,0.99535015607791488,0.75980528280340054,4.3643099515656179,-4.6165186984793936,0.0046498439220851347,4.4146550851387483,-321.59309323089224,56.469954268129356,0.0054344613138935715,110886.01788873025,355.91178926514027,0.99535015607791488,-269.57765388225874,0.24019471719659943,0.75980528280340054,110886.01788873025,0.0049083434037481945,3.8641324365070813,376.97911796155722,43.53004573187058
805,OK,,347.6204770856568,144144.04703201161,0.6184459930356376,19,9,3.3727749247992227,40.003618749518026,112662.41586335181,0.0,0.99942374312179671,0.95293447344727189,7.9105165556763541,-8.239080252584527,0.00057625687820326622,4.6869126787031972,-320.87017208480313,59.996381250465255,0.0057730490454405703,112662.41586335181,356.36234304251849,0.99942374312179671,-250.44006743760752,0.047065526552728006,0.95293447344727189,112662.41586335181,0.0047042059998287991,3.6594614831514329,385.46103235576516,40.003618749534809
806,OK,,356.29540779092736,144479.17834809795,0.526425251525605,22,12,3.2772029004989687,47.53545672319754,108495.42204740328,0.0,0.99950972302386021,0.99571469283396585,6.7791434821465497,-7.0138770486827013,0.00049027697613977296,4.0984628042739049,-323.13972494588501,52.464543276856375,0.0050395080493575535,108495.42204740328,355.09268638538691,0.99950972302386021,-248.68456095670098,0.0042853071660341078,0.99571469283396585,108495.42204740328,0.0056314087543087197,4.3769850788464328,386.05988370919874,47.535456723143525
807,OK,,325.22306121211915,114021.18418460325,0.670661178820448,22,10,1.8468692891963778,57.40973907409401,114021.18418460325,0.0,0.99837695095004919,0.57245959597563167,3.6545248552650653,-4.2396516516691189,0.0016230490499508851,3.3277732502206194,-320.0836629753619,42.59026092590603,0.0041013589387788639,114021.18418460325,356.78976680111026,0.99837695095004919,-282.79748760533448,0.42754040402436838,0.57245959597563167,114021.18418460325,0.0062321373502681804,4.9453608113562701,371.51439434271282,57.409739074093977
808,OK,,351.0226012388081,102693.17399015275,0.32790633742761355,17,12,1.7244311725725523,59.56322605457878,101531.86838734803,0.0,0.74218595964004541,0.95334322783683856,3.4983435593670804,-3.8550907303894011,0.25781404035995459,3.3048203747397924,-311.7807766980572,40.436773945421507,0.0040882020721855154,101531.86838734803,358.68225526308015,0.74218595964004541,-257.64343508572034,0.046656772163161407,0.95334322783683856,101531.86838734803,0.0069691965163806262,5.449081849910324,381.75420796024122,59.563226054578479
809,OK,,323.93746578881627,140945.3508912241,0.5314479009429433,20,11,2.048368870276232,59.29461204099073,112987.07269913929,0.0,0.99839497533366428,0.7891084053578642,3.741750081269553,-4.4373295375173827,0.00160502466633577,3.1804891527248147,-320.63662987967791,40.70538795901021,0.0039181838410840874,112987.07269913929,356.48115187217803,0.99839497533366428,-265.73061708054843,0.21089159464213575,0.7891084053578642,112987.07269913929,0.0067337115134504591,5.2879136659864647,378.76397816029561,59.294612040989868
810,OK,,338.7554555486786,135473.51734826207,0.3866884915255906,18,10,2.550146570200247,52.58222970070635,111058.49476347519,0.0,0.80973317798948263,0.99480609102177964,5.2654631566863062,-5.8390826492999608,0.19026682201051742,3.8304375809753815,-310.44067338805218,47.417770299293771,0.0047461699991045367,111058.49476347519,360.10273746547381,0.80973317798948263,-247.13285952564991,0.0051939089782203577,0.99480609102177964,111058.49476347519,0.0062352880169236347,4.8410133261898221,386.85838877608973,52.5822297007063
811,OK,,339.42629127852194,136653.20563104554,0.3355542699997072,24,14,1.830360239004373,57.9447418355246,115203.94786805424,0.0,0.78885946122636208,0.99344653732886523,3.7287479009561135,-4.3445537024608036,0.211140538773638,3.4095636828045426,-306.85101995027014,42.055258164475582,0.0042351998730831408,115203.94786805424,361.86364863856323,0.78885946122636208,-244.66793710791117,0.0065534626711348729,0.99344653732886523,115203.94786805424,0.0068817999464404998,5.333611100391928,388.12322183785119,57.944741835524411
812,OK,,355.33325680142315,146840.45688977398,0.44723054203173446,19,10,2.8131149220156098,45.27252691408648,114923.9289412996,0.0,0.81570534771015102,0.99819842748152954,6.5093971583211108,-6.8136468631090468,0.18429465228984884,4.4163355362389405,-308.67363292826838,54.727473085913559,0.0054797258980521981,114923.9289412996,361.13674827413735,0.81570534771015102,-244.34060075914761,0.0018015725184704892,0.99819842748152954,114923.9289412996,0.0053816869519077411,4.1701955189053743,388.25681674867411,45.272526914086463
813,OK,,322.78802888075296,118055.31869284595,0.31743535524983185,24,12,2.5975203882562456,54.68386400347684,118055.31869284595,0.0,0.69992752821289028,0.99953323582297271,5.1687463880128171,-6.0520653139371561,0.30007247178710977,3.7304620876852694,-299.60820803589718,45.316135996523201,0.0046549121425811931,118055.31869284595,364.93706966926271,0.69992752821289028,-242.2682993799109,0.0004667641770273498,0.99953323582297271,118055.31869284595,0.0065112011984298961,5.0381273543553498,389.29983582571225,54.683864003476835
814,OK,,323.99873761204367,114648.76804926725,0.6479655892202412,23,12,3.259543632463993,41.4787962324472,105918.74116975366,0.0,0.99993726510232395,0.84862081240224696,7.5389438433667895,-8.1408267316692626,6.2734897676047766e-05,4.571250401423228,-324.59506007114794,58.521203767553807,0.0056146479770497653,105918.74116975366,354.28047016115784,0.99993726510232395,-264.80937973115408,0.15137918759775298,0.84862081240224696,105918.74116975366,0.0047552904195114331,3.7337178331666814,378.79683492703651,41.478796232446001
815,OK,,353.7253241158688,114535.93262331682,0.3413782697410661,18,11,2.822832708074808,46.38108209790332,114535.93262331682,0.0,0.63345237227610862,0.9962744243486813,6.5667577647063773,-6.9390950409916199,0.36654762772389138,4.4639493532151535,-297.15902403859701,53.618917902096783,0.0055767992254639126,114535.93262331682,365.63396891849288,0.63345237227610862,-244.78561184784576,0.0037255756513186961,0.9962744243486813,114535.93262331682,0.0055102161195517904,4.2710563443281151,388.04381475368695,46.381082097903295
816,OK,,343.69207026712485,111662.91888183146,0.3391225620279208,16,14,2.392259479262963,53.74792913077749,101519.02113307627,0.0,0.63352711400321282,0.91422338864212715,5.0574350906587862,-5.5063717964671834,0.36647288599678712,3.8505868818861022,-304.82339641236456,46.252070869222806,0.0047833714109476021,101519.02113307627,361.46133157114525,0.63352711400321282,-261.51271376215567,0.085776611357872887,0.91422338864212715,101519.02113307627,0.0062360322558360241,4.8875828043823821,380.03074862973159,53.747929130777237
817,OK,,351.05701422720153,146205.60317867916,0.6587370420153853,22,12,2.170887258820704,58.767357119154966,115486.77719210176,0.0,0.99960836373741879,0.58042677555069522,3.9370574553114075,-4.1678136609074876,0.00039163626258122277,3.2209841076404548,-319.37896949506347,41.232642880845042,0.0039719350138246075,115486.77719210176,357.19694231255892,0.99960836373741879,-281.33584374916092,0.41957322444930484,0.58042677555069522,115486.77719210176,0.0063941406887834239,5.0688754517432839,372.22412046518656,58.767357119154916
818,OK,,327.3392078679096,145708.5636437761,0.6345217658163792,22,14,2.082089783693081,49.591400382854175,106886.91597156112,0.0,0.99985698477964002,0.7368336836483742,4.6967059914909743,-5.2519954081745182,0.00014301522036000693,3.9376095883688587,-324.05003391043147,50.40859961714586,0.0048383817767505676,106886.91597156112,354.58576682099772,0.99985698477964002,-274.02945143337899,0.26316631635162585,0.7368336836483742,106886.91597156112,0.0055548306996228885,4.3862157461129039,374.82028478961456,49.591400382854125
819,OK,,337.2346143185901,108373.92347221501,0.6572690413362475,20,10,1.51529584262873,40.296657995197684,104925.28271949137,0.0,0.99663730174820775,0.84553740279525824,4.5471279834962219,-4.9533891136101555,0.0033626982517922501,4.6663539370006442,-324.96452120373124,59.703342004800739,0.0057296469381945088,104925.28271949137,354.03518303947294,0.99663730174820775,-265.73648131941582,0.15446259720474179,0.84553740279525824,104925.28271949137,0.0046146219337042816,3.6255647267476929,378.33669536013747,40.296657995199219
820,OK,,341.5538896460239,119885.7308626623,0.38858601749992755,18,11,3.1728596402255764,50.517968417112186,116323.59640762069,0.0,0.77994630496486339,0.99474891680968847,6.4740866327091098,-7.0282399737518118,0.2200536950351365,4.0178639189410994,-305.68082788056324,49.482031582887934,0.004994741686636244,116323.59640762069,362.41484804607381,0.77994630496486339,-243.83761621021739,0.0052510831903114794,0.99474891680968847,116323.59640762069,0.0060043974460386616,4.6509254063384899,388.53627826813369,50.517968417112158
821,OK,,357.35346617725736,140506.78673466784,0.36816818476952645,20,13,1.720719150688472,41.77099676209117,107156.64011543199,0.0,0.62787627774058741,0.99386635016517599,5.0963918558144652,-5.3541112056380982,0.37212372225941248,4.8523082548571175,-301.05038390658353,58.229003237908806,0.0060442585302848666,107156.64011543199,363.4685486346396,0.62787627774058741,-249.74966145449156,0.006133649834823997,0.99386635016517599,107156.64011543199,0.0049434862400398972,3.8451203272622321,385.52806307769725,41.770996762091137
822,OK,,351.3963245511991,131240.34550381577,0.6989729277003986,22,13,3.0244937360325,41.707681179824334,107450.16154559665,0.0,0.99996283646920803,0.7217025744441421,7.0899173242967262,-7.2720481187207699,3.716353079201754e-05,4.5533506673911406,-323.74327993955802,58.292318820175538,0.0055962947542216417,107450.16154559665,354.7592041381759,0.99996283646920803,-274.94281433640651,0.27829742555585779,0.7217025744441421,107450.16154559665,0.0046580829256117071,3.6800716648135388,374.45776828143732,41.707681179824363
823,OK,,342.00252683279035,118989.83199700568,0.43332685163107126,15,9,3.280384997977718,52.32139035135755,116749.13849253523,0.0,0.89425967836313602,0.98670472957160371,6.2734500469269223,-6.8059304902404296,0.10574032163686407,3.7949797044243683,-312.48157137076959,47.678609648642542,0.0046990281346201259,116749.13849253523,359.86253863002446,0.89425967836313602,-244.42137008701647,0.013295270428396306,0.98670472957160371,116749.13849253523,0.0062090274478411511,4.811053487193643,388.29530569629878,52.3213903513575
824,OK,,349.6372058591278,114063.19600518997,0.5378208036896481,18,13,3.05280333069537,49.444127979846655,114063.19600518997,0.0,0.99949005311411221,0.93422901179167761,6.1740061174427741,-6.5207640646859604,0.00050994688588789847,3.9493738031416044,-320.12587622172987,50.555872020130103,0.0048673615631228727,114063.19600518997,356.77885232513847,0.99949005311411221,-251.44689806453425,0.06577098820832232,0.93422901179167761,114063.19600518997,0.0057945219275891465,4.510090006175882,385.07780031502494,49.444127979869954
825,OK,,328.18724215289546,137649.14752811973,0.345087593393953,24,12,2.4585605729179916,46.696666058835156,118157.74596335285,0.0,0.64718872314685161,0.99975495667017289,5.8861282649159472,-6.6648868812845077,0.35281127685314845,4.4274057865954344,-296.06130493787293,53.303333941164823,0.0055363577649241722,118157.74596335285,366.35676503280462,0.64718872314685161,-242.18221721706556,0.00024504332982713361,0.99975495667017289,118157.74596335285,0.0055606806769560148,4.3023969947421907,389.34196057097324,46.696666058835142
826,OK,,351.52026011901387,126925.12286913599,0.47652688596400644,19,14,2.1339841877775307,41.293367813421256,104719.53439645431,0.0,0.79540910207243654,0.97682681132952409,5.7854333501877928,-6.0728627830403239,0.20459089792756344,4.754154224908433,-313.18379327095147,58.706632186578886,0.0058778153003915526,104719.53439645431,358.44127203019957,0.79540910207243654,-253.12277764686991,0.023173188670475957,0.97682681132952409,104719.53439645431,0.0048634277093409306,3.7912840497521381,383.91742705324714,41.293367813421057
827,OK,,342.9228610633313,138005.43384615827,0.5739927959289419,20,14,2.552568968007799,59.40178518823793,119046.6326421158,0.0,0.99987998860037464,0.71708026995388008,4.3359528728326922,-4.7562444707873892,0.00012001139962538418,3.1712696006952386,-317.53783177570995,40.598214811762247,0.0039161452735646954,119046.6326421158,358.22531467068069,0.99987998860037464,-268.32101314680671,0.28291973004611981,0.71708026995388008,119046.6326421158,0.0066612854550621376,5.2374572381598679,377.96913700637947,59.401785188237767
828,OK,,322.72012803279523,117356.82494244911,0.4596931153961431,16,9,1.8418693494800356,41.88165316126365,117356.82494244911,0.0,0.78431350502202601,0.99077621833712859,5.1726581496948656,-5.959864393499962,0.21568649497797399,4.7155591194194386,-305.39482909911248,58.118346838736336,0.0058635812766259935,117356.82494244911,362.61547521342271,0.78431350502202601,-243.62089222078652,0.0092237816628713745,0.99077621833712859,117356.82494244911,0.0049758463380710433,3.8534911950321136,388.6738554823346,41.881653161263614
829,OK,,337.61806411478653,146965.47200712204,0.37511682756072745,16,11,1.9863987446167917,42.03845664851908,114835.69051324842,0.0,0.63489563850451369,0.98305951887858922,5.5436692447372478,-6.1403055626675744,0.36510436149548636,4.8243136702032716,-297.08695399267395,57.961543351480906,0.0060274034598200004,114835.69051324842,365.6864900202317,0.63489563850451369,-245.98530201331161,0.016940481121410781,0.98305951887858922,114835.69051324842,0.0049806298378274206,3.8633683355672161,387.52480461016404,42.038456648519023
830,OK,,324.62761865216766,131407.69306873585,0.5035461638933083,20,8,2.0777582127886474,40.47197634907258,109624.05674650044,0.0,0.84563243646161657,0.99960988533110662,5.699756886532815,-6.4006107054513715,0.15436756353838343,4.7787365432838653,-313.43844849106733,59.528023650927331,0.0059099408367969094,109624.05674650044,358.81867546420165,0.84563243646161657,-247.54572279432386,0.00039011466889341841,0.99960988533110662,109624.05674650044,0.004801143375948563,3.728802898015696,386.61450908781495,40.471976349072577
831,OK,,343.05647081805245,148915.21944065287,0.6825717653491491,19,9,2.5171619676613273,48.92036234280919,110944.67282858847,0.0,0.99909473278344596,0.64792207632410725,5.4217021673850896,-5.7424200877122127,0.00090526721655393848,3.9905730835769173,-321.7775140727079,51.079637657190922,0.0049119226232575966,110944.67282858847,355.85113723662994,0.99909473278344596,-278.78601541487933,0.35207792367589269,0.64792207632410725,110944.67282858847,0.0053879679885867901,4.2658544866102179,373.01799994637361,48.920362342809177
832,OK,,339.3581792918108,117732.27895173064,0.5339588618229651,20,13,2.962654017445324,58.1468170248822,117732.27895173064,0.0,0.99986543396043204,0.80139351016732441,4.9888922741914454,-5.4871245921038865,0.00013456603956792381,3.2693081300375599,-318.2180327589619,41.853182975118216,0.0040351130297722661,117732.27895173064,357.84669199428697,0.99986543396043204,-261.77326041681476,0.19860648983267556,0.80139351016732441,117732.27895173064,0.0066341784187863772,5.1955726667967053,380.72803764858048,58.146817024881834
833,OK,,342.4998653596337,116050.32434810992,0.4245576143917567,25,12,2.1206488024611487,58.581688536566034,116050.32434810992,0.0,0.99678996813699972,0.98002099112369945,3.8935208798512408,-4.4296017021448462,0.0032100318630002684,3.2371254107437744,-318.9183647592244,41.418311463423969,0.0039931191796415272,116050.32434810992,357.42170378247891,0.99678996813699972,-245.54975230556903,0.019979008876300552,0.98002099112369945,116050.32434810992,0.0069397480419969614,5.3812080304110976,387.76771971171218,58.58168853657601
834,OK,,342.6979832345501,147684.7061066972,0.6966279585229317,24,11,1.8041175373953826,49.702927704053465,109791.85162284116,0.0,0.99909312526172733,0.6094528512243399,4.25858843742723,-4.5694210268860349,0.00090687473827264994,3.9294366605227591,-322.40476469792929,50.297072295946599,0.0048343580600742177,109791.85162284116,355.4998990537951,0.99909312526172733,-282.4933036380358,0.3905471487756601,0.6094528512243399,109791.85162284116,0.0054274848910937732,4.3072748638034248,371.36683340591424,49.702927704053415
835,OK,,345.8737047979571,133608.83522897438,0.5218732823319786,24,13,1.594797382006818,46.74461112171412,101771.39969622422,0.0,0.97432766035021301,0.99360076425498745,4.2104958205776866,-4.5665592417058249,0.025672339649786876,4.1790534348325865,-325.48870383937412,53.255388878286652,0.0051280758826487641,101771.39969622422,353.48798051723395,0.97432766035021301,-253.36130794986903,0.0063992357450125643,0.99360076425498745,101771.39969622422,0.0055178570816483306,4.3027793088449142,383.67791965837574,46.744611121713376
836,OK,,333.80089657976765,118200.94733586081,0.6222930417862659,23,10,2.2477014363776044,44.349185796089586,118200.94733586081,0.0,0.9989647162173888,0.85036694042913019,5.4366534808094586,-5.9753378959250973,0.001035283782611134,4.3477956283285986,-317.92201899872208,55.650814203915928,0.005367385861586354,118200.94733586081,358.00120829853307,0.9989647162173888,-257.01510985965933,0.14963305957086978,0.85036694042913019,118200.94733586081,0.0051139848898229803,3.9931824359725159,382.82288694394026,44.349185796084022
837,OK,,350.67763721691233,126434.95169724025,0.4963206951390686,20,8,2.5382657094237207,48.124755282681825,108763.39518046947,0.0,0.95591235407581421,0.99908815706883769,5.5953137948278808,-5.9288277421066553,0.044087645924185896,4.0841504320754316,-320.46872353777974,51.875244717318289,0.0050298021646466773,108763.39518046947,356.09762397290228,0.95591235407581421,-248.15616947976665,0.00091184293116231918,0.99908815706883769,108763.39518046947,0.0057061034455281679,4.4335238780014663,386.3064695848164,48.124755282681711
838,OK,,323.73098023840345,109972.87611253187,0.6226211742774974,21,8,1.739041017523038,51.59314187805292,109972.87611253187,0.0,0.99406643814302531,0.72588441257952696,4.0074473312064391,-4.6328375490581584,0.0059335618569747563,3.7851775450569276,-322.01605078376798,48.406858121948069,0.0046580050397122827,109972.87611253187,355.66048614822478,0.99406643814302531,-273.02382128487108,0.27411558742047309,0.72588441257952696,109972.87611253187,0.0057737116079084839,4.5553402612521685,375.43504315623522,51.593141878051881
839,OK,,344.31573749027467,139452.1761354575,0.41153158696676834,21,9,2.5201884703629487,53.64948300385602,105319.67816471194,0.0,0.88683951722845511,0.99911110829298444,5.0489306195380843,-5.5019391454129796,0.11316048277154499,3.6940942896365474,-318.34945543850347,46.350516996144073,0.0045535329602089912,105319.67816471194,356.5271333970224,0.88683951722845511,-250.40769768644006,0.00088889170701555,0.99911110829298444,105319.67816471194,0.0063511164984481989,4.9425102261202323,385.15488172947641,53.64948300385602
840,OK,,340.28640362522725,132644.70142842908,0.6773079873211006,25,13,2.794089646538416,49.501146069422816,105163.46724968989,0.0,0.99994484258791561,0.65183169368527194,5.7966625977510997,-6.1319397618025686,5.5157412084466899e-05,3.9445974678773839,-325.01948136278122,50.498853930577262,0.0048433945699282071,105163.46724968989,354.04192893520269,0.99994484258791561,-282.04528480216993,0.34816830631472795,0.65183169368527194,105163.46724968989,0.0054423583038367973,4.3192133879347887,371.25702066840216,49.501146069422738
841,OK,,341.9506582629838,108018.73919182685,0.43574564688936424,21,11,2.910618844892963,59.268568759904724,105537.4451450656,0.0,0.999265537104021,0.95152491052330279,4.8189354293709616,-5.2966801952782472,0.00073446289597910456,3.1820266556052785,-324.7704120234373,40.731431240089954,0.0039077811966675511,105537.44514506561,354.17424626094703,0.999265537104021,-255.15760388095731,0.04847508947669716,0.95152491052330279,105537.44514506561,0.006945054337387002,5.4206137910745325,383.04893687929143,59.268568759910032
842,OK,,336.8673229272364,120644.75685093421,0.48240440477469415,25,8,3.2501308712049797,59.258319637120294,119151.11036898172,0.0,0.9974296757170622,0.87168924985542473,5.2081938626780282,-5.789014055841383,0.0025703242829377216,3.1838764729492319,-317.34069532880125,40.741680362889113,0.0039321976117964738,119151.11036898172,358.30711527759019,0.9974296757170622,-254.43969361329823,0.12831075014457527,0.87168924985542473,119151.11036898172,0.0068671608286022612,5.3533176470539017,383.99240782766486,59.258319637110908
843,OK,,346.4276179698396,131808.5104819258,0.38263589561568295,17,12,2.2799139132127118,49.844008302577464,111256.87276587795,0.0,0.73984168609038303,0.97680571575234842,5.2017692483530373,-5.6523166242992442,0.26015831390961702,4.1008027333329187,-305.95771812803872,50.155991697422451,0.0050948109028072707,111256.87276587795,361.8629961386394,0.73984168609038303,-248.88359933751821,0.023194284247651575,0.97680571575234842,111256.87276587795,0.005888051636673863,4.5763325839586653,386.08966383567503,49.8440083025774
844,OK,,322.64939141018573,114600.6157214764,0.36467371037664575,22,12,2.4008977389146695,49.960232165783,105084.27747008657,0.0,0.72766045093361409,0.99889089765193406,5.4064216697621807,-6.1920969319651418,0.27233954906638591,4.0998500114161116,-308.7500111693605,50.039767834217081,0.005082466946525469,105084.27747008657,360.20984960601777,0.72766045093361409,-250.58679655627105,0.0011091023480658876,0.99889089765193406,105084.27747008657,0.0059134449786166889,4.6024801266606969,385.06468185207103,49.96023216578299
845,OK,,333.02521076295903,145362.258946841,0.5937164713860725,19,12,2.708826477045657,46.21154352903572,105615.08462425183,0.0,0.99978711046934576,0.8789341095393759,6.0344316132863947,-6.5426401871968141,0.00021288953065416586,4.2016759241779127,-324.75667763820684,53.788456470956319,0.005160073852231703,105615.08462425183,354.18790930560215,0.99978711046934576,-262.18094053984669,0.12106589046062409,0.8789341095393759,105615.08462425183,0.0053314876496411007,4.1793853237841629,379.94013594821661,46.211543529043588
846,OK,,338.5591753930229,134122.65836848074,0.48867676512492497,18,8,1.4797954602688417,45.75186980953372,114909.98654452918,0.0,0.8948044878499023,0.9928701020973163,4.1382334982956284,-4.6795274355953005,0.10519551215009765,4.3174662435620057,-313.49921253253194,54.24813019046664,0.00534189799096247,114909.98654452918,359.30574978779032,0.8948044878499023,-244.91133642712447,0.0071298979026836714,0.9928701020973163,114909.98654452918,0.0054323331495649612,4.2109298937446091,388.00340950521604,45.751869809533375
847,OK,,329.55082525397796,122423.82792669423,0.6669168475594449,23,12,3.1048887415299378,44.56686986664434,103565.77833413985,0.0,0.99993236604128222,0.74729426099873908,6.889566294640594,-7.3819066070845274,6.763395871767836e-05,4.3300363796346213,-325.92273336610458,55.433130133356386,0.0053130015229804969,103565.77833413985,353.53342710081313,0.99993236604128222,-275.26700323715613,0.25270573900126087,0.74729426099873908,103565.77833413985,0.0049954428678349871,3.9483497018845002,374.08670267621511,44.566869866643685
848,OK,,329.27441099088287,118060.84290443512,0.6972539537360983,19,9,2.613711055930331,47.93346511502277,103612.0912233237,0.0,0.99933843385339804,0.63087780315848385,5.6974377048016125,-6.1683937757423948,0.0006615661466020051,4.0674959945903604,-325.86252121999172,52.066534884977123,0.0049910593330140295,103612.0912233237,353.56056783612013,0.99933843385339804,-284.66509669179572,0.36912219684151615,0.63087780315848385,103612.0912233237,0.005243228406564473,4.168337471916109,370.03315235562263,47.933465115022763
849,OK,,343.6141969758331,122321.39256807856,0.5984821984274136,24,9,3.402978297498854,51.298454049082466,108608.56169208112,0.0,0.99941040330368092,0.78214961114174142,6.4777597018925164,-6.833419317602333,0.00058959669631910715,3.8045701283717452,-323.07173300047072,48.701545950920035,0.0046783723411260008,108608.56169208112,355.12968527253076,0.99941040330368092,-269.05681379380104,0.21785038885825864,0.78214961114174142,108608.56169208112,0.0058057768216402414,4.5698064296642542,377.08012607171179,51.298454049079922
850,OK,,339.19357365152496,147466.17539623854,0.5094781538956361,17,11,2.7421183567503737,46.347780195897926,108052.05099845238,0.0,0.93616510007604326,0.98445492611927121,6.1466986862933677,-6.6351831241477397,0.063834899923956731,4.2389130537971047,-319.71065289177534,53.652219804102238,0.0052223311475019414,108052.05099845238,356.30281972307256,0.93616510007604326,-250.14825133718108,0.015545073880728738,0.98445492611927121,108052.05099845238,0.0054761847460120154,4.2603058283378212,385.38948532653961,46.347780195897833
851,OK,,323.7189027263797,112115.10326899156,0.5013507441413643,19,13,2.1072994194074743,46.46018079093731,102318.31749356585,0.0,0.9174739082650849,0.97818159078736644,5.1257832764661622,-5.8090482963661545,0.082526091734915027,4.2440693262362057,-321.88450792737819,53.539819209062763,0.005219102749338035,102318.31749356585,354.88279689981653,0.9174739082650849,-254.58836828060902,0.021818409212633554,0.97818159078736644,102318.31749356585,0.0054673890437724575,4.2665495403372402,383.15440768743196,46.460180790937244
852,OK,,340.78357538779636,142901.29931159777,0.5345505122642846,15,13,1.6502379356213774,46.62347700193892,112496.72152846742,0.0,0.83416668554317963,0.80846272038136069,4.4037095329670501,-4.842913911966658,0.16583331445682026,4.2934962684983757,-311.14134383014664,53.376522998061667,0.0053184141274445554,112496.72152846742,359.96847321999098,0.83416668554317963,-264.30908054450731,0.19153727961863917,0.80846272038136069,112496.72152846742,0.0053153593970014911,4.1705546445195498,379.35753994458031,46.623477001938326
853,OK,,353.8590160604308,137244.14136737608,0.5002753651144218,19,11,2.140397443806847,41.86266795820335,118689.73729650174,0.0,0.8564812111383443,0.99441019974731826,5.6459182430840311,-5.9643628406316074,0.1435187888616557,4.6582490328559389,-309.15726313832766,58.137332041796647,0.0057801819918286215,118689.73729650174,361.29426954251869,0.8564812111383443,-242.42398281310756,0.0055898002526817477,0.99441019974731826,118689.73729650174,0.004980387237531963,3.8538782237880467,389.25623239107313,41.862667958203311
854,OK,,350.8214809342296,117510.73943745924,0.6053665000297195,15,11,1.5010711240998027,44.505240854204715,117510.73943745924,0.0,0.96540129931562912,0.84357039115416665,4.2060967377140761,-4.4993551297750853,0.034598700684370945,4.3617294531303292,-316.31431323729009,55.494759145795982,0.0053891966562868284,117510.73943745924,358.51726494889488,0.96540129931562912,-258.06078751484586,0.1564296088458334,0.84357039115416665,117510.73943745924,0.0051230340932268796,4.0029907773044844,382.33355687928815,44.505240854204025
855,OK,,349.1085562786913,107752.06177274669,0.6595878172523135,18,14,1.8956045790936906,55.712275908061045,102868.48754813366,0.0,0.99972947590496231,0.61080321748915911,3.884259718872046,-4.085032766964205,0.00027052409503771404,3.4595636693564633,-326.30876311652901,44.287724091939047,0.0042436658189247932,102868.48754813366,353.3136391179907,0.99972947590496231,-286.68326226437654,0.38919678251084083,0.61080321748915911,102868.48754813366,0.0060665261020212595,4.8291025424842253,369.12101277393572,55.712275908060981
856,OK,,344.1076251271771,111356.7711386369,0.44528188191407336,20,13,2.262971863256692,54.83100535206512,111356.7711386369,0.0,0.95776087558191281,0.97689095211534016,4.4858370262851617,-4.9572808387369207,0.042239124418087186,3.5549945969158814,-319.15251177296875,45.168994647935037,0.0043825895966139753,111356.7711386369,356.85288834497555,0.95776087558191281,-248.81134950083504,0.023109047884659745,0.97689095211534016,111356.7711386369,0.0064775731870046344,5.0342697638804266,386.1259924569066,54.831005352064977
857,OK,,329.8192602778789,131875.2294480309,0.6394256412427365,16,11,1.6894167245889253,41.45299154288492,118290.15827796751,0.0,0.99458082554672189,0.86218528730787702,4.740689078743114,-5.3269265810114099,0.0054191744532781604,4.5776648637967599,-317.61969015178465,58.54700845710758,0.0056521898971785989,118290.15827796751,358.11968051017595,0.99458082554672189,-255.85372720224586,0.13781471269212309,0.86218528730787702,118290.15827796751,0.0047922779964361638,3.7392820056833482,383.33439463138131,41.452991542892462
858,OK,,356.1034533670862,115509.73480108549,0.6461235830572114,17,13,1.8017116611509838,48.73512574016618,115509.73480108549,0.0,0.99884337845978832,0.72490523210728486,4.3257434852035592,-4.5009536124630207,0.0011566215402116769,4.0052253492427194,-319.3224022282343,51.264874259832688,0.0049391884350675997,115509.73480108549,357.21979233288272,0.99884337845978832,-269.74724350294099,0.27509476789271514,0.72490523210728486,115509.73480108549,0.0054659367174051243,4.3023265918698357,377.16174126616608,48.735125740167312
859,OK,,331.16536383790657,107316.81627072472,0.595594007115379,17,13,2.43926902390795,51.66813019237353,102941.35579713028,0.0,0.99969041147394055,0.78240950747798443,5.0347029482447212,-5.5422564064189448,0.00030958852605941003,3.7755011610724876,-326.26489983114072,48.331869807622319,0.0046313625551603335,102941.35579713028,353.33791126451797,0.99969041147394055,-272.66271881321575,0.21759049252201551,0.78240950747798443,102941.35579713028,0.0058327969121567992,4.6029265445010648,375.18692674160286,51.668130192377724
860,OK,,358.63521600828847,141761.02820196768,0.5708463048972403,21,12,2.9610735183663084,45.651730992385076,117098.00072680906,0.0,0.99979759132901991,0.93981910470205632,6.4776455247095175,-6.6861031986237558,0.00020240867098010614,4.2453975933561541,-318.54463331856653,54.348269007600408,0.0052385312922255921,117098.00072680906,357.6640663086776,0.99979759132901991,-249.01981678246261,0.060180895297943592,0.93981910470205632,117098.00072680906,0.0053636248020067934,4.1677426994629831,386.28021533320651,45.651730992399543
861,OK,,335.5744541934239,129200.41499777429,0.3179836286150147,16,12,1.8591848519043435,51.99817575120481,109947.19881470816,0.0,0.6226922294240943,0.96330640688771407,4.4121354336355623,-5.0500718934639304,0.37730777057590575,4.0035528572582022,-299.06610111225029,48.00182424879538,0.0049940899996063787,109947.19881470816,364.49935570461793,0.6226922294240943,-251.10527546415028,0.036693593112285969,0.96330640688771407,109947.19881470816,0.0061209822094324337,4.7642675442122862,385.04730021019208,51.99817575120462
862,OK,,326.085967981641,113259.27433360669,0.38964320046481105,18,10,1.5350895489631828,47.807433764018654,103650.12944352865,0.0,0.73975338471354624,0.99258080828434758,4.1988054052507913,-4.9099378460597221,0.26024661528645371,4.2673796952389633,-310.36085370276317,52.192566235981324,0.005284393755596405,103650.12944352865,359.4418955263601,0.73975338471354624,-252.20259506443972,0.0074191917156524482,0.99258080828434758,103650.12944352865,0.0056470841170195296,4.3999267628402468,384.2800503659318,47.807433764018576
863,OK,,351.7562980026746,126002.01199336909,0.676888110350458,24,10,2.055014558092067,53.81257399851758,110978.00328171141,0.0,0.99889778517734196,0.59949335447666297,4.2583801286276914,-4.4515446106580656,0.0011022148226581187,3.6084989020135687,-321.74807550181509,46.187426001482486,0.0044417248193720877,110978.00328171141,355.86537261831262,0.99889778517734196,-282.54377783261486,0.40050664552333703,0.59949335447666297,110978.00328171141,0.0058670646867841026,4.6559008980103709,371.42276120752024,53.81257399851755
864,OK,,345.99481796154663,116939.92377237829,0.5647386079147624,18,10,2.8152399420440353,53.46853327775433,112690.12865455545,0.0,0.99926349396398095,0.81341053955022502,5.3530448885960693,-5.7148982907756984,0.00073650603601913434,3.6351391847168597,-320.84603431108991,46.531466722244716,0.0044776141598395283,112690.12865455545,356.37401108564171,0.99926349396398095,-263.74550365658882,0.18658946044977504,0.81341053955022502,112690.12865455545,0.0061026619008574187,4.7865681242440257,379.61337373994388,53.468533277755242
865,OK,,347.41797717721164,124599.5769782059,0.5365321852855156,16,10,1.3413662099195742,51.92476992105908,104882.45152070197,0.0,0.96394875281587233,0.85919705636181543,3.4319700733353549,-3.7510879118282814,0.036051247184127631,3.7795551729750971,-323.10994209382716,48.07523007894067,0.0046457433381985134,104882.45152070197,354.70842392641106,0.96394875281587233,-264.50465270482249,0.14080294363818457,0.85919705636181543,104882.45152070197,0.0059634336360125583,4.681716128544509,378.87723320739019,51.924769921059358
866,OK,,336.0046382011436,121011.45227294616,0.5328700562633021,18,14,3.306465297858007,52.49322094154776,104565.07545405564,0.0,0.99984804978411435,0.88974871174942072,6.1915332224391948,-6.6868405616504534,0.00015195021588569114,3.7109431779867594,-325.3513866157723,47.506779058434319,0.0045553447023867263,104565.07545405564,353.85410735265077,0.99984804978411435,-261.84158876282498,0.11025128825057928,0.88974871174942072,104565.07545405564,0.0060672817257495697,4.7554648417650132,380.03735592070211,52.493220941565681
867,OK,,321.0869567914712,149418.82182411492,0.5249402958972449,20,10,1.7945028244469547,55.55127801663295,105569.28881556232,0.0,0.99574154187762121,0.85176595532060673,3.7606645608723266,-4.4714418576985073,0.0042584581223787379,3.4746264551011889,-324.55078917729179,44.448721983369282,0.0042676717836820739,105569.28881556232,354.25760446230487,0.99574154187762121,-264.74570686750667,0.1482340446793933,0.85176595532060673,105569.28881556232,0.0063718567569192629,5.00290431439588,378.80668125185338,55.551278016630739
868,OK,,328.2563383757614,136076.8421707487,0.5706941587857617,19,11,2.1962095394033563,52.19411717420753,119749.36481035649,0.0,0.99896452351390541,0.82156926058808477,4.5930737464051328,-5.2427377308268639,0.0010354764860945895,3.7348998127476678,-317.12229811462879,47.805882825793447,0.0046135798062346628,119749.36481035649,358.44592963403801,0.99896452351390541,-258.75225469924192,0.17843073941191528,0.82156926058808477,119749.36481035649,0.0059857219913342355,4.6784538891840555,382.14017062080075,52.194117174206561
869,OK,,327.44537871125357,106709.99765892809,0.5200737524753158,24,10,1.2057965293758373,48.790137351115476,106234.07821839579,0.0,0.96399964136139238,0.94586844466466957,3.4418284076554202,-4.0815321604044392,0.036000358638607614,4.0259556461656496,-322.34961457235147,51.20986264888483,0.0049514734887902449,106234.07821839579,355.13525817519309,0.96399964136139238,-255.26895230633153,0.054131555335330497,0.94586844466466957,106234.07821839579,0.0057120658201403806,4.4584012242610846,383.03166809296323,48.790137351115227
870,OK,,325.8785190098572,128869.16861033268,0.4819639666776549,22,7,3.036967548421774,56.68063670783151,115479.081609109,0.0,0.99496206734844461,0.91010557209070098,5.2713931203732605,-6.0000012837083254,0.0050379326515554157,3.3868163378678866,-319.11282409001512,43.319363292152943,0.0041770643890417332,115479.08160910899,357.29258770011154,0.99496206734844461,-252.95707540032129,0.089894427909298941,0.91010557209070098,115479.08160910899,0.006612299014759228,5.1509955665960074,384.47566212409805,56.680636707847142
871,OK,,346.92141388058565,112022.06898048086,0.5851825464424582,18,13,2.3831414543414255,43.60097610459562,104231.00699769746,0.0,0.99764510924880567,0.94834876441358118,5.7781678521413706,-6.0925088518320578,0.0023548907511942931,4.4072944517435486,-325.41456535203503,56.399023895417891,0.0054097606870398057,104231.00699769746,353.7934639652114,0.99764510924880567,-256.33869186943434,0.05165123558641882,0.94834876441358118,104231.00699769746,0.0051025310395041963,3.9857369828460123,382.46287341498174,43.600976104582024
872,OK,,324.4190434009987,114366.17161146412,0.48616269846148197,23,14,1.2429962556064968,44.25966075827862,106131.01407588323,0.0,0.86397883268049813,0.98965657198837764,3.8833573918063231,-4.5817481159209219,0.13602116731950187,4.4603281863585149,-316.52283893678492,55.740339241721628,0.0055043651739238005,106131.01407588323,357.30070616301572,0.86397883268049813,-250.86196516674988,0.010343428011622344,0.98965657198837764,106131.01407588323,0.0052307482706401304,4.0715943291801704,384.98779237059489,44.259660758278265
873,OK,,334.91349139440746,115113.80491774563,0.517399529244853,23,8,3.4184318112218612,51.459791762640364,101820.95012982724,0.0,0.99857644141134738,0.93647769636253475,6.5010525266307591,-7.0139910714723843,0.0014235585886526029,3.792534214391591,-326.84406989145168,48.540208237348715,0.0046501526591091295,101820.95012982724,352.99871198337269,0.99857644141134738,-259.12991773173451,0.063522303637465166,0.93647769636253475,101820.95012982724,0.0060000338015177906,4.6955736793173575,381.10567017418839,51.459791762651342
874,OK,,328.4271901671398,128060.91343068302,0.6717752953722277,24,9,2.227423737243018,52.05448586785036,118258.58018969695,0.0,0.99854263926950537,0.62919834875376501,4.6549676713304207,-5.2195980440359824,0.0014573607304945947,3.7460924212884641,-317.8674855529207,47.945514132149704,0.0046247496745658112,118258.58018969695,358.0267590562201,0.99854263926950537,-275.94394515643194,0.37080165124623488,0.62919834875376501,118258.58018969695,0.0057286013460067274,4.5254789146800283,374.67265214290427,52.054485867850381
875,OK,,322.12567221151244,149731.612032287,0.5877577844031725,25,13,2.7574164225654183,53.979404707643724,117285.10763455555,0.0,0.99989046829021788,0.76360940007466571,5.2025363813513534,-5.9089817370008912,0.00010953170978211726,3.5948240802163172,-318.45240460300693,46.020595292351231,0.0044360849998696271,117285.10763455555,357.71648471902671,0.99989046829021788,-265.37588379217271,0.23639059992533423,0.76360940007466571,117285.10763455555,0.0061084318038843784,4.7945951736705092,379.14383198575962,53.979404707648705
876,OK,,346.63376708716527,140729.89952196568,0.6191384389108798,21,11,1.9822160652571927,44.4301281713076,113723.09308977514,0.0,0.99895013781331699,0.85590154624652026,4.9950090275308288,-5.3298717059172231,0.0010498621866830652,4.3414832582822189,-320.27563134912367,55.569871828684249,0.0053499692954441461,113723.09308977514,356.68910023198686,0.99895013781331699,-259.21523537664143,0.14409845375347974,0.85590154624652026,113723.09308977514,0.0051194445176669604,4.0039196381334916,381.64586675086349,44.430128171315822
877,OK,,332.0791476312486,116296.81183995325,0.41879027314309647,17,9,1.7298077927721016,59.01148547296164,116296.81183995325,0.0,0.94596517671401026,0.94737770280465761,3.4060188125636763,-4.090124161902871,0.054034823285989755,3.2327544802444761,-315.80666029239899,40.988514527036024,0.0039949772233343738,116296.81183995325,358.58357984562321,0.94596517671401026,-248.74762524448087,0.052622297195342491,0.94737770280465761,116296.81183995325,0.006942174205251562,5.3936685740188999,386.36581003057751,59.011485472963905
878,OK,,340.5597790755806,117840.91913832088,0.5949976006648876,23,10,2.08576391798176,55.184711603462304,117840.91913832088,0.0,0.9982167394359136,0.73245508443520513,4.1611446443674067,-4.6015266106335613,0.0017832605640863738,3.5017256044967926,-318.06536818895029,44.815288396538804,0.0043223967366640163,117840.91913832088,357.9129433451393,0.9982167394359136,-267.72675868575288,0.26754491556479493,0.73245508443520513,117840.91913832088,0.0062053265333416718,4.8775386559521898,378.1591816802827,55.184711603461096
879,OK,,342.05714090071046,115247.30863157276,0.46373740557580534,21,13,1.5327050466153003,43.026487849876005,115247.30863157276,0.0,0.80726949772502266,0.99115052053868324,4.5066611172894051,-5.0021944892206394,0.19273050227497743,4.6043253082801989,-307.9745190376272,56.973512150124051,0.0057155009468743186,115247.30863157276,361.43442445038625,0.80726949772502266,-244.88255324938848,0.0088494794613168653,0.99115052053868324,115247.30863157276,0.0051075816040954455,3.9590522461522357,388.02995844693828,43.026487849875906
880,OK,,321.02386448437005,139946.92461005272,0.6858314804638797,21,8,2.8040767619770657,51.748910625567085,106839.14055116166,0.0,0.99887187344640138,0.60604983253413136,5.5501217815671682,-6.1531604522599901,0.0011281265535985263,3.7697448871160635,-324.02013754248929,48.251089374432802,0.0046321731019017013,106839.14055116166,354.59133855686861,0.99887187344640138,-284.56144586716437,0.39395016746586853,0.60604983253413136,106839.14055116166,0.0056394951838424781,4.4821104143279396,370.2936512971408,51.748910625567063
881,OK,,359.0679897259956,126094.16107652766,0.46547981310772285,17,9,1.3738715148814942,59.751592161309716,112576.43053057716,0.0,0.93674903928636921,0.85196505038403503,2.9186737056375405,-3.132286234688396,0.063250960713630788,3.1795853913372176,-317.25581173972336,40.24840783869039,0.0039245650640137245,112576.43053057716,357.67706698096328,0.93674903928636921,-260.28954078566119,0.14803494961596489,0.85196505038403503,112576.43053057716,0.0068756089948837475,5.3813481594889119,381.11901201940657,59.751592161309567
882,OK,,334.60185075173035,112839.63976498623,0.5615389358310365,23,9,3.3315979311001422,50.7172910746909,112839.63976498623,0.0,0.99925693380500591,0.86379783252553877,6.436444273147873,-6.9739960198368571,0.00074306619499410356,3.8500767324834624,-320.76550595896958,49.282708925295893,0.0047426563908061752,112839.63976498623,356.41893966439335,0.99925693380500591,-259.02158735535738,0.13620216747446123,0.86379783252553877,112839.63976498623,0.0058514642511486997,4.5761186253227129,381.68786718560312,50.717291074704107
883,OK,,321.7949878163167,149661.18962206243,0.5656922238658726,22,9,1.6589398216088536,51.798198791523006,108816.91112712398,0.0,0.99337646338285612,0.83229749728568014,3.8764270867496897,-4.5673216322464567,0.0066235366171439238,3.7696096025357373,-322.60978665992025,48.201801208470492,0.0046367147462710485,108816.91112712398,355.32007843367916,0.99337646338285612,-264.45118605312945,0.16770250271431986,0.83229749728568014,108816.91112712398,0.0059255670897236795,4.6507601084287868,379.10475564577547,51.798198791529558
884,OK,,332.7989547881011,125784.93435706537,0.5890182280580574,17,10,2.1899197979412395,54.76194588476582,116036.92700351102,0.0,0.99842907943804027,0.74919017470880178,4.3454758474126969,-4.8938680475786587,0.0015709205619596548,3.5346244500407162,-319.02080078139727,45.238054115234199,0.0043598337862911681,116036.92700351102,357.38322238673186,0.99842907943804027,-267.36553063868291,0.25080982529119816,0.74919017470880178,116036.92700351102,0.006174831736082095,4.8530268312095917,378.21768596461169,54.761945884765737
885,OK,,356.2408991126364,110735.25224868197,0.47374738973580066,24,7,3.122911720732203,58.80322395407342,110735.25224868197,0.0,0.99456486065418725,0.89113057557740749,5.1313326239279595,-5.38654055397582,0.0054351393458128205,3.2210966758446555,-321.62959375444541,41.196776045913637,0.0039650413013980141,110735.25224868197,355.88245319226081,0.99456486065418725,-257.74364837674682,0.10886942442259255,0.89113057557740749,110735.25224868197,0.0068177651743901247,5.3282402842159167,382.14846474877152,58.803223954086363
886,OK,,344.43120426309065,102833.12333291826,0.32183425782654324,19,11,1.5868451444656435,50.38966180655899,102833.12333291826,0.0,0.64242958987878462,0.99380276524789091,4.1293724551831641,-4.5968123176551101,0.35757041012121532,4.1239751299839122,-304.60609508808068,49.610338193441081,0.0051242028745382981,102833.12333291826,361.66386882186578,0.64242958987878462,-252.6232274644874,0.0061972347521091539,0.99380276524789091,102833.12333291826,0.0059513871928270918,4.6384441517673602,384.05564667438466,50.389661806558927
887,OK,,332.72761667359873,135112.32196663533,0.3712936568313674,23,13,3.4961817597732834,52.750706942956164,110076.52185404905,0.0,0.7849661018535774,0.99923655436779291,6.674616068509069,-7.3411719035232936,0.21503389814642251,3.8332421744842309,-309.46009207989817,47.249293057043886,0.0047519951273069152,110076.52185404905,360.39061931247852,0.7849661018535774,-247.29432448238572,0.00076344563220705458,0.99923655436779291,110076.52185404905,0.0062585280719689874,4.8598024361183469,386.74536827433656,52.75070694295615
888,OK,,351.7119826768163,131598.3350919758,0.48790118874267874,15,12,1.9628306910439917,51.967981510428714,104770.4977167384,0.0,0.88662060020983946,0.88061991958441044,4.4050141115701864,-4.6801991847227491,0.11337939979016055,3.8282559280368531,-318.65175025127672,48.032018489572152,0.0047178217823859274,104770.49771673841,356.35628462477541,0.88662060020983946,-262.5726052064386,0.11938008041558958,0.88061991958441044,104770.49771673841,0.0059954332007202552,4.7012280784625666,379.72444388247436,51.967981510427862
889,OK,,338.2809179960255,124106.98475041051,0.5060764136290882,18,11,2.3434479494871496,48.38785262796723,118510.32624588121,0.0,0.96475075802070864,0.98316141307347615,5.2277311820927528,-5.7870639925195837,0.03524924197929135,4.0570382194820906,-315.75383674635361,51.612147372032787,0.0050148358197140974,118510.32624588121,358.82110009830541,0.96475075802070864,-243.71551087018867,0.016838586926523846,0.98316141307347615,118510.32624588121,0.0057421812682570935,4.4469521442533333,388.67859544944997,48.387852627967114
890,OK,,330.8756509762103,112012.31124022297,0.3475788874999666,17,9,1.4822746242656846,59.848012853448054,112012.31124022297,0.0,0.81852639365919211,0.96837944281770294,3.1115926980649506,-3.8292592783556967,0.18147360634080792,3.2385507071267132,-310.45035215184538,40.151987146551704,0.0040130997897389583,112012.31124022297,360.18775423799264,0.81852639365919211,-249.2736229712765,0.031620557182297108,0.96837944281770294,112012.31124022297,0.0070593074215061641,5.4877576381114777,385.94922249228011,59.848012853448331
891,OK,,341.34779733382703,123725.77833179629,0.5414854416044773,17,13,2.250446619533244,45.71501175994865,118816.54289552743,0.0,0.93926649139595242,0.93086573536629125,5.3724068764618274,-5.8556702199862158,0.060733508604047602,4.2865448300579461,-314.08461494393498,54.28498824005127,0.0053037867589630135,118816.54289552743,359.46430084969035,0.93926649139595242,-248.87503734087616,0.069134264633708795,0.93086573536629125,118816.54289552743,0.0053646635947381272,4.1677787419065409,386.41776148720942,45.715011759948716
892,OK,,327.5581875470657,118175.90159444792,0.3732091300438717,16,12,3.3661235268904335,40.933395144804926,118175.90159444792,0.0,0.62024633119592143,0.98326383520521965,8.2619475572694743,-9.0243689236726095,0.37975366880407863,4.9284282602637592,-294.23200541549653,59.066604855195152,0.0061696635684597252,118175.90159444792,367.09322887863328,0.62024633119592143,-243.90835333069884,0.016736164794780302,0.98326383520521965,118175.90159444792,0.0048569704740254321,3.761929594598036,388.57991885490731,40.933395144804898
893,OK,,340.2752373339915,129850.84580700877,0.40110169095921067,22,9,2.6781918174814825,46.54014884401093,118796.37891202226,0.0,0.75014500764983028,0.9998382334019017,6.1869726044818067,-6.7618120085004101,0.24985499235016981,4.3632034579756809,-302.45136745327727,53.459851155989057,0.0054355754482440502,118796.37891202226,363.88136837070039,0.75014500764983028,-241.78419760825042,0.00016176659809832627,0.9998382334019017,118796.37891202226,0.0055436668309386782,4.2880306452851533,389.543168678771,46.540148844010915
894,OK,,330.6069923689422,145158.35185841462,0.46250341837617803,16,7,1.368225137584649,52.62197358486675,113656.26212047016,0.0,0.92450375784323713,0.95345711666090327,3.4340640341524669,-4.0982385764192868,0.075496242156762955,3.750956009012429,-315.94727365087067,47.378026415129959,0.0046338092875662781,113656.26212047016,358.27017512112855,0.92450375784323713,-249.76514825009997,0.046542883339096695,0.95345711666090327,113656.26212047016,0.0061914773988666688,4.81415240867147,385.80273282317864,52.621973584870091
895,OK,,349.19150374097524,135399.19250506404,0.4865350980017426,17,8,2.5935576746263993,48.36933184970712,107937.22503935866,0.0,0.93851726541183078,0.99592228569561292,5.6779328291762994,-6.0325050869668031,0.061482734588169108,4.0774924221338846,-319.9124507365795,51.630668150293005,0.0050228147867399757,107937.22503935866,356.21602167929683,0.93851726541183078,-249.02514456522215,0.0040777143043869814,0.99592228569561292,107937.22503935866,0.0057289926854400628,4.4539077438380614,385.88436460710159,48.36933184970696
896,OK,,335.9928456701114,102547.81080409721,0.4971389841313847,19,10,2.2996420453392736,48.35416489975479,102547.81080409721,0.0,0.95796784763587017,0.99506042709464093,5.2080162468124982,-5.7266836601502744,0.042032152364129785,4.0645999277447942,-324.10029550008511,51.645835100245236,0.004992055211216713,102547.81080409721,354.08575029656436,0.95796784763587017,-252.68406306127537,0.0049395729053590461,0.99506042709464093,102547.81080409721,0.0057117693786317763,4.4519266019124464,384.01567629606387,48.354164899754693
897,OK,,327.4258883376534,109238.13414927477,0.5086501328830232,24,8,2.529218263472483,58.70128753577123,109238.13414927477,0.0,0.99610052267080162,0.83429078602198914,4.4048867816774235,-5.0519892828475159,0.0038994773291983953,3.2281773098576525,-322.53538370116922,41.298712464232338,0.0039710804127982002,109238.13414927477,355.39269480265324,0.99610052267080162,-264.00343223190833,0.16570921397801094,0.83429078602198914,109238.13414927477,0.0067193813709068859,5.2722030034027725,379.32283933270929,58.70128753576757
898,OK,,332.8485694485772,131925.94217571823,0.44232242382577064,22,12,2.7694841023888253,40.0764454998512,106741.25863422258,0.0,0.7377984311793423,0.9994825418916734,7.1596365187220306,-7.7536821753402396,0.26220156882065776,4.9011255847458672,-308.41949533181895,59.923554500148732,0.0060778468391244475,106741.25863422258,360.49154036152163,0.7377984311793423,-249.43196027990547,0.00051745810832663861,0.9994825418916734,106741.25863422258,0.0047478275289197592,3.6922898865731044,385.65168444499886,40.076445499851182
899,OK,,327.16303824957566,142403.0973458313,0.43226363598758144,19,7,1.5712177200750896,50.13627898367555,119972.82537204961,0.0,0.86408890887414369,0.99721408696075498,3.957195199154524,-4.7230546698716998,0.13591109112585639,3.9900056573650424,-308.94581211035222,49.863721016324675,0.0049521760644147582,119972.82537204961,361.4905338669513,0.86408890887414369,-241.34962585154287,0.0027859130392450015,0.99721408696075498,119972.82537204961,0.0059716188379671693,4.6175188632442232,389.78146122408771,50.136278983675368
900,OK,,347.5575245068556,139586.99591146637,0.3900744299611381,24,9,1.2079049480592732,49.807410568802766,116511.99719147917,0.0,0.77609331717506336,0.99892968202434995,3.4765123647974088,-3.9393719073902447,0.22390668282493653,4.0782727322128549,-305.33574026510439,50.192589431197348,0.0050709559273632862,116511.99719147917,362.56496513877175,0.77609331717506336,-243.27943014748757,0.0010703179756500565,0.99892968202434995,116511.99719147917,0.0059258184669142653,4.5884288579322519,388.79091068946286,49.80741056880268
901,OK,,343.9093355161108,121057.97436888203,0.3242576044002061,19,10,2.698643985806642,44.15989081247114,102487.62846678909,0.0,0.58006180713687416,0.99920638857257815,6.697120644397172,-7.1629492989145751,0.41993819286312573,4.6906887174205041,-300.65341818035949,55.840109187528803,0.0058422183562824295,102487.62846678909,363.24362083006196,0.58006180713687416,-252.29064276472042,0.00079361142742178422,0.99920638857257815,102487.62846678909,0.0052208804178445097,4.0683314354490987,384.18888898698077,44.159890812471147
902,OK,,351.8597581015255,119418.69719381067,0.39330995113588113,15,7,2.738248822617061,54.11393537398524,116705.11053653306,0.0,0.84923572544707204,0.99329359931973116,5.3159210078093544,-5.7185640897594787,0.15076427455292793,3.6812805968010918,-309.77226598603596,45.886064626014914,0.0045654525544931634,116705.11053653306,360.87996888234471,0.84923572544707204,-243.75601617490497,0.0067064006802688677,0.99329359931973116,116705.11053653306,0.0064308334990146954,4.9808826604485965,388.58779733357852,54.11393537398515
903,OK,,351.4222262668205,124403.35383156761,0.6179247964096678,23,13,1.4140183923162204,53.145697904560976,107066.97996112815,0.0,0.99720399911470214,0.7164552765356933,3.4209490587069502,-3.6369503276529969,0.0027960008852978865,3.6617132973867594,-323.79769247318848,46.854302095439508,0.0045001091600328468,107066.97996112815,354.69726013875743,0.99720399911470214,-275.6195461743954,0.28354472346430665,0.7164552765356933,107066.97996112815,0.0059279534749854517,4.6853919256060585,374.14228741128233,53.145697904560564
904,OK,,326.8260798082703,127570.8203145009,0.3627626336782195,17,8,2.297015909363617,53.7961354815144,119331.38155513373,0.0,0.7805700756895142,0.99607947036357791,4.7694965938952549,-5.5753962199548219,0.21942992431048583,3.7512776025616805,-304.09716649197833,46.203864518485737,0.0046689088920471109,119331.38155513373,363.28729159340691,0.7805700756895142,-241.85787281410364,0.003920529636422085,0.99607947036357791,119331.38155513373,0.0064041965704985182,4.9537331244458596,389.53174784537708,53.796135481514348
905,OK,,359.4568058138399,130963.10573976018,0.6066006710784355,20,13,2.679332434772477,46.098774592607775,114028.7925598018,0.0,0.99986379019122495,0.85322422047318758,5.9755665908121234,-6.1266268229385297,0.00013620980877506952,4.2104268763047363,-320.1658452837458,53.9012254073875,0.0051889565021829911,114028.7925598018,356.7607876155484,0.99986379019122495,-259.27697839300305,0.14677577952681245,0.85322422047318758,114028.7925598018,0.0053093916643371384,4.1525622330010528,381.6336916117038,46.098774592612465
906,OK,,341.1782836765203,110813.70811056021,0.6643679185526004,24,13,2.727806504073645,51.17202512656024,106387.55337024249,0.0,0.99993278222418147,0.65582563820505069,5.5037731618312886,-5.8388060864028253,6.7217775818525786e-05,3.814088997619558,-324.33268865041572,48.827974873439778,0.0046855990941540816,106387.55337024249,354.42785841133912,0.99993278222418147,-280.96189266053187,0.3441743617949492,0.65582563820505069,106387.55337024249,0.0056338894892159564,4.4678723621113692,371.80018104032945,51.172025126560222
907,OK,,323.16370095680503,122160.78550283451,0.4747908460780798,16,9,2.2157046510301512,47.96730031028565,119431.25873719575,0.0,0.89991560763857814,0.98636475171142324,5.1318876364666854,-5.9263329517602434,0.10008439236142193,4.1374156404796789,-311.40592909141776,52.032699689714427,0.0051275206404288445,119431.25873719575,360.51700471941155,0.89991560763857814,-242.82134886954481,0.013635248288576752,0.98636475171142324,119431.25873719575,0.0056984885850796963,4.410457706151278,389.11032068326631,47.96730031028553
908,OK,,347.463075469837,107975.0542488987,0.3285993140139151,21,13,2.4919236376090517,54.29237020803204,105523.74341729168,0.0,0.71373968757681883,0.9956424449164949,5.0797032953420889,-5.5182830430595127,0.28626031242318112,3.7538349014860626,-307.60732865400166,45.707629791967982,0.0046568864896487988,105523.74341729168,360.70169614227677,0.71373968757681883,-250.63672278198715,0.0043575550835052044,0.9956424449164949,105523.74341729168,0.0064229866552812289,4.9990953133184881,385.06161971884666,54.292370208031997
909,OK,,342.8208943777725,117263.79240883907,0.4202773898691211,15,9,2.473860260286478,50.170439973137704,113036.83856193826,0.0,0.8274006747173579,0.98407972104200492,5.3935536109193647,-5.8952240233585913,0.17259932528264213,4.0129149868284326,-310.42888289106259,49.829560026862453,0.0049731828358271371,113036.83856193826,360.29118339216694,0.8274006747173579,-247.0034777512972,0.015920278957995162,0.98407972104200492,113036.83856193826,0.0059406884654023984,4.6114221497751311,386.99880869210898,50.170439973137597
910,OK,,358.50636985394806,146684.68528362413,0.3667488348223949,21,12,2.930015095131596,41.65208436960819,116994.16910133333,0.0,0.62794633856669546,0.99914713754006768,7.3431429934519903,-7.635502214515288,0.37205366143330459,4.8621600596113632,-295.4100495159995,58.347915630391739,0.0060818396107751088,116994.16910133333,366.52875076451795,0.62794633856669546,-242.95954249893583,0.00085286245993225138,0.99914713754006768,116994.16910133333,0.0049568148922769506,3.8372593864854818,388.95180065337445,41.65208436960819
911,OK,,321.1695393968704,142124.703516306,0.5192342260181237,21,12,1.9379604887208104,49.88202955417416,102158.78975039473,0.0,0.99837913817469859,0.9621770309282518,4.4627333594177543,-5.176452229788528,0.0016208618253014157,3.9159463288784391,-326.63854556661778,50.117970445805234,0.0048022134761428704,102158.78975039473,353.11236061415701,0.99837913817469859,-256.32946276398479,0.037822969071748112,0.9621770309282518,102158.78975039473,0.0058493335812509969,4.5695881108892022,382.3698971100049,49.882029554194737
912,OK,,332.02549146620873,125084.78672519987,0.49287938617057836,19,7,3.1450774406630275,58.45960814421544,117302.65892410517,0.0,0.99526566351990453,0.86410765986928306,5.1857119160139185,-5.8206255545311194,0.0047343364800954205,3.2475549982254726,-318.17358181607347,41.540391855774601,0.0040081953708193925,117302.65892410517,357.8192375217422,0.99526566351990453,-256.26589624266478,0.13589234013071697,0.86410765986928306,117302.65892410517,0.0067582873700442322,5.2749462948478918,383.1079553945998,58.459608144225413
913,OK,,344.5244044504515,119288.25513097909,0.40278191328147017,20,7,3.4328802970943757,47.140202092546765,119288.25513097909,0.0,0.76188910002188415,0.99989632048904054,7.3579425547339739,-7.8713869257232441,0.23811089997811577,4.3055216681898427,-302.93592350910529,52.859797907453206,0.0053623962164056072,119288.25513097909,363.7339310148642,0.76188910002188415,-241.47927954008907,0.00010367951095945419,0.99989632048904054,119288.25513097909,0.0056163990680171104,4.3433556561086712,389.69728686637609,47.140202092546765
914,OK,,352.8661921370407,130866.93285073552,0.3366200526930323,24,7,3.0661933347167984,45.989815309481195,104807.19396353846,0.0,0.62324829175146323,0.99999456567160649,7.0768445481872169,-7.4129945783654136,0.37675170824853677,4.5042539804821518,-302.14419021982093,54.010184690518898,0.0056059513122485973,104807.19396353846,362.82928115829969,0.62324829175146323,-250.65469264284934,5.4343283934968024e-06,0.99999456567160649,104807.19396353846,0.0054440973018917618,4.2374258730274601,385.02226256478156,45.989815309481187
915,OK,,358.0946962506166,143491.08359799694,0.5291184165700795,22,8,2.335082321889501,57.11081644165685,109121.16922023904,0.0,0.99497221285925241,0.82072930449729331,4.3241767428228233,-4.5039118872628894,0.0050277871407476095,3.3531777052452689,-322.5345447381726,42.889183558359441,0.0041247999664726738,109121.16922023904,355.38035095110882,0.99497221285925241,-265.30775345826351,0.17927069550270672,0.82072930449729331,109121.16922023904,0.0065181681311609323,5.1184925856869521,378.74535076918187,57.110816441640459
916,OK,,340.71592110388116,116969.09474663092,0.6305313383682456,25,11,2.034357038196278,56.6184428793302,103950.56688799725,0.0,0.99920003393952228,0.6519459121915181,3.9854925050949017,-4.3302019673117007,0.00079996606047773745,3.3891000243608209,-325.66234539539903,43.381557120669875,0.004159254928946695,103950.56688799725,353.67170246584698,0.99920003393952228,-282.80264464224746,0.3480540878084819,0.6519459121915181,103950.56688799725,0.0062215718789494076,4.9403225190949174,370.85322095814718,56.618442879330154
917,OK,,333.1709261828903,118812.17955449501,0.5640149700120932,15,9,2.9185549100239836,41.11328663460129,113689.21367627087,0.0,0.94812003591390193,0.98614014453719501,7.0294039591100033,-7.6022654738543283,0.051879964086098081,4.6426013340963994,-317.32489378309162,58.886713365398755,0.005730755963850408,113689.21367627087,357.76389542167084,0.94812003591390193,-246.37906534321206,0.013859855462805023,0.98614014453719501,113689.21367627087,0.0048718160777139249,3.7801209920813954,387.30279167924971,41.113286634601209
918,OK,,353.01945439772743,139037.76571723484,0.4609756273045529,21,9,2.0368820699916697,51.91583415808451,106366.84918489652,0.0,0.95566368766844334,0.9972017885127622,4.4567001106476525,-4.7613686898741854,0.044336312331556771,3.7858455996522533,-321.79176201970961,48.08416584191589,0.0046577349297460867,106366.84918489652,355.35485559500381,0.95566368766844334,-249.91752729897982,0.0027982114872377654,0.9972017885127622,106366.84918489652,0.0061463181937777946,4.7814057879283416,385.41904098853473,51.915834158084067
919,OK,,336.2729275638828,137168.33204181644,0.3919849391330322,16,10,1.8489428319972085,41.97478996862472,118891.66109371792,0.0,0.66712335243705445,0.9883615553127657,5.2626969512564656,-5.8925903271142728,0.33287664756294549,4.8033828375506875,-296.9893346484007,58.025210031375323,0.0060035104256428006,118891.66109371792,366.04301447436768,0.66712335243705445,-242.93865615655409,0.011638444687234243,0.9883615553127657,118891.66109371792,0.004987593142796432,3.86063895970991,389.0369546184981,41.974789968624677
920,OK,,349.99019992884257,119912.23599165148,0.46132844941160417,19,10,3.1399176077671345,40.2502297864803,119912.23599165148,0.0,0.77138574319569497,0.99893853924663689,7.7538126134556036,-8.1504371873604384,0.22861425680430503,4.8587627913927056,-303.20544858967747,59.749770213519803,0.0060507930422410783,119912.23599165148,363.68185584281287,0.77138574319569497,-241.20327008960584,0.0010614607533632253,0.99893853924663689,119912.23599165148,0.0047957905554208554,3.7079937070840754,389.84370681764284,40.25022978648029
921,OK,,323.52315552887853,119284.7701135046,0.5740047872159875,19,12,2.5788858303970503,47.95598447796231,102290.22788870796,0.0,0.99972968979594989,0.88801124017188149,5.6431980641990265,-6.2805746064956063,0.00027031020404996226,4.0654511398815547,-326.63993626133049,52.044015522029746,0.0049856194480729227,102290.22788870796,353.12696845017064,0.99972968979594989,-263.51015826521757,0.1119887598281184,0.88801124017188149,102290.22788870796,0.0055349017169293527,4.3432588792868616,379.18326300148891,47.95598447797034
922,OK,,328.59315183118895,128891.69921128475,0.6925009530177961,15,13,2.6968920645411307,51.003544354696096,113950.8752813298,0.0,0.99970036981222532,0.60260956899919949,5.4581266781842137,-5.9881012500828525,0.00029963018777467201,3.8274092257368593,-320.19782233807609,48.996455645303655,0.004716799563022271,113950.87528132981,356.74107581094654,0.99970036981222532,-280.53443419233218,0.39739043100080057,0.60260956899919949,113950.87528132981,0.0055715825192397591,4.4150910800041512,372.46410832702531,51.003544354696338
923,OK,,321.9131451359996,119309.82206182554,0.43291863805331005,19,11,1.321049497630471,41.851974054343,119309.82206182554,0.0,0.73899101466799322,0.99233022771176838,4.2526706692515512,-5.0743183186082481,0.26100898533200667,4.7549330611102087,-301.45949476341264,58.148025945657011,0.0059273257282997129,119309.82206182554,364.31148053040926,0.73899101466799322,-242.26715862692541,0.0076697722882315992,0.99233022771176838,119309.82206182554,0.0049781864231706868,3.8516727149565586,389.35014215642525,41.851974054342932
924,OK,,345.5629495029339,148022.0796828504,0.35248558505066285,17,13,1.9664580556178013,49.92500327406013,108270.09152037816,0.0,0.66622093274566074,0.96219234140630272,4.7525594180172197,-5.2101567890150458,0.3337790672543392,4.1458903569361825,-302.9281973030096,50.074996725939947,0.0051589192247115572,108270.09152037816,362.80605916874089,0.66622093274566074,-252.29695581741035,0.037807658593697287,0.96219234140630272,108270.09152037816,0.0058710522352631899,4.5735355648222322,384.44407813075168,49.92500327406001
925,OK,,345.6296666027791,142872.86996752964,0.3163225575069682,22,8,3.1368055012847176,56.67029932161262,113507.39524335269,0.0,0.72985337923870519,0.99986011562900423,5.6703450364185271,-6.1903158538046972,0.27014662076129475,3.548749103521438,-304.05596409418888,43.329700678387368,0.0044147816788300308,113507.39524335269,362.80526605366055,0.72985337923870519,-245.05050854316556,0.00013988437099575295,0.99986011562900423,113507.39524335269,0.0067348043046676137,5.2214012142883846,387.88428465701423,56.670299321612603
926,OK,,344.92881122509783,126301.62664566656,0.5830745403862565,21,9,2.104754228193084,40.51548894982836,103268.93154762313,0.0,0.97960315521546282,0.99910554387053263,5.616983314862444,-5.9621321764686925,0.020396844784537134,4.6634630199245546,-324.92975415889043,59.484511050171896,0.0057252309714332155,103268.93154762313,353.86187129103115,0.97960315521546282,-251.77534214098063,0.0008944561294674234,0.99910554387053263,103268.93154762313,0.0047916796077032203,3.7325252283317787,384.45398544530565,40.515488949828089
927,OK,,334.5563113131177,137107.68533949344,0.5244090578845501,18,10,1.9085013532724602,42.09825312963128,114805.25787163012,0.0,0.89999679614485251,0.99217261787753963,5.1757659609427602,-5.7530981690382657,0.10000320385514745,4.6040309956782162,-313.86698950317498,57.901746870368882,0.0056951803914918825,114805.25787163012,359.15798154179657,0.89999679614485251,-245.04987763012431,0.0078273821224603881,0.99217261787753963,114805.25787163012,0.0049975341560743814,3.8742449195984947,387.93775555276875,42.098253129631203
928,OK,,326.1232161703853,149276.91855411092,0.5004387553604411,16,13,2.2429262182339036,42.7968846207586,119833.48397608804,0.0,0.81553984342854224,0.92073124466676537,5.7739647216357852,-6.4918200640756751,0.18446015657145781,4.616244904260637,-306.02304190191228,57.203115379242107,0.0057391880854276477,119833.48397608804,362.58946048065434,0.81553984342854224,-249.27255377495911,0.079268755333234631,0.92073124466676537,119833.48397608804,0.0050134441401796619,3.8956531715843123,386.28686665950266,42.796884620757943
929,OK,,333.08681308985354,134162.88573615663,0.41585375486821097,16,7,2.4324877401837575,44.21895103175562,102189.70112298692,0.0,0.74429834338191148,0.99847049407383082,6.0761714263639259,-6.6605802568362416,0.25570165661808869,4.5572259261699939,-311.51725420025213,55.781048968244484,0.0056386938911006865,102189.70112298692,358.84877529839605,0.74429834338191148,-252.56906077023473,0.0015295059261692125,0.99847049407383082,102189.70112298692,0.0052262876087095728,4.073316061880317,384.05106687976826,44.218951031755601
930,OK,,351.9816996348264,135318.22034319543,0.3294318980636512,20,7,2.218511281991897,44.3380588471954,105028.00673704788,0.0,0.59175526416048752,0.99988851303078019,5.7941508010701872,-6.1465716830225929,0.40824473583951254,4.6665925869244171,-299.89692981505823,55.661941152804609,0.0058160227705637123,105028.00673704788,363.76215627463534,0.59175526416048752,-250.51925895702243,0.00011148696921982569,0.99988851303078019,105028.00673704788,0.0052489885569712699,4.0851697963695175,385.09236634745656,44.338058847195398
931,OK,,353.2672134907049,148716.70990406486,0.5429515081014974,16,10,1.358226961226192,55.73965847483652,106669.29098526303,0.0,0.97331054920544324,0.79877714002615097,3.173535849962728,-3.4029990224658695,0.026689450794556823,3.4738261048080292,-322.64386310459986,44.260341525163803,0.0042718757772026951,106669.29098526303,355.07457854431749,0.97331054920544324,-268.82291650657868,0.20122285997384912,0.79877714002615097,106669.29098526303,0.0063251076202585233,4.9784410757898332,377.07589150217552,55.739658474836212
932,OK,,332.2108086521635,112199.19843377282,0.4955905288341329,20,9,1.3996698295861378,44.09949061566531,103810.54125002715,0.0,0.88410359769009139,0.99688859390208751,4.1560076034945181,-4.7282322571337057,0.11589640230990872,4.4573652636768832,-319.0566822711524,55.900509384334811,0.0054913037404119378,103810.54125002715,356.10352554058721,0.88410359769009139,-251.64494278394096,0.0031114060979124591,0.99688859390208751,103810.54125002715,0.0052143680221608058,4.0613332207391242,384.53623220457433,44.099490615665125
933,OK,,333.7749613501874,140976.49369614018,0.688594343778675,23,10,1.949791561947423,54.16860302667584,115185.55434762283,0.0,0.99877310117179396,0.57384413475797258,4.0723192855759116,-4.5355932301951585,0.0012268988282060846,3.5807634693468176,-319.48939508793421,45.831396973324139,0.00441518158664951,115185.55434762283,357.12586627551997,0.99877310117179396,-282.01185186533394,0.42615586524202731,0.57384413475797258,115185.55434762283,0.0058849133158497364,4.667216477002925,371.92041773691193,54.168603026675818
934,OK,,324.97077381777575,139807.33250964092,0.4063585389469418,16,9,2.507840787945403,40.132987585680574,103719.21939383048,0.0,0.67642657355792735,0.99650622028008395,6.7242138924546975,-7.4329817068945321,0.32357342644207265,4.9480368205575056,-306.28638586737202,59.867012414319575,0.0061423338041104013,103719.21939383048,361.06606553093121,0.67642657355792735,-251.7460704326997,0.0034937797199160853,0.99650622028008395,103719.21939383048,0.0047447666196399549,3.6958237175617228,384.48701780443338,40.13298758568056
935,OK,,335.19975347178655,118631.92503292105,0.3617240593774267,19,12,1.7715056630003911,44.04337444888159,103800.40410560925,0.0,0.64159818531107748,0.99385295674090446,4.988291356314142,-5.5740499146489526,0.3584018146889224,4.6521776292521269,-303.96549597638324,55.956625551118449,0.0057832079200841836,103800.40410560925,362.00645056038235,0.64159818531107748,-251.96929339965359,0.0061470432590955901,0.99385295674090446,103800.40410560925,0.0052042735490926417,4.0542898633455904,384.39092306660814,44.043374448881572
936,OK,,324.9510917102185,144102.17629369342,0.43405450345627006,18,13,2.7807872081636757,46.5348653896682,107232.9177003335,0.0,0.79636972847642928,0.98221901780249832,6.3477731914050484,-7.06928298218088,0.20363027152357074,4.3289692070666757,-311.78641414484252,53.465134610331567,0.005357785368862401,107232.91770033351,359.22364394463983,0.79636972847642928,-250.91322762692383,0.017780982197501731,0.98221901780249832,107232.91770033351,0.0054935596867782995,4.2760433371696456,385.01331130203039,46.534865389668482
937,OK,,333.34744855021944,145757.27764001064,0.4799492854825524,20,13,1.85435131479105,50.69046927308083,101699.44680149843,0.0,0.94733266948042683,0.97470137498650111,4.3124197906024184,-4.8701127915641811,0.052667330519573063,3.8880852478180041,-323.97795067853775,49.309530726919299,0.0047751926398742371,101699.44680149843,354.03638353277313,0.94733266948042683,-255.36349528498394,0.025298625013498957,0.97470137498650111,101699.44680149843,0.0059589584710069152,4.65255256735629,382.77970352777942,50.69046927308068
938,OK,,322.11481530143664,111231.7097103144,0.6144718188740542,20,13,2.088198463717428,55.580269749770764,111231.7097103144,0.0,0.99969744621988643,0.69340035463672445,4.1386855293513021,-4.7937260069952439,0.00030255378011354457,3.4698953705037754,-321.656822602435,44.419730250229435,0.0042714511239512433,111231.7097103144,355.92553513646936,0.99969744621988643,-274.94478710139686,0.30659964536327555,0.69340035463672445,111231.7097103144,0.0061809702740176298,4.8820532025061665,374.68070115598607,55.580269749770615
939,OK,,324.1712426948279,143228.774162275,0.33359260950130976,16,10,2.992880567885386,56.15670784219114,117644.33089215672,0.0,0.74663257504750979,0.98888056562110194,5.5138846272046891,-6.3658146209030608,0.25336742495249015,3.5804940646060386,-302.85040028845208,43.843292157808897,0.0044590094798352287,117644.33089215672,363.62896225337414,0.74663257504750979,-243.64417013599277,0.011119434378898056,0.98888056562110194,117644.33089215672,0.0066699072762603801,5.1654322593434543,388.67516095370036,56.156707842191061
940,OK,,336.8028022871762,131771.12962165137,0.5620513122837238,20,7,2.8741140169149824,52.26930436192417,103476.84479865093,0.0,0.99649411379919028,0.83466828030329709,5.6031651136348026,-6.0569443781929824,0.0035058862008096755,3.7306796477167841,-325.77722054417535,47.730695638054023,0.0045779265489973688,103476.84479865093,353.5762161983123,0.99649411379919028,-267.6733177885244,0.16533171969670293,0.83466828030329709,103476.84479865093,0.005967853675858675,4.6947970206466438,377.4067849443569,52.26930436194602
941,OK,,334.9435629751228,142535.261636638,0.3224894442758995,22,13,2.062420683250458,50.66867143865821,114629.18611030899,0.0,0.6511345424077718,0.99748143429045655,4.8287896049406998,-5.5052522393683718,0.3488654575922282,4.0947584085488113,-298.28912115037713,49.331328561341806,0.0051121295961157852,114629.18611030899,365.18740836632145,0.6511345424077718,-244.60000602254945,0.0025185657095433988,0.99748143429045655,114629.18611030899,0.0060214234552106692,4.6667418700325953,388.12987163918808,50.668671438658201
942,OK,,346.261165582769,129734.88147208607,0.4975842030658916,20,13,1.3887271076858605,51.0853524142618,106996.74658681771,0.0,0.94431195719316618,0.93016131746422914,3.5731713872253774,-3.9502731262097761,0.05568804280683378,3.8590210098370732,-320.77740918121384,48.914647585737136,0.0047508606599064654,106996.74658681771,355.79661852399801,0.94431195719316618,-256.33518262321314,0.069838682535770885,0.93016131746422914,106996.74658681771,0.0059626656644861586,4.6568810294747243,382.59407423128096,51.085352414262843
943,OK,,346.1580501270646,137600.4588959148,0.49830434499264936,25,10,2.7999407308938,50.60120184607307,108201.62152826221,0.0,0.9990797406081654,0.99057144818939524,5.672080279671448,-6.0732610755926837,0.00092025939183462485,3.8592686622767167,-323.27695932009073,49.398798153926869,0.0047448745329368583,108201.62152826221,355.01081959049486,0.9990797406081654,-249.4138606749305,0.0094285518106047902,0.99057144818939524,108201.62152826221,0.0059870994229401075,4.6556232634802335,385.72271276163605,50.601201846073067
944,OK,,353.55762352062845,120794.10030566051,0.6758282658596014,20,7,2.880306554494675,41.274842533038644,110608.99108751786,0.0,0.99792919013465586,0.78245155636299413,6.8795912620406048,-7.0613427755056213,0.0020708098653440961,4.5888358585036988,-321.89246457714398,58.725157466961633,0.0056477468884143338,110608.99108751786,355.77354273967597,0.99792919013465586,-267.78141930278326,0.21754844363700582,0.78245155636299413,110608.99108751786,0.0046758140707596025,3.6770505419339421,377.74466829612027,41.274842533038409
945,OK,,359.90408699188407,148563.46797703084,0.40661175958526175,17,11,2.536130170362206,48.67640640133608,118844.0932517161,0.0,0.77950652689226363,0.98656228318483263,5.6844043729956546,-5.9550065703329391,0.22049347310773632,4.1677124812708168,-304.29101088081768,51.323593598664011,0.0051864019944707481,118844.0932517161,363.17066344066643,0.77950652689226363,-243.15647469454655,0.013437716815167368,0.98656228318483263,118844.0932517161,0.0057815230889499119,4.4757928746410824,388.93886778308803,48.676406401335953
946,OK,,342.861871527805,123694.37107467206,0.46612567358188983,19,11,2.4944667774110427,57.16983440230842,103227.04375835565,0.0,0.99867248195168579,0.93284466155117196,4.5335782966547002,-4.9647014740005178,0.0013275180483141907,3.3463405636387442,-326.04382906345688,42.830165597681003,0.0041055634444370744,103227.04375835565,353.4508626936626,0.99867248195168579,-258.54800018732686,0.067155338448828053,0.93284466155117196,103227.04375835565,0.0066650202053444782,5.213687065180558,381.4325334455005,57.169834402319026
947,OK,,357.0510122295519,119103.17239390053,0.6310013009691771,18,8,1.7738265754800184,44.909253893392446,102876.20740535425,0.0,0.99448408108106456,0.81488759312831383,4.6337746710670205,-4.7493813398528655,0.0055159189189354588,4.3075018906670923,-326.00536116533277,55.09074610660798,0.0052847181834283314,102876.20740535425,353.42487250127749,0.99448408108106456,-269.84653931416665,0.1851124068716862,0.81488759312831383,102876.20740535425,0.0051046067295763093,4.0212614555167816,376.41813998320794,44.909253893392012
948,OK,,358.66962624290795,116682.4815811201,0.5305113705040028,18,7,2.165030760050799,55.85623643438101,116680.24418632378,0.0,0.98894214997293095,0.831791234037908,4.2146629605484938,-4.4236039370606264,0.011057850027069136,3.4549974677887674,-318.13006077891799,44.143763565626614,0.0042640681190800871,116680.24418632378,357.77191521657352,0.98894214997293095,-259.64643540344383,0.16820876596209203,0.831791234037908,116680.24418632378,0.0064112573296438808,5.0147189837714574,381.60155740457105,55.856236434373379
949,OK,,347.81382644763505,111421.03958744628,0.46660240134230246,17,8,3.160422240492869,53.877273446234014,111042.43469386121,0.0,0.99380786623134432,0.98472246978344735,5.7972855636306084,-6.2043815813657766,0.0061921337686556624,3.6067370042811508,-321.41909213143907,46.122726553766036,0.0044404253120089218,111042.43469386121,355.99163733322598,0.99380786623134432,-248.19825335625615,0.01527753021655266,0.98472246978344735,111042.43469386121,0.00637482774871472,4.9526219380544614,386.3846230966933,53.877273446234028
950,OK,,340.3409423314172,131177.076705095,0.5594566684675162,22,12,2.332462606374622,45.46911645649257,113489.441291798,0.0,0.99947400904959416,0.96825392338760541,5.4772461942225954,-5.9521461526251365,0.00052599095040593835,4.259909971599491,-320.43060101516244,54.530883543486787,0.0052488566540172922,113489.44129179799,356.60851049668219,0.99947400904959416,-248.35803146517361,0.031746076612394578,0.96825392338760541,113489.44129179799,0.0053666338946444687,4.1692060972645342,386.41797424526686,45.469116456513241
951,OK,,351.2334066351621,115474.86145572834,0.3982004801661278,17,13,2.030048437125666,53.1098221693241,112387.5421024582,0.0,0.78549457125210309,0.94373794218239804,4.4588265211881977,-4.8314531423289866,0.21450542874789694,3.8037602835530189,-308.19602094742618,46.890177830675931,0.0047199365222124244,112387.5421024582,361.09121778552088,0.78549457125210309,-251.54078788541119,0.05626205781760197,0.94373794218239804,112387.5421024582,0.0062322736280122516,4.8515432291376133,384.9621762367438,53.109822169324069
952,OK,,340.5981038379096,117860.39648617787,0.4148086042306823,19,10,3.016672721350117,42.98080948459251,114777.43225287132,0.0,0.72669337612829843,0.99894389231220448,7.2442985635209274,-7.7820677116921848,0.27330662387170157,4.6724603720284241,-303.14643496155253,57.019190515407658,0.0058164904770192033,114777.43225287132,363.27099439391793,0.72669337612829843,-244.35298382802009,0.0010561076877955186,0.99894389231220448,114777.43225287132,0.0051097635839130635,3.9595476059699806,388.24537453460516,42.980809484592505
953,OK,,322.3078124059189,111397.55289472568,0.4084608033746594,19,8,1.3476471273350326,49.8773432388397,111397.55289472568,0.0,0.81092217369117936,0.99598000710321632,3.6792833850505375,-4.4819347212267049,0.18907782630882058,4.0481041027885007,-310.32447657851935,50.122656761160549,0.0050163692265414294,111397.55289472568,360.17897156510475,0.81092217369117936,-246.79348183195856,0.004019992896783669,0.99598000710321632,111397.55289472568,0.0059169486346178184,4.5928076752107838,387.02333382950826,49.877343238839529
954,OK,,324.32451762869124,126189.83837336596,0.3923834516450221,20,8,1.3867226702839992,48.68571962410704,113097.60724593015,0.0,0.76316648394142406,0.99841829935670789,3.8557288365861675,-4.6441278223758022,0.23683351605857592,4.1787171853860547,-306.40054940351121,51.314280375892878,0.0051910537101350542,113097.60724593015,361.85209964882176,0.76316648394142406,-245.46059178996791,0.0015817006432921202,0.99841829935670789,113097.60724593015,0.0057830355002221586,4.4847456347129668,387.6855336199032,48.685719624107016
955,OK,,321.64511869447256,120560.64249569208,0.6153400212471822,17,13,2.4150604640129503,42.50648940734655,103457.73416247834,0.0,0.99877514791329047,0.90328741244476352,5.9466165219083056,-6.5939108895150422,0.0012248520867094458,4.4919116675982735,-325.91823184084342,57.493510592667462,0.0055115763054286414,103457.73416247834,353.52277525548186,0.99877514791329047,-261.27574461360723,0.096712587555236415,0.90328741244476352,103457.73416247834,0.0049247097967940389,3.8588191135391687,380.23262966152748,42.506489407332467
956,OK,,331.9477019065282,145256.26825569672,0.36906251867167955,16,13,2.1452152655796386,40.63029328471445,119637.86564816633,0.0,0.59042587808168667,0.95439755663687398,5.9995811987456671,-6.7012902861603525,0.40957412191831327,4.9785517390390162,-291.37834312947791,59.369706715285581,0.0062438263207454086,119637.86564816633,368.3554932109505,0.59042587808168667,-246.00456249181474,0.045602443363126056,0.95439755663687398,119637.86564816633,0.0047939401724707261,3.717622397583479,387.71544825714045,40.630293284714377
957,OK,,359.3785329686127,117408.80348054865,0.4544407251503205,25,10,2.302147009358012,44.16260390966208,117408.80348054865,0.0,0.8138007966171521,0.99991949986248874,5.7468598374780377,-5.9964233653401937,0.18619920338284796,4.5073945038228622,-307.20943933338538,55.837396090337805,0.0055987618323545653,117408.80348054865,361.92130532916406,0.8138007966171521,-242.62304801766862,8.0500137511281067e-05,0.99991949986248874,117408.80348054865,0.0052574088829738849,4.0690231230785052,389.1172290605528,44.162603909662074
958,OK,,351.67934835662567,113012.9568287843,0.5361405121908942,24,13,2.521402379150614,47.45044867689705,106020.7605102271,0.0,0.99978890599526482,0.97733229460977411,5.5964407101772142,-5.8803266364222901,0.00021109400473526307,4.1048977405138354,-324.52945771506114,52.549551323083016,0.0050420933679703349,106020.7605102271,354.31565066201506,0.99978890599526482,-252.211876924573,0.022667705390225907,0.97733229460977411,106020.7605102271,0.00559258690927689,4.3569229447970175,384.38156216490995,47.450448676917219
959,OK,,328.31957252495954,105714.5696097378,0.69925199559714,24,12,3.317875899908956,42.942979645379246,105714.5696097378,0.0,0.99995231029593035,0.70027929259226351,7.4516760412381249,-7.9509135757638303,4.7689704069698753e-05,4.4568670116229425,-324.71032768592892,57.057020354620619,0.005473676579656671,105714.56960973779,354.21584849149593,0.99995231029593035,-277.8043419783184,0.29972070740773638,0.70027929259226351,105714.56960973779,0.0047707441037398478,3.7761638834847635,373.11637458298981,42.94297964537931
960,OK,,331.5325078257718,135230.48414617387,0.6794077417966905,22,14,2.6183516141797796,48.65375932208485,111444.67438923162,0.0,0.99995709152338219,0.65888069242805969,5.6044596422728308,-6.0930783754830449,4.2908476617799823e-05,4.0107802396631378,-321.5566438724457,51.346240677915127,0.0049376731411474167,111444.67438923162,355.98454179026174,0.99995709152338219,-277.61052641632239,0.34111930757194026,0.65888069242805969,111444.67438923162,0.0053721092147278274,4.2500853766360516,373.55091386291065,48.653759322084795
961,OK,,324.8477102081478,124752.05401290666,0.6806774901370364,22,7,1.752927342614572,44.232029231492184,114147.17647314239,0.0,0.99367309111500546,0.7139489791723348,4.6317942340280727,-5.2291734705448825,0.0063269088849945195,4.3610879359566406,-319.74356295124983,55.76797076851021,0.0053759993427559792,114147.17647314239,356.92620536227776,0.99367309111500546,-271.48180555982759,0.2860510208276652,0.7139489791723348,114147.17647314239,0.0049465445725278131,3.8979966564052275,376.33874653426483,44.232029231489712
962,OK,,333.7202800125829,138557.1172157852,0.5608002462141666,25,9,1.7813725515875476,40.79062965363559,115521.32430247382,0.0,0.94706972599055761,0.99988667810591259,5.0136873863092557,-5.5913408258284845,0.052930274009442412,4.6689117499593458,-316.28338351928932,59.209370346364508,0.0057677315093388323,115521.32430247382,358.33112141529131,0.94706972599055761,-243.79069739520367,0.00011332189408741289,0.99988667810591259,115521.32430247382,0.0048519631012711286,3.7583197374861252,388.52463609488535,40.790629653635584
963,OK,,333.2246513802723,102836.6933039501,0.5141275390742485,21,10,2.1947229930928187,54.19632478712573,102393.12390301721,0.0,0.99809875810290538,0.89489762297954323,4.4347823384828082,-4.9700093060942416,0.0019012418970945708,3.5790308393295662,-326.48807316879504,45.8036752128817,0.004389536179708017,102393.12390301721,353.19399626798048,0.99809875810290538,-262.78661587396931,0.1051023770204567,0.89489762297954323,102393.12390301721,0.0062646631486515444,4.9136665408400884,379.50921587923489,54.196324787118321
964,OK,,350.7349839358574,135565.31563092876,0.4724220283347507,18,11,3.084350529658265,55.03529196007402,110239.71624132039,0.0,0.9989118851196217,0.95772855056043715,5.5443247812452761,-5.8948060936448075,0.0010881148803782285,3.5129623557730567,-322.15005210096393,44.964708039902234,0.0043228036560950802,110239.71624132039,355.64050002326849,0.9989118851196217,-251.4864561972843,0.042271449439562923,0.95772855056043715,110239.71624132039,0.0064715413780654608,5.038233634384949,384.89118703868758,55.035291960097737
965,OK,,321.98126363861036,136870.49707479688,0.3306783526287844,18,9,1.4740156879520012,42.69812309566207,111797.4622114874,0.0,0.57561355781305246,0.99803040455856151,4.5789452493828904,-5.4180636602847425,0.42438644218694749,4.8170556151661001,-294.7877794556203,57.301876904337981,0.0060253011546307781,111797.46221148739,366.38371623829357,0.57561355781305246,-246.32332599993961,0.0019695954414384632,0.99803040455856151,111797.46221148739,0.0050684454868374198,3.9329584174139605,387.24880281171716,42.698123095662062
966,OK,,328.91800125355525,112745.34913199944,0.67826536486326,23,11,2.2925949615646033,51.30369495781363,112745.34913199944,0.0,0.99959338294212885,0.62673191067091982,4.8341993425216172,-5.3631983790469926,0.00040661705787111753,3.8040357250243528,-320.83551620956376,48.696305042186431,0.004685708414881775,112745.34913199944,356.38364111048082,0.99959338294212885,-279.37384520540735,0.37326808932908023,0.62673191067091982,112745.34913199944,0.0056298335178907059,4.4584322565619123,372.87998628341239,51.303694957813576
967,OK,,347.2422366646104,149250.31734342026,0.33303089657243434,24,12,1.2824112715619354,59.80476885456103,113082.97225050541,0.0,0.79753656454360033,0.97916682695480983,2.872634893355448,-3.3571643539396261,0.20246343545639975,3.2538727593462418,-308.55937138085625,40.195231145438491,0.004036978508618113,113082.97225050541,361.01372726738646,0.79753656454360033,-247.48554056692518,0.020833173045190247,0.97916682695480983,113082.97225050541,0.0070740883881029335,5.4928414562983692,386.78711628810584,59.80476885456158
968,OK,,334.3141054675284,107482.28696035456,0.3428604065336095,22,7,2.447971078922513,43.937877681499394,101351.86109644841,0.0,0.61155443291051104,0.99997721257457572,6.2482642180560628,-6.8440910963015567,0.38844556708948891,4.684573741784857,-303.47115576542183,56.062122318500528,0.0058240902318580402,101351.86109644841,361.99618564705372,0.61155443291051104,-252.97938442646011,2.2787425424301124e-05,0.99997721257457572,101351.86109644841,0.0051926959562328453,4.0483530232471052,383.82990044867535,43.937877681499394
969,OK,,322.07616330833883,110298.25518410261,0.5562896210970123,23,9,2.163290135541444,50.750433101377354,101633.50268913226,0.0,0.9976440653845754,0.87201244258265753,4.723702126289191,-5.3854821891620404,0.0023559346154245707,3.8486017774926311,-326.89904906046871,49.249566898636637,0.0047186558917351887,101633.50268913226,352.95708102480052,0.9976440653845754,-265.4541460227756,0.12798755741734255,0.87201244258265753,101633.50268913226,0.0058356362146446275,4.5849565788690549,378.28830308940752,50.750433101363363
970,OK,,339.3079398055687,117241.32036466865,0.34805524541563393,16,14,1.9789523304028442,44.394675971187,117241.32036466865,0.0,0.55952340601143058,0.91681335277704168,5.3464782387706107,-5.9345495925473477,0.44047659398856942,4.6869852507035388,-290.55941725887351,55.605324028813165,0.0058800243100683765,117241.32036466865,368.51542059358877,0.55952340601143058,-251.222691350167,0.083186647222958321,0.91681335277704168,117241.32036466865,0.0051904689494254889,4.0386549268170135,385.3169858122676,44.394675971186842
971,OK,,334.2212292195914,149599.64294269576,0.6379971057056102,23,11,2.096818086377831,44.87799158721697,119489.20067230074,0.0,0.99924791383858569,0.80571415187895967,5.1315743642716862,-5.6560675485892089,0.00075208616141440865,4.3062629949426272,-317.27273126073214,55.122008412786933,0.0053187684474109006,119489.20067230074,358.3655319678702,0.99924791383858569,-260.34369547430867,0.19428584812104033,0.80571415187895967,119489.20067230074,0.0051288140140410823,4.0126876227654362,381.43613004782117,44.877991587212925
972,OK,,344.34624461962767,142480.26476928013,0.35689170950977533,17,11,3.1268964026944364,42.58785570533522,115295.06128146073,0.0,0.61785871979014828,0.99491458367456997,7.6026256597417028,-8.1117537115335807,0.38214128020985161,4.7923053063297596,-295.67852593263763,57.412144294664664,0.005992708888444569,115295.06128146073,366.28994377521758,0.61785871979014828,-244.45666009873904,0.0050854163254300325,0.99491458367456997,115295.06128146073,0.0050597588890492137,3.9209403253009536,388.22050198872086,42.587855705335208
973,OK,,344.7108339790573,143833.76730352867,0.5678670549043601,16,9,3.4402145049455077,49.78620768656026,116431.94109980851,0.0,0.99910241387554066,0.86707193241342084,6.7118206322496068,-7.1164822352938026,0.00089758612445939464,3.92292390626878,-318.8526352252124,50.21379231343375,0.0048394448553805243,116431.94109980851,357.48458639438604,0.99910241387554066,-256.512480300677,0.13292806758657924,0.86707193241342084,116431.94109980851,0.005757076405576979,4.4943952583661311,382.95913329541423,49.786207686566314
974,OK,,357.5592736225028,114530.53647397453,0.5664185407597907,18,10,2.2025125371541523,50.34359828075567,103661.57307634073,0.0,0.99836147170560052,0.85962831388138328,4.8163199720988299,-4.9647002105359075,0.0016385282943995288,3.8798941573918313,-325.7786519701956,49.65640171924646,0.0047611159466244245,103661.57307634073,353.59666632498522,0.99836147170560052,-265.26352600769866,0.14037168611861678,0.85962831388138328,103661.57307634073,0.0057790926386245087,4.5394567786445803,378.47883480195242,50.343598280753532
975,OK,,344.85799119835616,111630.11077539035,0.6839462647920517,22,9,1.790975090227652,40.67036323866593,111630.11077539035,0.0,0.99753685397152836,0.77351745734415511,4.9972728339045078,-5.3060243694255647,0.0024631460284716983,4.6363969055854426,-321.31662891972883,59.329636761334946,0.0057087650322927598,111630.11077539035,356.09128102938172,0.99753685397152836,-267.93115928063128,0.22648254265584492,0.77351745734415511,111630.11077539035,0.0046007136103861325,3.6181027105876096,377.73479801884383,40.670363238665139
976,OK,,331.41188628262006,144774.54668030166,0.6208212712985788,16,8,2.9459494672732234,48.76156215322197,114183.13444712329,0.0,0.9984677072648247,0.7760079643299006,6.0934057669800294,-6.6386677569516905,0.0015322927351752082,4.0034299185841888,-320.00280929430437,51.23843784677792,0.0049343904766630687,114183.13444712329,356.83593144573933,0.9984677072648247,-266.15435632174729,0.22399203567009943,0.7760079643299006,114183.13444712329,0.0055250827965056416,4.3396125378374206,378.64307744208213,48.761562153222108
977,OK,,322.44315167143253,113611.25755165053,0.4033660817407769,21,13,2.0645320262712823,55.51664331796781,105221.22509328615,0.0,0.89182123796141444,0.98801429788510753,4.2146495961128885,-4.9933680630855912,0.10817876203858551,3.5421749573974313,-318.70097430620785,44.483356682032472,0.0043653271090428967,105221.22509328615,356.384570667925,0.89182123796141444,-251.63309509841625,0.011985702114892421,0.98801429788510753,105221.22509328615,0.0065560258547674374,5.1058829777541455,384.60395362555556,55.516643317967613
978,OK,,344.05988812653817,140869.21611965258,0.48057168375497006,17,13,1.9640536444564765,44.81638925214202,114669.33724740705,0.0,0.82528749218628195,0.94388604942128806,5.0945432019663377,-5.5423503048636684,0.17471250781371805,4.4457274729847702,-309.40388047402143,55.183610747857969,0.0055136964210699396,114669.33724740705,360.83381181399653,0.82528749218628195,-250.10299623462743,0.056113950578711935,0.94388604942128806,114669.33724740705,0.0052645333583548554,4.0940373296512034,385.69750198951169,44.816389252142052
979,OK,,324.1491585914097,132315.26423954422,0.4130136856392316,15,11,2.674538621641116,58.795505837503235,107127.63198686577,0.0,0.91749652691606187,0.94053306920836988,4.6542749357743549,-5.4057909444715699,0.082503473083938086,3.266242442626857,-319.13308304117572,41.204494162496992,0.0040249947259840156,107127.63198686577,356.4209968093495,0.91749652691606187,-255.22023120636985,0.059466930791630061,0.94053306920836988,107127.63198686577,0.006878350475374626,5.3682831940881242,383.09463180637107,58.795505837503029
980,OK,,335.6591126745071,142061.95041531444,0.63822979981036,17,8,2.48275825850392,51.24931591542776,106272.57003748491,0.0,0.99800389747882434,0.70400371226599434,5.1362700388935121,-5.5662374723833645,0.001996102521175725,3.809370581701562,-324.28639323284767,48.750684084572391,0.0046798717698281408,106272.57003748491,354.4319059326595,0.99800389747882434,-277.14693829878888,0.29599628773400566,0.70400371226599434,106272.57003748491,0.0056994350095104212,4.5092536455262371,373.43435858365348,51.249315915427594
981,OK,,344.6565603043122,119961.99752951205,0.4136281970698467,18,14,1.7920586399091527,58.02824036166528,117673.36152999387,0.0,0.85555306458354652,0.9060155522818516,3.6261296690990648,-4.1173785850234372,0.14444693541645354,3.3635302691228457,-309.6407136486867,41.971759638334305,0.0041720695114215289,117673.36152999387,361.01855472498886,0.85555306458354652,-252.02033680520285,0.093984447718148484,0.9060155522818516,117673.36152999387,0.0067699899756252435,5.2701334176033079,384.98568824160026,58.028240361665631
982,OK,,325.6220344016662,125908.15473254492,0.491996962113626,18,9,2.4419715794950347,58.39693601447578,111739.57059598733,0.0,0.99701685815236396,0.86778861026032417,4.3218043037574496,-5.0222409179600458,0.0029831418476360025,3.2514326873500017,-321.22747189158827,41.603063985513522,0.0040037173187018838,111739.57059598733,356.13523432296694,0.99701685815236396,-259.33045259427814,0.13221138973967581,0.86778861026032417,111739.57059598733,0.0067399602194559427,5.2723063457686692,381.49883425100165,58.39693601448657
983,OK,,348.83631179692975,125392.12546268322,0.6968072178433073,16,14,2.889015306972141,55.23448995318242,104610.09754566489,0.0,0.99992021148951693,0.5488546462182895,5.2685212097183278,-5.4613686736592006,7.9788510483072889e-05,3.4967664580959998,-325.3300731577126,44.765510046817475,0.0042925063630587764,104610.09754566489,353.86692278351421,0.99992021148951693,-290.23604373933392,0.4511453537817105,0.5488546462182895,104610.09754566489,0.0059419188077860377,4.7396936265311167,367.73867559435661,55.234489953182425
984,OK,,352.55998868558106,126245.63139930688,0.49384506197040545,16,7,2.7083880192955734,57.06305918444614,110169.52102682895,0.0,0.99272644386182884,0.88153685190512066,4.8135378584568,-5.1102024894408649,0.0072735561381711807,3.3582640147355862,-321.83137397031214,42.936940815549463,0.004133171236210053,110169.52102682895,355.74867539526116,0.99272644386182884,-259.01613499450053,0.11846314809487939,0.88153685190512066,110169.52102682895,0.0066007638640564184,5.1628827644860777,381.56079791178746,57.06305918445068
985,OK,,341.80740950086704,126986.96990782936,0.30496080071381004,25,12,2.775571627533637,42.60324962479197,117539.23563537508,0.0,0.53127825025615183,0.99994284563565161,7.0146396334541263,-7.6021592084605052,0.46872174974384823,4.8607246091139036,-288.39297150253094,57.396750375208121,0.0061061322001301236,117539.23563537508,369.42498403741689,0.53127825025615183,-242.54060937043153,5.7154364348394854e-05,0.99994284563565161,117539.23563537508,0.0050720851946068762,3.9253623791176699,389.15889139754216,42.603249624791964
986,OK,,320.287404423572,146268.52118656522,0.6088804621174625,23,10,3.0679732733558245,50.53302730695882,112226.94630844762,0.0,0.99961442996821148,0.77361050563119649,6.0685433694292445,-6.7654057162736931,0.00038557003178857618,3.8642237851842083,-321.11509884615896,49.466972693030115,0.0047588323343271469,112226.94630844762,356.22759656836888,0.99961442996821148,-267.55637018116909,0.22638949436880348,0.77361050563119649,112226.94630844762,0.0057180123047648338,4.4955675547025686,377.92986772109066,50.533027306969814
987,OK,,356.8982681033867,147244.72153351016,0.31864262397338217,23,12,1.4487782340937927,54.007050627468786,110603.3496236509,0.0,0.68822439178574513,0.99609693944500122,3.5887673182720596,-3.910361019178735,0.31177560821425487,3.7937279059808322,-303.01398595921728,45.992949372531292,0.0047213581504674286,110603.34962365089,362.96972887993252,0.68822439178574513,-247.28763732796384,0.003903060554998792,0.99609693944500122,110603.34962365089,0.0064047323271996231,4.9731681497192799,386.77049722756453,54.007050627468708
988,OK,,340.8341829884391,127425.4263258153,0.4141812180797074,23,11,3.4235387667208848,45.723083236405444,116832.38069947677,0.0,0.76295401005815988,0.99983967595635004,7.546283983667184,-8.0958108396818425,0.23704598994184006,4.4201377047203732,-304.33095322129475,54.276916763594528,0.0054994578978212359,116832.38069947677,362.98282915891849,0.76295401005815988,-242.98563901743358,0.00016032404364999163,0.99983967595635004,116832.38069947677,0.005441723264697774,4.2127502821091705,388.93377896548549,45.723083236405451
989,OK,,347.6424655315984,124500.54627459761,0.3105822385840001,18,12,1.8395089834844733,52.67241709552093,117916.7994915636,0.0,0.63831787667144613,0.98389704369778319,4.2961085307241298,-4.8003719879073738,0.36168212332855382,3.9369453083046158,-295.59814577358662,47.327582904479193,0.0049243272623335811,117916.79949156359,366.52393024183294,0.63831787667144613,-244.00012181183524,0.016102956302216802,0.98389704369778319,117916.79949156359,0.0062500308936596534,4.8412567195053873,388.52889457371663,52.672417095520835
990,OK,,350.424014720882,119496.80732648975,0.4521800659255234,21,7,3.1156648021234763,51.422011362640404,113398.44767609879,0.0,0.9306129511022545,0.99979189401879343,6.112532610632841,-6.4959624815818957,0.06938704889774551,3.8417952682525627,-316.44841104973119,48.577988637359603,0.0047445304986189546,113398.44767609879,358.05860422181547,0.9306129511022545,-245.12617106564812,0.00020810598120657849,0.99979189401879343,113398.44767609879,0.006110702252467559,4.7377932926563675,387.84625537215726,51.42201136264039
991,OK,,332.98274158764144,118966.2696220595,0.5392004380527372,18,8,2.377687498665952,53.360018972479324,118966.2696220595,0.0,0.99563145445053791,0.85974870692681615,4.7405426344740107,-5.3425355330370632,0.0043685455494620034,3.6459926376489351,-317.3309928670862,46.639981027518338,0.004502869839644142,118966.2696220595,358.29212213839082,0.99563145445053791,-255.6790092093886,0.14025129307318379,0.85974870692681615,118966.2696220595,0.0061673876378556718,4.8115360151124538,383.4422662620517,53.360018972481697
992,OK,,356.70371234629215,109470.26325195866,0.6568482797905701,16,14,2.996779870055304,40.52268551873315,109470.26325195866,0.0,0.99501288355036266,0.83949400914675099,7.1851606761247462,-7.3294525916392699,0.0049871164496373636,4.6500430436321301,-322.34548905145641,59.477314481268273,0.0057209223524514047,109470.26325195866,355.48673116054243,0.99501288355036266,-263.38115886692475,0.16050599085324904,0.83949400914675099,109470.26325195866,0.0046441463763686065,3.6424658050851111,379.6076290634665,40.52268551873177
993,OK,,359.84175795902297,145417.5661443683,0.6685428387199077,25,10,2.058927352495011,52.25789261495151,115681.63960477294,0.0,0.99875759213732163,0.63313691583779663,4.3980758051544599,-4.4994078820064578,0.0012424078626784968,3.7300558428884267,-319.22683214006599,47.742107385048442,0.0046001844911316798,115681.63960477294,357.27210414671583,0.99875759213732163,-277.13263153355217,0.36686308416220337,0.63313691583779663,115681.63960477294,0.0057494810186099823,4.5460495274955468,374.01300207844389,52.257892614951558
994,OK,,336.90767366738544,140701.4218294554,0.6456266103966527,25,13,2.5849063344568015,47.412566916499344,118870.47635600966,0.0,0.99989281611980041,0.74730614137822116,5.6679692905126213,-6.1411793101873631,0.00010718388019958594,4.1077802202559575,-317.62955439745855,52.58743308349883,0.0050722710259359857,118870.47635600966,358.17444931117291,0.99989281611980041,-265.85125396772105,0.25269385862177884,0.74730614137822116,118870.47635600966,0.0053504497903434081,4.2004688040316704,379.02204280784838,47.412566916501007
995,OK,,352.3298678220251,117426.7630771759,0.6196856712708843,15,7,1.7118020068716227,51.034088278117515,117426.7630771759,0.0,0.98819272459572582,0.73388748837214657,4.004905420647721,-4.2577855596704328,0.011807275404274188,3.8329269910605226,-317.69564529512206,48.965911721882669,0.0047320280942219281,117426.7630771759,358.00519468984521,0.98819272459572582,-267.8490826364752,0.26611251162785343,0.73388748837214657,117426.7630771759,0.0057393296316878076,4.5117083249603258,378.08412133397445,51.034088278117281
996,OK,,350.0550258284399,117689.81977119907,0.39756789949490956,17,8,2.2584711505253283,59.163288813329885,102139.21889931244,0.0,0.94992159457435421,0.98368724658088158,4.0740735738364195,-4.4334173022308647,0.050078405425645775,3.2185155511902899,-323.8722785567648,40.836711186672773,0.0039532732445407429,102139.21889931244,354.12442657002498,0.94992159457435421,-254.14160605266284,0.016312753419118486,0.98368724658088158,102139.21889931244,0.0069699998077210248,5.4376752564720503,383.34578666356117,59.163288813327135
997,OK,,329.35062719470653,147851.37670033707,0.6027840731792725,23,12,2.6466767365766213,47.33394635735358,108527.21672972731,0.0,0.99981997297793812,0.83897740259100517,5.801514880639747,-6.3659377853438217,0.00018002702206188363,4.1139753460533823,-323.1400539929071,52.666053642649572,0.0050585979736036462,108527.21672972731,355.09603401935516,0.99981997297793812,-264.02476720767629,0.16102259740899483,0.83897740259100517,108527.21672972731,0.0054218591201864383,4.2543671486450432,379.2768232338355,47.333946357350314
998,OK,,345.082876724686,142997.0259253808,0.6750436801263109,22,12,2.4131580098770207,47.00630461961728,105297.96651335081,0.0,0.99982363123727769,0.69110485960908852,5.4720898811045,-5.7436197914836935,0.00017636876272225297,4.139566153137654,-324.93689063817226,52.993695380382874,0.0050831011100223901,105297.96651335081,354.08699585790703,0.99982363123727769,-278.81576033479996,0.30889514039091154,0.69110485960908852,105297.96651335081,0.0052111194541237726,4.1274207535400613,372.6541797933487,47.006304619617211
999,OK,,336.380907895294,148968.89086677993,0.6618543047258112,24,12,2.0230566888801884,50.48211478744968,104213.30713866999,0.0,0.99961919885821671,0.66945913820142267,4.5313176650916125,-4.9260732568281629,0.00038080114178321961,3.8681976187957585,-325.53731937645927,49.517885212550468,0.0047476977274744725,104213.30713866999,353.74685863784333,0.99961919885821671,-281.24658433456972,0.33054086179857739,0.66945913820142267,104213.30713866999,0.0055683366363534241,4.4172894839918371,371.53866725023096,50.482114787449504
